fhis_code,descripcion,unidad,capitulo,capitulo_nombre,subcapitulo,inhabilitada,fuente,anio
F011001,"CHAPEO Y LIMPIEZA, PARA EDI (INC/ACA HASTA 20 MTS)",M2,F01,"Limpieza, demolicion, trazado y movimiento de tierra menor",F011,0,FHIS Manual de Rendimientos 2003-11 (Cred. BM 3443-HO),2003
F011002,LIMPIEZA DE CUNETAS 0.4 DE PROFUND. Y 0.4 DE ANCH,M.L.,F01,"Limpieza, demolicion, trazado y movimiento de tierra menor",F011,0,FHIS Manual de Rendimientos 2003-11 (Cred. BM 3443-HO),2003
F011003,LIMPIEZA DE CAUCE DE QUEBRADA,M2,F01,"Limpieza, demolicion, trazado y movimiento de tierra menor",F011,0,FHIS Manual de Rendimientos 2003-11 (Cred. BM 3443-HO),2003
F011004,LIMPIEZA DE CALLES (INCLUYE ACARREO HASTA 20 MTS.),M2,F01,"Limpieza, demolicion, trazado y movimiento de tierra menor",F011,0,FHIS Manual de Rendimientos 2003-11 (Cred. BM 3443-HO),2003
F011005,LIMPIEZA DE PAREDES CON CEPILLO DE ALAMBRE,M2,F01,"Limpieza, demolicion, trazado y movimiento de tierra menor",F011,0,FHIS Manual de Rendimientos 2003-11 (Cred. BM 3443-HO),2003
F011006,LIMPIEZA DE POZO,UNID,F01,"Limpieza, demolicion, trazado y movimiento de tierra menor",F011,0,FHIS Manual de Rendimientos 2003-11 (Cred. BM 3443-HO),2003
F011007,LIMPIEZA DE TERRENO CON TRACTOR,M2,F01,"Limpieza, demolicion, trazado y movimiento de tierra menor",F011,0,FHIS Manual de Rendimientos 2003-11 (Cred. BM 3443-HO),2003
F011009,"LIMPIEZA DE TUBERIA DE 24""",M.L.,F01,"Limpieza, demolicion, trazado y movimiento de tierra menor",F011,0,FHIS Manual de Rendimientos 2003-11 (Cred. BM 3443-HO),2003
F011010,"LIMPIEZA DE TUBERIA DE 8""",M.L.,F01,"Limpieza, demolicion, trazado y movimiento de tierra menor",F011,0,FHIS Manual de Rendimientos 2003-11 (Cred. BM 3443-HO),2003
F011011,LIMPIEZA FINAL DE AREAS EXTERIORES,DIA,F01,"Limpieza, demolicion, trazado y movimiento de tierra menor",F011,0,FHIS Manual de Rendimientos 2003-11 (Cred. BM 3443-HO),2003
F011012,LIMPIEZA FINAL DE AREAS INTERIORES,M2,F01,"Limpieza, demolicion, trazado y movimiento de tierra menor",F011,0,FHIS Manual de Rendimientos 2003-11 (Cred. BM 3443-HO),2003
F011013,LIMPIEZA FINAL DEL AREA EN PUENTES,DIA,F01,"Limpieza, demolicion, trazado y movimiento de tierra menor",F011,0,FHIS Manual de Rendimientos 2003-11 (Cred. BM 3443-HO),2003
F011014,LIMPIEZA GENERAL DEL TERRENO,DIA,F01,"Limpieza, demolicion, trazado y movimiento de tierra menor",F011,0,FHIS Manual de Rendimientos 2003-11 (Cred. BM 3443-HO),2003
F011015,REMOCION DE PINTURA EN PAREDES,M2,F01,"Limpieza, demolicion, trazado y movimiento de tierra menor",F011,0,FHIS Manual de Rendimientos 2003-11 (Cred. BM 3443-HO),2003
F011016,"REMOCION DE TUBERIA PVC 1/2"" a 4""",M.L.,F01,"Limpieza, demolicion, trazado y movimiento de tierra menor",F011,0,FHIS Manual de Rendimientos 2003-11 (Cred. BM 3443-HO),2003
F011017,REMOCION DE CAPA VEGETAL,M3,F01,"Limpieza, demolicion, trazado y movimiento de tierra menor",F011,0,FHIS Manual de Rendimientos 2003-11 (Cred. BM 3443-HO),2003
F011018,LIMPIEZA DE DERECHO DE VIA CON MANO DE OBRA,KM,F01,"Limpieza, demolicion, trazado y movimiento de tierra menor",F011,0,FHIS Manual de Rendimientos 2003-11 (Cred. BM 3443-HO),2003
F012001,DEMOLICION DE PAVIMENTO HIDRAULICO (NO INCL. BASE,M3,F01,"Limpieza, demolicion, trazado y movimiento de tierra menor",F012,0,FHIS Manual de Rendimientos 2003-11 (Cred. BM 3443-HO),2003
F012002,DEMOLICION DE CERCO DE MALLA SOBRECIMIENTO 40 CMS,M.L.,F01,"Limpieza, demolicion, trazado y movimiento de tierra menor",F012,0,FHIS Manual de Rendimientos 2003-11 (Cred. BM 3443-HO),2003
F012003,DEMOLICION CIELO FALSO(INCL. ACARREO)(INHABILITADA,M2,F01,"Limpieza, demolicion, trazado y movimiento de tierra menor",F012,1,FHIS Manual de Rendimientos 2003-11 (Cred. BM 3443-HO),2003
F012004,DEMOLICION DE ELEM.CONCRETO 0.10-0.25 M ANCHO / ML,M.L.,F01,"Limpieza, demolicion, trazado y movimiento de tierra menor",F012,0,FHIS Manual de Rendimientos 2003-11 (Cred. BM 3443-HO),2003
F012005,DEMOLICION DE ELEMENTOS DE CONCRETO/ MAMPOSTERIA,M3,F01,"Limpieza, demolicion, trazado y movimiento de tierra menor",F012,0,FHIS Manual de Rendimientos 2003-11 (Cred. BM 3443-HO),2003
F012006,DEMOLICION DE PARED MADERA / PANELIT,M2,F01,"Limpieza, demolicion, trazado y movimiento de tierra menor",F012,0,FHIS Manual de Rendimientos 2003-11 (Cred. BM 3443-HO),2003
F012007,DEMOLICION DE PARED (BLOQUE/LADRILLO/ADOBE),M2,F01,"Limpieza, demolicion, trazado y movimiento de tierra menor",F012,0,FHIS Manual de Rendimientos 2003-11 (Cred. BM 3443-HO),2003
F012008,DEMOLICION DE PAVIMENTO ASFALTICO (NO INCLUYE BASE,M2,F01,"Limpieza, demolicion, trazado y movimiento de tierra menor",F012,0,FHIS Manual de Rendimientos 2003-11 (Cred. BM 3443-HO),2003
F012009,DEMOLICION DE PISO DE CONCRETO (8 – 10 CM.),M2,F01,"Limpieza, demolicion, trazado y movimiento de tierra menor",F012,0,FHIS Manual de Rendimientos 2003-11 (Cred. BM 3443-HO),2003
F012010,DEMOLICION DE PISO MOSAICO,M2,F01,"Limpieza, demolicion, trazado y movimiento de tierra menor",F012,0,FHIS Manual de Rendimientos 2003-11 (Cred. BM 3443-HO),2003
F012011,DEMOLICION DE PIZARRON,M2,F01,"Limpieza, demolicion, trazado y movimiento de tierra menor",F012,0,FHIS Manual de Rendimientos 2003-11 (Cred. BM 3443-HO),2003
F012012,DEMOLICION DE REPELLO Y PULIDO,M2,F01,"Limpieza, demolicion, trazado y movimiento de tierra menor",F012,0,FHIS Manual de Rendimientos 2003-11 (Cred. BM 3443-HO),2003
F012013,DEMOLICION DE REVOCOS (SIN ACARREO),M2,F01,"Limpieza, demolicion, trazado y movimiento de tierra menor",F012,0,FHIS Manual de Rendimientos 2003-11 (Cred. BM 3443-HO),2003
F012014,DEMOLICION DE REVOCOS Y ENFOSCADOS E=0.10 MTS.,M2,F01,"Limpieza, demolicion, trazado y movimiento de tierra menor",F012,0,FHIS Manual de Rendimientos 2003-11 (Cred. BM 3443-HO),2003
F012015,DEMOLICION TECHO MADERA/INCL CIELO FAL.(INHABILIT),M2,F01,"Limpieza, demolicion, trazado y movimiento de tierra menor",F012,0,FHIS Manual de Rendimientos 2003-11 (Cred. BM 3443-HO),2003
F012016,DEMOLICION GENERAL,DIA,F01,"Limpieza, demolicion, trazado y movimiento de tierra menor",F012,0,FHIS Manual de Rendimientos 2003-11 (Cred. BM 3443-HO),2003
F012017,DESMONTAJE DE MALLA CICLON,ML,F01,"Limpieza, demolicion, trazado y movimiento de tierra menor",F012,0,FHIS Manual de Rendimientos 2003-11 (Cred. BM 3443-HO),2003
F012018,DESMONTAJE DE ADOQUINADO,M2.,F01,"Limpieza, demolicion, trazado y movimiento de tierra menor",F012,0,FHIS Manual de Rendimientos 2003-11 (Cred. BM 3443-HO),2003
F012019,DESMONTAJE DE BALCON,UND,F01,"Limpieza, demolicion, trazado y movimiento de tierra menor",F012,0,FHIS Manual de Rendimientos 2003-11 (Cred. BM 3443-HO),2003
F012020,"DESMONTAJE DE CANAL A. LL. PVC (INCL. BAJANTE 3"")",M.L.,F01,"Limpieza, demolicion, trazado y movimiento de tierra menor",F012,0,FHIS Manual de Rendimientos 2003-11 (Cred. BM 3443-HO),2003
F012021,DESMONTAJE DE CANALETA,UNID,F01,"Limpieza, demolicion, trazado y movimiento de tierra menor",F012,0,FHIS Manual de Rendimientos 2003-11 (Cred. BM 3443-HO),2003
F012022,DESMONTAJE DE CAPOTE (INHABILITADA),M.L.,F01,"Limpieza, demolicion, trazado y movimiento de tierra menor",F012,1,FHIS Manual de Rendimientos 2003-11 (Cred. BM 3443-HO),2003
F012023,DESMONTAJE DE CERCHAS (VIGAS DE TECHO),UNID,F01,"Limpieza, demolicion, trazado y movimiento de tierra menor",F012,0,FHIS Manual de Rendimientos 2003-11 (Cred. BM 3443-HO),2003
F012024,DESMONTAJE DE CERCO DE ALAMBRE DE PUAS,ML,F01,"Limpieza, demolicion, trazado y movimiento de tierra menor",F012,0,FHIS Manual de Rendimientos 2003-11 (Cred. BM 3443-HO),2003
F012025,DESMONTAJE DE CONTRAMARCOS,UNID,F01,"Limpieza, demolicion, trazado y movimiento de tierra menor",F012,0,FHIS Manual de Rendimientos 2003-11 (Cred. BM 3443-HO),2003
F012026,DESMONTAJE DE INODOROS/LAVAMANOS/URINARIO,UNID,F01,"Limpieza, demolicion, trazado y movimiento de tierra menor",F012,0,FHIS Manual de Rendimientos 2003-11 (Cred. BM 3443-HO),2003
F012027,DESMONTAJE DE LAM. TECHO(ESTR. EXIS)(INHABILITADA),M2,F01,"Limpieza, demolicion, trazado y movimiento de tierra menor",F012,1,FHIS Manual de Rendimientos 2003-11 (Cred. BM 3443-HO),2003
F012028,DESMONTAJE DE MALLA EN VENTANA,M2,F01,"Limpieza, demolicion, trazado y movimiento de tierra menor",F012,0,FHIS Manual de Rendimientos 2003-11 (Cred. BM 3443-HO),2003
F012029,DESMONTAJE DE PARED DE PANELIT / TABLA YESO,M2,F01,"Limpieza, demolicion, trazado y movimiento de tierra menor",F012,0,FHIS Manual de Rendimientos 2003-11 (Cred. BM 3443-HO),2003
F012030,DESMONTAJE DE PAREDES MOVIBLES,M2,F01,"Limpieza, demolicion, trazado y movimiento de tierra menor",F012,0,FHIS Manual de Rendimientos 2003-11 (Cred. BM 3443-HO),2003
F012031,DESMONTAJE DE PERLINES,UNID,F01,"Limpieza, demolicion, trazado y movimiento de tierra menor",F012,0,FHIS Manual de Rendimientos 2003-11 (Cred. BM 3443-HO),2003
F012033,DESMONTAJE DE PORTON DE lAMINA/TUBO INDUSTRIAL,M2,F01,"Limpieza, demolicion, trazado y movimiento de tierra menor",F012,0,FHIS Manual de Rendimientos 2003-11 (Cred. BM 3443-HO),2003
F012034,DESMONTAJE DE PUERTAS INCLUYE CONTRAMARCO,UNID,F01,"Limpieza, demolicion, trazado y movimiento de tierra menor",F012,0,FHIS Manual de Rendimientos 2003-11 (Cred. BM 3443-HO),2003
F012035,DESMONTAJE DE REGADERAS/LLAVES DE AGUA POTABLE,UNID,F01,"Limpieza, demolicion, trazado y movimiento de tierra menor",F012,0,FHIS Manual de Rendimientos 2003-11 (Cred. BM 3443-HO),2003
F012036,DESMONTAJE DE SERPENTINA,M.L.,F01,"Limpieza, demolicion, trazado y movimiento de tierra menor",F012,0,FHIS Manual de Rendimientos 2003-11 (Cred. BM 3443-HO),2003
F012037,DESMONTAJE DE TIJERA,UNIDA,F01,"Limpieza, demolicion, trazado y movimiento de tierra menor",F012,0,FHIS Manual de Rendimientos 2003-11 (Cred. BM 3443-HO),2003
F012038,DESMONTAJE DE VENTANAS,M2,F01,"Limpieza, demolicion, trazado y movimiento de tierra menor",F012,0,FHIS Manual de Rendimientos 2003-11 (Cred. BM 3443-HO),2003
F012039,"DESMONTAJE INST. ELECTR. (LAMP.,VENT.,TOMA E INT)",DIA,F01,"Limpieza, demolicion, trazado y movimiento de tierra menor",F012,0,FHIS Manual de Rendimientos 2003-11 (Cred. BM 3443-HO),2003
F012040,DESMONTAJE MADERA PARA CIELO EN ALEROS,M2,F01,"Limpieza, demolicion, trazado y movimiento de tierra menor",F012,0,FHIS Manual de Rendimientos 2003-11 (Cred. BM 3443-HO),2003
F012041,"DESMONTAR,BAJAR Y APERCHAR TEJA",M2,F01,"Limpieza, demolicion, trazado y movimiento de tierra menor",F012,0,FHIS Manual de Rendimientos 2003-11 (Cred. BM 3443-HO),2003
F012042,PICADO DE LADRILLO MOSAICO,M2,F01,"Limpieza, demolicion, trazado y movimiento de tierra menor",F012,0,FHIS Manual de Rendimientos 2003-11 (Cred. BM 3443-HO),2003
F012043,PICADO DE LOSA DE CONCRETO,M2,F01,"Limpieza, demolicion, trazado y movimiento de tierra menor",F012,0,FHIS Manual de Rendimientos 2003-11 (Cred. BM 3443-HO),2003
F012044,RANURAS EN PAREDES PARA INSTALACIONES ELECTRICAS,M.L.,F01,"Limpieza, demolicion, trazado y movimiento de tierra menor",F012,0,FHIS Manual de Rendimientos 2003-11 (Cred. BM 3443-HO),2003
F012045,REMOCION DE CAPA VEGETAL (INCL. ACARREO 20 MTS.),M3,F01,"Limpieza, demolicion, trazado y movimiento de tierra menor",F012,0,FHIS Manual de Rendimientos 2003-11 (Cred. BM 3443-HO),2003
F012046,PICADO DE PARED (LADRILLO RAFON),M2,F01,"Limpieza, demolicion, trazado y movimiento de tierra menor",F012,0,FHIS Manual de Rendimientos 2003-11 (Cred. BM 3443-HO),2003
F012047,DEMOLICIONES Y ACARREO,GBL,F01,"Limpieza, demolicion, trazado y movimiento de tierra menor",F012,0,FHIS Manual de Rendimientos 2003-11 (Cred. BM 3443-HO),2003
F012048,DEMOLICION DE TECHO MADERA/LAM SS Y CIELO FALSO,M2,F01,"Limpieza, demolicion, trazado y movimiento de tierra menor",F012,0,FHIS Manual de Rendimientos 2003-11 (Cred. BM 3443-HO),2003
F012049,DESMONTAJE DE CAPOTE,ML,F01,"Limpieza, demolicion, trazado y movimiento de tierra menor",F012,0,FHIS Manual de Rendimientos 2003-11 (Cred. BM 3443-HO),2003
F012050,CORTADO DE CONCRETO,ML,F01,"Limpieza, demolicion, trazado y movimiento de tierra menor",F012,0,FHIS Manual de Rendimientos 2003-11 (Cred. BM 3443-HO),2003
F012051,MONTAJE DE BALCON,UND,F01,"Limpieza, demolicion, trazado y movimiento de tierra menor",F012,0,FHIS Manual de Rendimientos 2003-11 (Cred. BM 3443-HO),2003
F012052,DESMONTAJE DE GAVIONES EN MURO,M3,F01,"Limpieza, demolicion, trazado y movimiento de tierra menor",F012,0,FHIS Manual de Rendimientos 2003-11 (Cred. BM 3443-HO),2003
F012053,MONTAJE DE BALCON (INSTALACION),M2,F01,"Limpieza, demolicion, trazado y movimiento de tierra menor",F012,0,FHIS Manual de Rendimientos 2003-11 (Cred. BM 3443-HO),2003
F012054,DESMONTAJE DE LAMINA TECHO (ESTRUC. EXISTENTE),M2,F01,"Limpieza, demolicion, trazado y movimiento de tierra menor",F012,0,FHIS Manual de Rendimientos 2003-11 (Cred. BM 3443-HO),2003
F012055,DEMOLICION DE CIELO FALSO (INCL. ACARREO 20 MTS.),M2,F01,"Limpieza, demolicion, trazado y movimiento de tierra menor",F012,0,FHIS Manual de Rendimientos 2003-11 (Cred. BM 3443-HO),2003
F013001,TRAZADO CON TEODOLITO,M.L.,F01,"Limpieza, demolicion, trazado y movimiento de tierra menor",F013,0,FHIS Manual de Rendimientos 2003-11 (Cred. BM 3443-HO),2003
F013002,TRAZADO CON TEODOLITO POR DIA,JDR,F01,"Limpieza, demolicion, trazado y movimiento de tierra menor",F013,0,FHIS Manual de Rendimientos 2003-11 (Cred. BM 3443-HO),2003
F013003,TRAZADO Y MARCADO,M.L.,F01,"Limpieza, demolicion, trazado y movimiento de tierra menor",F013,0,FHIS Manual de Rendimientos 2003-11 (Cred. BM 3443-HO),2003
F013004,TRAZADO Y MARCADO CON NIVEL,M.L.,F01,"Limpieza, demolicion, trazado y movimiento de tierra menor",F013,0,FHIS Manual de Rendimientos 2003-11 (Cred. BM 3443-HO),2003
F013006,TRAZADO Y MARCADO DE CALLE,ML,F01,"Limpieza, demolicion, trazado y movimiento de tierra menor",F013,0,FHIS Manual de Rendimientos 2003-11 (Cred. BM 3443-HO),2003
F013007,TRAZADO Y MARCADO PARA CERCO PERIMETRAL,UND,F01,"Limpieza, demolicion, trazado y movimiento de tierra menor",F013,0,FHIS Manual de Rendimientos 2003-11 (Cred. BM 3443-HO),2003
F014001,CORTE Y CONFORMACION A MANO,M3,F01,"Limpieza, demolicion, trazado y movimiento de tierra menor",F014,0,FHIS Manual de Rendimientos 2003-11 (Cred. BM 3443-HO),2003
F014002,EXCAVACION ESTRUCTURAL,M3,F01,"Limpieza, demolicion, trazado y movimiento de tierra menor",F014,0,FHIS Manual de Rendimientos 2003-11 (Cred. BM 3443-HO),2003
F014003,EXCAVACION CANAL,M3,F01,"Limpieza, demolicion, trazado y movimiento de tierra menor",F014,0,FHIS Manual de Rendimientos 2003-11 (Cred. BM 3443-HO),2003
F014004,EXCAVACION DE MATERIAL NO CLASIFICADO,M3,F01,"Limpieza, demolicion, trazado y movimiento de tierra menor",F014,0,FHIS Manual de Rendimientos 2003-11 (Cred. BM 3443-HO),2003
F014005,EXCAVACION MATERIAL TIPO I (MATERIAL COMUN),M3,F01,"Limpieza, demolicion, trazado y movimiento de tierra menor",F014,0,FHIS Manual de Rendimientos 2003-11 (Cred. BM 3443-HO),2003
F014006,EXCAVACION MATERIAL TIPO II (SEMI-DURO),M3,F01,"Limpieza, demolicion, trazado y movimiento de tierra menor",F014,0,FHIS Manual de Rendimientos 2003-11 (Cred. BM 3443-HO),2003
F014007,"EXCAVACION MATERIAL TIPO III (ROCA, SUELTA)",M3,F01,"Limpieza, demolicion, trazado y movimiento de tierra menor",F014,0,FHIS Manual de Rendimientos 2003-11 (Cred. BM 3443-HO),2003
F014008,EXCAVACION MATERIAL TIPO III (CON COMPRESOR),M3,F01,"Limpieza, demolicion, trazado y movimiento de tierra menor",F014,0,FHIS Manual de Rendimientos 2003-11 (Cred. BM 3443-HO),2003
F014009,EXPLANACION DEL TERRENO,M3,F01,"Limpieza, demolicion, trazado y movimiento de tierra menor",F014,0,FHIS Manual de Rendimientos 2003-11 (Cred. BM 3443-HO),2003
F014010,EXPLANACION,GLB,F01,"Limpieza, demolicion, trazado y movimiento de tierra menor",F014,0,FHIS Manual de Rendimientos 2003-11 (Cred. BM 3443-HO),2003
F014011,EXCAVACION CON TRACTOR Y ACARREO MATERIAL,M3,F01,"Limpieza, demolicion, trazado y movimiento de tierra menor",F014,0,FHIS Manual de Rendimientos 2003-11 (Cred. BM 3443-HO),2003
F015001,FILTRO DE PIEDRA,M3,F01,"Limpieza, demolicion, trazado y movimiento de tierra menor",F015,0,FHIS Manual de Rendimientos 2003-11 (Cred. BM 3443-HO),2003
F015002,"RELL CAPAS MAT.FILTRAN.(GRA 3/4"" A 1-1/2"")E=15 CM.",M3,F01,"Limpieza, demolicion, trazado y movimiento de tierra menor",F015,0,FHIS Manual de Rendimientos 2003-11 (Cred. BM 3443-HO),2003
F015003,RELLENO COMP. CON MATERIAL SELECTO (INC. ACARREO),M3,F01,"Limpieza, demolicion, trazado y movimiento de tierra menor",F015,0,FHIS Manual de Rendimientos 2003-11 (Cred. BM 3443-HO),2003
F015004,RELLENO COMP. MATERIAL CERNIDO DEL SITIO,M3,F01,"Limpieza, demolicion, trazado y movimiento de tierra menor",F015,0,FHIS Manual de Rendimientos 2003-11 (Cred. BM 3443-HO),2003
F015005,RELLENO COMPACTO CON MATERIAL DEL SITIO,M3,F01,"Limpieza, demolicion, trazado y movimiento de tierra menor",F015,0,FHIS Manual de Rendimientos 2003-11 (Cred. BM 3443-HO),2003
F015006,RELLENO CON CAPAS DE ARENA E= 15 CM. C/CAPA,M3,F01,"Limpieza, demolicion, trazado y movimiento de tierra menor",F015,0,FHIS Manual de Rendimientos 2003-11 (Cred. BM 3443-HO),2003
F015007,RELLENO CON MATERIAL DEL SITIO CON COMP. DE PLATO,M3,F01,"Limpieza, demolicion, trazado y movimiento de tierra menor",F015,0,FHIS Manual de Rendimientos 2003-11 (Cred. BM 3443-HO),2003
F015008,RELLENO MATERIAL DE TERRACERIA,M3,F01,"Limpieza, demolicion, trazado y movimiento de tierra menor",F015,0,FHIS Manual de Rendimientos 2003-11 (Cred. BM 3443-HO),2003
F015009,RELLENO MATERIAL SELECTO /COMPAC. DE PLATO,M3,F01,"Limpieza, demolicion, trazado y movimiento de tierra menor",F015,0,FHIS Manual de Rendimientos 2003-11 (Cred. BM 3443-HO),2003
F015010,RELLENO CON TIERRA VEGETAL,M3,F01,"Limpieza, demolicion, trazado y movimiento de tierra menor",F015,0,FHIS Manual de Rendimientos 2003-11 (Cred. BM 3443-HO),2003
F015011,"LECHO FILTRANTE CON GRAVA DE 3/4""",M3,F01,"Limpieza, demolicion, trazado y movimiento de tierra menor",F015,0,FHIS Manual de Rendimientos 2003-11 (Cred. BM 3443-HO),2003
F015012,"LECHO FILTRANTE CON GRAVA DE 1/2""(INHABILITADA)",M3,F01,"Limpieza, demolicion, trazado y movimiento de tierra menor",F015,1,FHIS Manual de Rendimientos 2003-11 (Cred. BM 3443-HO),2003
F015013,"LECHO FILTRANTE CON GRAVA DE 1/4"" (INHABILITADA)",M3,F01,"Limpieza, demolicion, trazado y movimiento de tierra menor",F015,1,FHIS Manual de Rendimientos 2003-11 (Cred. BM 3443-HO),2003
F015014,"LECHO FILTRANTE CON GRAVA DE 1/8"" (INHABILITADA)",M3,F01,"Limpieza, demolicion, trazado y movimiento de tierra menor",F015,1,FHIS Manual de Rendimientos 2003-11 (Cred. BM 3443-HO),2003
F015015,LECHO FILTRANTE DE ARENA FINA,M3,F01,"Limpieza, demolicion, trazado y movimiento de tierra menor",F015,0,FHIS Manual de Rendimientos 2003-11 (Cred. BM 3443-HO),2003
F015016,LECHO FILTRANTE DE ARENA GRUESA,M3,F01,"Limpieza, demolicion, trazado y movimiento de tierra menor",F015,0,FHIS Manual de Rendimientos 2003-11 (Cred. BM 3443-HO),2003
F015017,"LECHO FILTRANTE CON GRAVA DE 1/2"" – 1""",M3,F01,"Limpieza, demolicion, trazado y movimiento de tierra menor",F015,0,FHIS Manual de Rendimientos 2003-11 (Cred. BM 3443-HO),2003
F015018,"LECHO FILTRANTE CON GRAVA DE 1/4"" – 1/2""",M3,F01,"Limpieza, demolicion, trazado y movimiento de tierra menor",F015,0,FHIS Manual de Rendimientos 2003-11 (Cred. BM 3443-HO),2003
F015019,"LECHO FILTRANTE CON GRAVA DE 1/8"" – 1/4""",M3,F01,"Limpieza, demolicion, trazado y movimiento de tierra menor",F015,0,FHIS Manual de Rendimientos 2003-11 (Cred. BM 3443-HO),2003
F016001,ACARREO DE MATERIAL (DESPERDICIO),M3,F01,"Limpieza, demolicion, trazado y movimiento de tierra menor",F016,0,FHIS Manual de Rendimientos 2003-11 (Cred. BM 3443-HO),2003
F016002,ACARREO DE MATERIAL (SIN VOLQUETA),M3,F01,"Limpieza, demolicion, trazado y movimiento de tierra menor",F016,0,FHIS Manual de Rendimientos 2003-11 (Cred. BM 3443-HO),2003
F016003,ACARREO DE MATERIAL (PERSONA),GLB,F01,"Limpieza, demolicion, trazado y movimiento de tierra menor",F016,0,FHIS Manual de Rendimientos 2003-11 (Cred. BM 3443-HO),2003
F016004,ACARREO DE MATERIAL (BESTIA),GLB,F01,"Limpieza, demolicion, trazado y movimiento de tierra menor",F016,0,FHIS Manual de Rendimientos 2003-11 (Cred. BM 3443-HO),2003
F016005,ACARREO,GLB,F01,"Limpieza, demolicion, trazado y movimiento de tierra menor",F016,0,FHIS Manual de Rendimientos 2003-11 (Cred. BM 3443-HO),2003
F016006,ACARREO DE MATERIAL SELECTO,M3-KM,F01,"Limpieza, demolicion, trazado y movimiento de tierra menor",F016,0,FHIS Manual de Rendimientos 2003-11 (Cred. BM 3443-HO),2003
F016007,ACARREO DE AGUA,GL-KM,F01,"Limpieza, demolicion, trazado y movimiento de tierra menor",F016,0,FHIS Manual de Rendimientos 2003-11 (Cred. BM 3443-HO),2003
F021001,CIMENTACION MAMPOSTERIA CON 5 CM. DE CAMA ARENA,M3,F02,"Cimentacion (mamposteria, zapatas, pedestales, dados)",F021,0,FHIS Manual de Rendimientos 2003-11 (Cred. BM 3443-HO),2003
F021002,ENCHAPE DE MAMPOSTERIA 50 CM DE ESPESOR,M2,F02,"Cimentacion (mamposteria, zapatas, pedestales, dados)",F021,0,FHIS Manual de Rendimientos 2003-11 (Cred. BM 3443-HO),2003
F021003,MAMPOSTERIA EN GRADAS,M3,F02,"Cimentacion (mamposteria, zapatas, pedestales, dados)",F021,0,FHIS Manual de Rendimientos 2003-11 (Cred. BM 3443-HO),2003
F021004,MURO CON GAVIONES,M3.,F02,"Cimentacion (mamposteria, zapatas, pedestales, dados)",F021,0,FHIS Manual de Rendimientos 2003-11 (Cred. BM 3443-HO),2003
F021005,MURO DE MAMPOSTERIA,M3,F02,"Cimentacion (mamposteria, zapatas, pedestales, dados)",F021,0,FHIS Manual de Rendimientos 2003-11 (Cred. BM 3443-HO),2003
F021006,MURO DE PIEDRA ACOMODADA ( EN SECO),M3,F02,"Cimentacion (mamposteria, zapatas, pedestales, dados)",F021,0,FHIS Manual de Rendimientos 2003-11 (Cred. BM 3443-HO),2003
F021007,MURO DE PIEDRA TALLADA,M2,F02,"Cimentacion (mamposteria, zapatas, pedestales, dados)",F021,0,FHIS Manual de Rendimientos 2003-11 (Cred. BM 3443-HO),2003
F021008,PROTECCION CON PIEDRA SUELTA (RIP-RAP O ESCOLLERA),M3,F02,"Cimentacion (mamposteria, zapatas, pedestales, dados)",F021,0,FHIS Manual de Rendimientos 2003-11 (Cred. BM 3443-HO),2003
F021009,SOBRECIMIENTO DE MAMPOSTERIA,M3,F02,"Cimentacion (mamposteria, zapatas, pedestales, dados)",F021,0,FHIS Manual de Rendimientos 2003-11 (Cred. BM 3443-HO),2003
F021010,"CIMENTACION MAMPOSTERIA,CAMA ARENA e=5cm,MORT 1:5",M3,F02,"Cimentacion (mamposteria, zapatas, pedestales, dados)",F021,0,FHIS Manual de Rendimientos 2003-11 (Cred. BM 3443-HO),2003
F021011,MAMPOSTERIA DE PIEDRA-BARRO,M3,F02,"Cimentacion (mamposteria, zapatas, pedestales, dados)",F021,0,FHIS Manual de Rendimientos 2003-11 (Cred. BM 3443-HO),2003
F021012,"MAMPOSTERIA 60% PIEDRA(6""), 40% MORTERO 1:3",M3,F02,"Cimentacion (mamposteria, zapatas, pedestales, dados)",F021,0,FHIS Manual de Rendimientos 2003-11 (Cred. BM 3443-HO),2003
F021013,CIMENTACION DE BLOQUE SIMPLE DE 15cm,M2,F02,"Cimentacion (mamposteria, zapatas, pedestales, dados)",F021,0,FHIS Manual de Rendimientos 2003-11 (Cred. BM 3443-HO),2003
F021014,ESTRUCTURA DE MAMPOSTERIA,M3,F02,"Cimentacion (mamposteria, zapatas, pedestales, dados)",F021,0,FHIS Manual de Rendimientos 2003-11 (Cred. BM 3443-HO),2003
F021015,"CIMENTACION DE MAMPOSTERIA, MORTERO 1:5",M3,F02,"Cimentacion (mamposteria, zapatas, pedestales, dados)",F021,0,FHIS Manual de Rendimientos 2003-11 (Cred. BM 3443-HO),2003
F021016,"CIMENTACION MAMPOSTERIA, MORTERO 1:4",M3,F02,"Cimentacion (mamposteria, zapatas, pedestales, dados)",F021,0,FHIS Manual de Rendimientos 2003-11 (Cred. BM 3443-HO),2003
F021017,"CIMENTACION DE BLOQUE DE 15cm RELLENO,(1HILADA)",ML,F02,"Cimentacion (mamposteria, zapatas, pedestales, dados)",F021,0,FHIS Manual de Rendimientos 2003-11 (Cred. BM 3443-HO),2003
F022001,"SOBRE BLOQ DE 8"" CONCRETO 1 VARILLA # 4, C/AGUJERO",M2,F02,"Cimentacion (mamposteria, zapatas, pedestales, dados)",F022,0,FHIS Manual de Rendimientos 2003-11 (Cred. BM 3443-HO),2003
F022002,"SOBRE BLOQ DE 8""CONC/2 #3, C/AGUJE,# 3 C/2 HILADAS",M2,F02,"Cimentacion (mamposteria, zapatas, pedestales, dados)",F022,0,FHIS Manual de Rendimientos 2003-11 (Cred. BM 3443-HO),2003
F022003,"SOBRE. BLOQ. 8"" CONC. 2 Nº4 C/ AGUJ. Nº 4 C/2 HIL",M2,F02,"Cimentacion (mamposteria, zapatas, pedestales, dados)",F022,0,FHIS Manual de Rendimientos 2003-11 (Cred. BM 3443-HO),2003
F022004,"SOBRECIMIENTO BLOQUE 8"" RELLENO, VAR. No.5 C/AGUJ.",M2,F02,"Cimentacion (mamposteria, zapatas, pedestales, dados)",F022,0,FHIS Manual de Rendimientos 2003-11 (Cred. BM 3443-HO),2003
F022005,SOBRECIMIENTO DE BLOQUE 15 CONCRETO/ V= 1Nº 3 @ 20,M2,F02,"Cimentacion (mamposteria, zapatas, pedestales, dados)",F022,0,FHIS Manual de Rendimientos 2003-11 (Cred. BM 3443-HO),2003
F022006,SOBRECIMIENTO DE BLOQUE 15 RELLENO CONC. M2,M2,F02,"Cimentacion (mamposteria, zapatas, pedestales, dados)",F022,0,FHIS Manual de Rendimientos 2003-11 (Cred. BM 3443-HO),2003
F022007,SOBRECIMIENTO DE BLOQUE SIMPLE,M2,F02,"Cimentacion (mamposteria, zapatas, pedestales, dados)",F022,0,FHIS Manual de Rendimientos 2003-11 (Cred. BM 3443-HO),2003
F022008,"SOBRECIM BLOQUE 8"" REF 1#3 VERT. A 20# 3 1#3 C/HIL",M2,F02,"Cimentacion (mamposteria, zapatas, pedestales, dados)",F022,0,FHIS Manual de Rendimientos 2003-11 (Cred. BM 3443-HO),2003
F023001,"ZAPATA CORRIDA 0.40, e=0.20 , 3 Nº3, Nº 3 @ 20 cms",M.L.,F02,"Cimentacion (mamposteria, zapatas, pedestales, dados)",F023,0,FHIS Manual de Rendimientos 2003-11 (Cred. BM 3443-HO),2003
F023002,"ZAPATA CORRIDA 0.40, e=0.20 , 3 Nº3, Nº 3 @ 30 cms",M.L.,F02,"Cimentacion (mamposteria, zapatas, pedestales, dados)",F023,0,FHIS Manual de Rendimientos 2003-11 (Cred. BM 3443-HO),2003
F023003,"ZAPATA CORRIDA 0.50, e=0.20 , 3 Nº3, Nº 3 @ 20 cms",M.L.,F02,"Cimentacion (mamposteria, zapatas, pedestales, dados)",F023,0,FHIS Manual de Rendimientos 2003-11 (Cred. BM 3443-HO),2003
F023004,"ZAPATA CORRIDA 0.50, e=0.20 , 4 Nº3, Nº 3 @ 30 cms",M.L.,F02,"Cimentacion (mamposteria, zapatas, pedestales, dados)",F023,0,FHIS Manual de Rendimientos 2003-11 (Cred. BM 3443-HO),2003
F023005,"ZAPATA CORRIDA 0.60, e=0.15 , 4 Nº3, Nº 3 @ 20 cms",M.L.,F02,"Cimentacion (mamposteria, zapatas, pedestales, dados)",F023,0,FHIS Manual de Rendimientos 2003-11 (Cred. BM 3443-HO),2003
F023006,"ZAPATA CORRIDA 0.60, e=0.20 , 4 Nº3, Nº4 @ 25 cms",ML,F02,"Cimentacion (mamposteria, zapatas, pedestales, dados)",F023,0,FHIS Manual de Rendimientos 2003-11 (Cred. BM 3443-HO),2003
F023007,"ZAPATA CORRIDA 0.60, e=0.25 , 4 Nº3, Nº 4 @ 25 cms",M.L.,F02,"Cimentacion (mamposteria, zapatas, pedestales, dados)",F023,0,FHIS Manual de Rendimientos 2003-11 (Cred. BM 3443-HO),2003
F023008,"ZAPATA CORRIDA 0.60, e=0.30 , 4 Nº6, Nº 6 @ 15 cms",M.L.,F02,"Cimentacion (mamposteria, zapatas, pedestales, dados)",F023,0,FHIS Manual de Rendimientos 2003-11 (Cred. BM 3443-HO),2003
F023009,"ZAPATA CORRIDA 0.80, e=0.20 , 4 Nº4, Nº 4 @ 20 cms",M.L.,F02,"Cimentacion (mamposteria, zapatas, pedestales, dados)",F023,0,FHIS Manual de Rendimientos 2003-11 (Cred. BM 3443-HO),2003
F023010,"ZAPATA CORRIDA 0.80, e=0.20 , 6 Nº3, Nº 3 @ 15 cms",ML,F02,"Cimentacion (mamposteria, zapatas, pedestales, dados)",F023,0,FHIS Manual de Rendimientos 2003-11 (Cred. BM 3443-HO),2003
F023011,"ZAPATA CORRIDA 0.90, e=0.20 , 10 #3, #3 @ 10 cms",M.L.,F02,"Cimentacion (mamposteria, zapatas, pedestales, dados)",F023,0,FHIS Manual de Rendimientos 2003-11 (Cred. BM 3443-HO),2003
F023012,"ZAPATA CORRIDA 1.5, e=0.15 , 6 Nº3, Nº 3 @ 30 cms",M.L.,F02,"Cimentacion (mamposteria, zapatas, pedestales, dados)",F023,0,FHIS Manual de Rendimientos 2003-11 (Cred. BM 3443-HO),2003
F023013,"ZAPATA CORRIDA 1.5, e=0.25 , 12 Nº3, Nº 3 @ 25 cms",M.L.,F02,"Cimentacion (mamposteria, zapatas, pedestales, dados)",F023,0,FHIS Manual de Rendimientos 2003-11 (Cred. BM 3443-HO),2003
F023014,"ZAPATA CORRIDA 2.00m,e=0.30m, No. 5 @ 20cm A.S.",ML,F02,"Cimentacion (mamposteria, zapatas, pedestales, dados)",F023,0,FHIS Manual de Rendimientos 2003-11 (Cred. BM 3443-HO),2003
F023015,ZAPATA CORRIDA 60 X 20 CM 4#3 Y #3 A 20 CM.,ML,F02,"Cimentacion (mamposteria, zapatas, pedestales, dados)",F023,0,FHIS Manual de Rendimientos 2003-11 (Cred. BM 3443-HO),2003
F023016,"ZAPATA CORRIDA 60cm,e=20cm,4#3, #3@15cm,CONC 1:2:2",ML,F02,"Cimentacion (mamposteria, zapatas, pedestales, dados)",F023,0,FHIS Manual de Rendimientos 2003-11 (Cred. BM 3443-HO),2003
F023017,"ZAPATA CORRIDA 0.80, e= 20cms, 4#3, #3 @ 25 cms.",ML,F02,"Cimentacion (mamposteria, zapatas, pedestales, dados)",F023,0,FHIS Manual de Rendimientos 2003-11 (Cred. BM 3443-HO),2003
F023018,"ZAPATA CORRIDA A=0.60, e=0.20 4#3 Y #3 A 0.25 M",ML,F02,"Cimentacion (mamposteria, zapatas, pedestales, dados)",F023,0,FHIS Manual de Rendimientos 2003-11 (Cred. BM 3443-HO),2003
F024001,"ZAPATA AISLADA 0.40 x 0.40, e=0.20 , 4 Nº4, a.s.",UNID,F02,"Cimentacion (mamposteria, zapatas, pedestales, dados)",F024,0,FHIS Manual de Rendimientos 2003-11 (Cred. BM 3443-HO),2003
F024002,"ZAPATA AISLADA 0.40 x 0.80, e=0.15 , 4 Nº4, a.s.",UNID,F02,"Cimentacion (mamposteria, zapatas, pedestales, dados)",F024,0,FHIS Manual de Rendimientos 2003-11 (Cred. BM 3443-HO),2003
F024003,"ZAPATA AISLADA 0.60 x 0.60, e=0.20 , 4 Nº3, a.s.",UNID,F02,"Cimentacion (mamposteria, zapatas, pedestales, dados)",F024,0,FHIS Manual de Rendimientos 2003-11 (Cred. BM 3443-HO),2003
F024004,"ZAPATA AISLADA 0.60 x 0.60, e=0.20 , 8 Nº4, a.s.",UNID,F02,"Cimentacion (mamposteria, zapatas, pedestales, dados)",F024,0,FHIS Manual de Rendimientos 2003-11 (Cred. BM 3443-HO),2003
F024005,"ZAPATA AISLADA 0.60 x 2.00, e=0.20 , 4 Nº4, 12 Nº4",UNID.,F02,"Cimentacion (mamposteria, zapatas, pedestales, dados)",F024,0,FHIS Manual de Rendimientos 2003-11 (Cred. BM 3443-HO),2003
F024006,"ZAPATA AISLADA 0.70 x 0.70, e=0.20 , 4 Nº4, a.s.",UNID,F02,"Cimentacion (mamposteria, zapatas, pedestales, dados)",F024,0,FHIS Manual de Rendimientos 2003-11 (Cred. BM 3443-HO),2003
F024007,"ZAPATA AISLADA 0.70 x 0.70, e=0.25 , 5 Nº4, a.s.",UNID,F02,"Cimentacion (mamposteria, zapatas, pedestales, dados)",F024,0,FHIS Manual de Rendimientos 2003-11 (Cred. BM 3443-HO),2003
F024008,"ZAPATA AISLADA 0.75 x 0.75, e=0.25 , 6 Nº5, a.s.",UNID,F02,"Cimentacion (mamposteria, zapatas, pedestales, dados)",F024,0,FHIS Manual de Rendimientos 2003-11 (Cred. BM 3443-HO),2003
F024009,"ZAPATA AISLADA 0.75 x 0.75, e=0.25 , 8 Nº4, a.s.",UNID.,F02,"Cimentacion (mamposteria, zapatas, pedestales, dados)",F024,0,FHIS Manual de Rendimientos 2003-11 (Cred. BM 3443-HO),2003
F024010,"ZAPATA AISLADA 0.75 x 0.75, e=0.30 , 8 Nº4, a.s.",UNID.,F02,"Cimentacion (mamposteria, zapatas, pedestales, dados)",F024,0,FHIS Manual de Rendimientos 2003-11 (Cred. BM 3443-HO),2003
F024011,"ZAPATA AISLADA 0.75 x 0.75, e=0.35 , 6 Nº4, a.s.",UNID.,F02,"Cimentacion (mamposteria, zapatas, pedestales, dados)",F024,0,FHIS Manual de Rendimientos 2003-11 (Cred. BM 3443-HO),2003
F024012,"ZAPATA AISLADA 0.80 x 0.80, e=0.25 , 6 Nº3,13 Nº 3",UNID,F02,"Cimentacion (mamposteria, zapatas, pedestales, dados)",F024,0,FHIS Manual de Rendimientos 2003-11 (Cred. BM 3443-HO),2003
F024013,"ZAPATA AISLADA 0.80 x 0.80, e=0.25 , 6 Nº5, a.s.",UNID,F02,"Cimentacion (mamposteria, zapatas, pedestales, dados)",F024,0,FHIS Manual de Rendimientos 2003-11 (Cred. BM 3443-HO),2003
F024014,"ZAPATA AISLADA 0.80 x 0.80, e=0.25 , 8 Nº4, a.s.",UNID,F02,"Cimentacion (mamposteria, zapatas, pedestales, dados)",F024,0,FHIS Manual de Rendimientos 2003-11 (Cred. BM 3443-HO),2003
F024015,"ZAPATA AISLADA 0.80 x 0.80, e=0.30 , 6 Nº4, a.s.",UNID,F02,"Cimentacion (mamposteria, zapatas, pedestales, dados)",F024,0,FHIS Manual de Rendimientos 2003-11 (Cred. BM 3443-HO),2003
F024016,"ZAPATA AISLADA 0.80 x 0.80, e=0.35 , 6 Nº5, a.s.",UNID.,F02,"Cimentacion (mamposteria, zapatas, pedestales, dados)",F024,0,FHIS Manual de Rendimientos 2003-11 (Cred. BM 3443-HO),2003
F024017,"ZAPATA AISLADA 0.80 x 0.80, e=0.25 , 5 Nº3, a.s.",UNID,F02,"Cimentacion (mamposteria, zapatas, pedestales, dados)",F024,0,FHIS Manual de Rendimientos 2003-11 (Cred. BM 3443-HO),2003
F024018,"ZAPATA 0.90 x 0.90, e=0.25 , 4 Nº4, a.s.",UNIDA,F02,"Cimentacion (mamposteria, zapatas, pedestales, dados)",F024,0,FHIS Manual de Rendimientos 2003-11 (Cred. BM 3443-HO),2003
F024019,"ZAPATA AISLADA 1.0 x 1.0, e=0.25 , 6 Nº5, a.s.",UNID,F02,"Cimentacion (mamposteria, zapatas, pedestales, dados)",F024,0,FHIS Manual de Rendimientos 2003-11 (Cred. BM 3443-HO),2003
F024020,"ZAPATA AISLADA 1.00 x 1.00, e=0.25 , 10 Nº4, a.s.",UNID,F02,"Cimentacion (mamposteria, zapatas, pedestales, dados)",F024,0,FHIS Manual de Rendimientos 2003-11 (Cred. BM 3443-HO),2003
F024021,"ZAPATA AISLADA 1.00 x 1.00, e=0.25 , 5 Nº5, a.s.",UNID.,F02,"Cimentacion (mamposteria, zapatas, pedestales, dados)",F024,0,FHIS Manual de Rendimientos 2003-11 (Cred. BM 3443-HO),2003
F024022,"ZAPATA AISLADA 1.00 x 1.00, e=0.30 , 6 Nº4, a.s.",UNID,F02,"Cimentacion (mamposteria, zapatas, pedestales, dados)",F024,0,FHIS Manual de Rendimientos 2003-11 (Cred. BM 3443-HO),2003
F024023,"ZAPATA AISLADA 1.00 x 1.00, e=0.30 , 7 Nº5, a.s.",UNDI.,F02,"Cimentacion (mamposteria, zapatas, pedestales, dados)",F024,0,FHIS Manual de Rendimientos 2003-11 (Cred. BM 3443-HO),2003
F024024,"ZAPATA AISLADA 1.00 x 1.65, e=0.25 , 7 Nº5, 12 Nº5",UNID,F02,"Cimentacion (mamposteria, zapatas, pedestales, dados)",F024,0,FHIS Manual de Rendimientos 2003-11 (Cred. BM 3443-HO),2003
F024025,"ZAPATA AISLADA 1.05 x 1.05, e=0.30 , 6 Nº5, a.s.",UNID,F02,"Cimentacion (mamposteria, zapatas, pedestales, dados)",F024,0,FHIS Manual de Rendimientos 2003-11 (Cred. BM 3443-HO),2003
F024026,"ZAPATA AISLADA 1.10 x 0.70, e=0.30 , 6 #4, 4 #4",UNID,F02,"Cimentacion (mamposteria, zapatas, pedestales, dados)",F024,0,FHIS Manual de Rendimientos 2003-11 (Cred. BM 3443-HO),2003
F024027,"ZAPATA AISLADA 1.10 x 1.10, e=0.35, 8 Nº4, a.s.",UNID,F02,"Cimentacion (mamposteria, zapatas, pedestales, dados)",F024,0,FHIS Manual de Rendimientos 2003-11 (Cred. BM 3443-HO),2003
F024028,"ZAPATA AISLADA 1.15 x 1.15, e=0.20 , 6 Nº6, a.s.",M2,F02,"Cimentacion (mamposteria, zapatas, pedestales, dados)",F024,0,FHIS Manual de Rendimientos 2003-11 (Cred. BM 3443-HO),2003
F024029,"ZAPATA AISLADA 1.2 x 2.30, e=0.30 , 9 Nº4, 16 Nº4",UNID.,F02,"Cimentacion (mamposteria, zapatas, pedestales, dados)",F024,0,FHIS Manual de Rendimientos 2003-11 (Cred. BM 3443-HO),2003
F024030,"ZAPATA AISLADA 1.20 x 1.20, e=0.30 , 8 Nº4, a.s.",UNID.,F02,"Cimentacion (mamposteria, zapatas, pedestales, dados)",F024,0,FHIS Manual de Rendimientos 2003-11 (Cred. BM 3443-HO),2003
F024031,"ZAPATA AISLADA 1.20 x 1.20, e=0.35 , 11 Nº5, a.s.",UNID.,F02,"Cimentacion (mamposteria, zapatas, pedestales, dados)",F024,0,FHIS Manual de Rendimientos 2003-11 (Cred. BM 3443-HO),2003
F024032,"ZAPATA AISLADA 1.20 x 1.20, e=0.35 , 6 Nº4, a.s.",UNID,F02,"Cimentacion (mamposteria, zapatas, pedestales, dados)",F024,0,FHIS Manual de Rendimientos 2003-11 (Cred. BM 3443-HO),2003
F024033,"ZAPATA AISLADA 1.20 x 1.20, e=0.40 , 7 Nº6, a.s.",UNID.,F02,"Cimentacion (mamposteria, zapatas, pedestales, dados)",F024,0,FHIS Manual de Rendimientos 2003-11 (Cred. BM 3443-HO),2003
F024034,"ZAPATA AISLADA 1.25 x 1.25, e=0.30 , 6 Nº5, a.s.",UNID.,F02,"Cimentacion (mamposteria, zapatas, pedestales, dados)",F024,0,FHIS Manual de Rendimientos 2003-11 (Cred. BM 3443-HO),2003
F024035,"ZAPATA AISLADA 1.30 x 0.80, e=0.20 , 10 Nº3, 5Nº3",UNID,F02,"Cimentacion (mamposteria, zapatas, pedestales, dados)",F024,0,FHIS Manual de Rendimientos 2003-11 (Cred. BM 3443-HO),2003
F024037,"ZAPATA AISLADA 1.30 x 1.30, e=0.40 , 7 Nº4, a.s.",UNID,F02,"Cimentacion (mamposteria, zapatas, pedestales, dados)",F024,0,FHIS Manual de Rendimientos 2003-11 (Cred. BM 3443-HO),2003
F024038,"ZAPATA AISLADA 1.35×1.35X0.30,8 Nº7(INHABILITADA)",UNID,F02,"Cimentacion (mamposteria, zapatas, pedestales, dados)",F024,1,FHIS Manual de Rendimientos 2003-11 (Cred. BM 3443-HO),2003
F024039,"ZAPATA AISLADA 1.40 x 1.40, e=0.30 , 7 Nº5, a.s.",UNID.,F02,"Cimentacion (mamposteria, zapatas, pedestales, dados)",F024,0,FHIS Manual de Rendimientos 2003-11 (Cred. BM 3443-HO),2003
F024040,"ZAPATA AISLADA 1.40 x 1.40, e=0.35 , 8 Nº6, a.s.",UNID,F02,"Cimentacion (mamposteria, zapatas, pedestales, dados)",F024,0,FHIS Manual de Rendimientos 2003-11 (Cred. BM 3443-HO),2003
F024041,"ZAPATA AISLADA 1.45 x 1.45, e=0.45 , 8 Nº5, a.s.",UNID.,F02,"Cimentacion (mamposteria, zapatas, pedestales, dados)",F024,0,FHIS Manual de Rendimientos 2003-11 (Cred. BM 3443-HO),2003
F024042,"ZAPATA AISLADA 1.5 x 1.5, e=0.35 , 7 Nº6, a.s.",UNID.,F02,"Cimentacion (mamposteria, zapatas, pedestales, dados)",F024,0,FHIS Manual de Rendimientos 2003-11 (Cred. BM 3443-HO),2003
F024043,"ZAPATA AISLADA 1.50 x 1.50, e=0.25 , 10 Nº5, a.s.",UNID,F02,"Cimentacion (mamposteria, zapatas, pedestales, dados)",F024,0,FHIS Manual de Rendimientos 2003-11 (Cred. BM 3443-HO),2003
F024044,"ZAPATA AISLADA 1.50 x 1.50, e=0.25 , 10 Nº5, a.s.",UND,F02,"Cimentacion (mamposteria, zapatas, pedestales, dados)",F024,0,FHIS Manual de Rendimientos 2003-11 (Cred. BM 3443-HO),2003
F024045,"ZAPATA AISLADA 1.50 x 1.50, e=0.25 , 11 Nº5, a.s.",UNID,F02,"Cimentacion (mamposteria, zapatas, pedestales, dados)",F024,0,FHIS Manual de Rendimientos 2003-11 (Cred. BM 3443-HO),2003
F024047,"ZAPATA AISLADA 1.50 x 1.50, e=0.30 , 7 Nº5, a.s.",UNID,F02,"Cimentacion (mamposteria, zapatas, pedestales, dados)",F024,0,FHIS Manual de Rendimientos 2003-11 (Cred. BM 3443-HO),2003
F024048,"ZAPATA AISLADA 1.50 x 1.50, e=0.30 ,11 Nº4, a.s.",UNID,F02,"Cimentacion (mamposteria, zapatas, pedestales, dados)",F024,0,FHIS Manual de Rendimientos 2003-11 (Cred. BM 3443-HO),2003
F024049,"ZAPATA AISLADA 1.50 x 1.50, e=0.45 , 12 Nº4, a.s.",UNID,F02,"Cimentacion (mamposteria, zapatas, pedestales, dados)",F024,0,FHIS Manual de Rendimientos 2003-11 (Cred. BM 3443-HO),2003
F024050,"ZAPATA AISLADA 1.60 x 1.60, e=0.25 , 13 Nº4, a.s.",UNID,F02,"Cimentacion (mamposteria, zapatas, pedestales, dados)",F024,0,FHIS Manual de Rendimientos 2003-11 (Cred. BM 3443-HO),2003
F024051,"ZAPATA AISLADA 1.60 x 1.60, e=0.45 , 10 Nº4, a.s.",UNID,F02,"Cimentacion (mamposteria, zapatas, pedestales, dados)",F024,0,FHIS Manual de Rendimientos 2003-11 (Cred. BM 3443-HO),2003
F024052,"ZAPATA AISLADA 1.70 x 1.70, e=0.30 , 8 Nº6, a.s.",UNID.,F02,"Cimentacion (mamposteria, zapatas, pedestales, dados)",F024,0,FHIS Manual de Rendimientos 2003-11 (Cred. BM 3443-HO),2003
F024053,"ZAPATA AISLADA 1.70 x 1.70, e=0.30 , 9 Nº5, a.s.",UNID.,F02,"Cimentacion (mamposteria, zapatas, pedestales, dados)",F024,0,FHIS Manual de Rendimientos 2003-11 (Cred. BM 3443-HO),2003
F024054,"ZAPATA AISLADA 1.80 x 1.00, e=0.30 , 9 Nº4, a.s.",UNID.,F02,"Cimentacion (mamposteria, zapatas, pedestales, dados)",F024,0,FHIS Manual de Rendimientos 2003-11 (Cred. BM 3443-HO),2003
F024055,"ZAPATA AISLADA 1.80 x 1.80, e=0.30 , 10 Nº6, a.s.",UNID.,F02,"Cimentacion (mamposteria, zapatas, pedestales, dados)",F024,0,FHIS Manual de Rendimientos 2003-11 (Cred. BM 3443-HO),2003
F024057,"ZAPATA AISLADA 2.00 x 2.00, e=0.37 , 11 Nº6, a.s.",UNID.,F02,"Cimentacion (mamposteria, zapatas, pedestales, dados)",F024,0,FHIS Manual de Rendimientos 2003-11 (Cred. BM 3443-HO),2003
F024058,"ZAPATA AISLADA 2.40 x 2.40, e=0.47 , 12 Nº7, a.s.",UNID.,F02,"Cimentacion (mamposteria, zapatas, pedestales, dados)",F024,0,FHIS Manual de Rendimientos 2003-11 (Cred. BM 3443-HO),2003
F024059,"ZAPATA AISLADA 2.50 x 2.50, e=0.47 , 14 Nº7, a.s.",UNID.,F02,"Cimentacion (mamposteria, zapatas, pedestales, dados)",F024,0,FHIS Manual de Rendimientos 2003-11 (Cred. BM 3443-HO),2003
F024060,"ZAPATA AISLADA 2.70 x 2.70, e=0.53,14 Nº7, a.s.",UNID.,F02,"Cimentacion (mamposteria, zapatas, pedestales, dados)",F024,0,FHIS Manual de Rendimientos 2003-11 (Cred. BM 3443-HO),2003
F024062,"ZAPATA AISLADA 0.90X0.90X0.20m, 7#3 A.S.",UND,F02,"Cimentacion (mamposteria, zapatas, pedestales, dados)",F024,0,FHIS Manual de Rendimientos 2003-11 (Cred. BM 3443-HO),2003
F024063,"ZAPATA AISLADA 0.90X0.60X0.20m,#3@15cm A.S.",UND,F02,"Cimentacion (mamposteria, zapatas, pedestales, dados)",F024,0,FHIS Manual de Rendimientos 2003-11 (Cred. BM 3443-HO),2003
F024064,"ZAPATA AISLADA 80X80X20cm, 5#4@ A.S.",UND,F02,"Cimentacion (mamposteria, zapatas, pedestales, dados)",F024,0,FHIS Manual de Rendimientos 2003-11 (Cred. BM 3443-HO),2003
F024065,"ZAPATA AISLADA 60X60X15cm, 4#4 @ A.S.",UND,F02,"Cimentacion (mamposteria, zapatas, pedestales, dados)",F024,0,FHIS Manual de Rendimientos 2003-11 (Cred. BM 3443-HO),2003
F024066,"ZAPATA AISLADA 1.35X1.35X0.30m,8#7 @0.17m A.S.",UND,F02,"Cimentacion (mamposteria, zapatas, pedestales, dados)",F024,0,FHIS Manual de Rendimientos 2003-11 (Cred. BM 3443-HO),2003
F024067,"ZAPATA AISLADA 1.55X1.55X0.30,9#5@0.175,CONC 1:2:2",UND,F02,"Cimentacion (mamposteria, zapatas, pedestales, dados)",F024,0,FHIS Manual de Rendimientos 2003-11 (Cred. BM 3443-HO),2003
F024068,"ZAPATA AISLADA 1.95X1.95X0.30,11#6@0.18,CONC1:2:2",UND,F02,"Cimentacion (mamposteria, zapatas, pedestales, dados)",F024,0,FHIS Manual de Rendimientos 2003-11 (Cred. BM 3443-HO),2003
F024069,"ZAPATA AISLADA 1.00X1.00X.20 4#4, A.S",UND,F02,"Cimentacion (mamposteria, zapatas, pedestales, dados)",F024,0,FHIS Manual de Rendimientos 2003-11 (Cred. BM 3443-HO),2003
F024070,"ZAPATA AISLADA 1.80X1.80X0.50m,12#5@15cm A.S.1:2:2",UND,F02,"Cimentacion (mamposteria, zapatas, pedestales, dados)",F024,0,FHIS Manual de Rendimientos 2003-11 (Cred. BM 3443-HO),2003
F025001,"PEDESTAL DE CONCRETO 30 X 30, 8 Nº5, Nº3 @ 10 cms",M.L.,F02,"Cimentacion (mamposteria, zapatas, pedestales, dados)",F025,0,FHIS Manual de Rendimientos 2003-11 (Cred. BM 3443-HO),2003
F025002,"PEDESTAL DE CONCRETO 35 X 45, 8 Nº7, Nº3 @ 15 cms",M.L.,F02,"Cimentacion (mamposteria, zapatas, pedestales, dados)",F025,0,FHIS Manual de Rendimientos 2003-11 (Cred. BM 3443-HO),2003
F025003,"PEDESTAL DE CONCRETO 40 X 40, 6 Nº6, Nº3 @ 20 cms",M.L.,F02,"Cimentacion (mamposteria, zapatas, pedestales, dados)",F025,0,FHIS Manual de Rendimientos 2003-11 (Cred. BM 3443-HO),2003
F025005,"PEDESTAL 0.40X0.50m,8#8,#3@0.25m,CONC 1:2:2",ML,F02,"Cimentacion (mamposteria, zapatas, pedestales, dados)",F025,0,FHIS Manual de Rendimientos 2003-11 (Cred. BM 3443-HO),2003
F026001,DADO DE CONCRETO 30 X 30 X 30 ( CONC. SIMPLE),UNID,F02,"Cimentacion (mamposteria, zapatas, pedestales, dados)",F026,0,FHIS Manual de Rendimientos 2003-11 (Cred. BM 3443-HO),2003
F026002,"DADO DE CONCRETO 30 X30 X 50, 3 Nº3, Nº2 @ 20 cm",UNID,F02,"Cimentacion (mamposteria, zapatas, pedestales, dados)",F026,0,FHIS Manual de Rendimientos 2003-11 (Cred. BM 3443-HO),2003
F026003,DADO DE CONCRETO 40 X 30 X 30 (Concreto Simple),UNID,F02,"Cimentacion (mamposteria, zapatas, pedestales, dados)",F026,0,FHIS Manual de Rendimientos 2003-11 (Cred. BM 3443-HO),2003
F026004,"DADO DE CONCRETO 40 X40 X 30, 4 Nº3, Nº2 @ 20 cm",UNID,F02,"Cimentacion (mamposteria, zapatas, pedestales, dados)",F026,0,FHIS Manual de Rendimientos 2003-11 (Cred. BM 3443-HO),2003
F026005,"DADO DE CONCRETO 40 X 40 X 40, 3 Nº3, Nº2 @ 20 CM",UNID,F02,"Cimentacion (mamposteria, zapatas, pedestales, dados)",F026,0,FHIS Manual de Rendimientos 2003-11 (Cred. BM 3443-HO),2003
F026006,DADO DE CONCRETO 40 X 40 X 60 (CERCO ALAMB. PUAS),UNID,F02,"Cimentacion (mamposteria, zapatas, pedestales, dados)",F026,0,FHIS Manual de Rendimientos 2003-11 (Cred. BM 3443-HO),2003
F026007,DADO DE CONCRETO 40 X 40 X 60 (INHABILITADA),UNID,F02,"Cimentacion (mamposteria, zapatas, pedestales, dados)",F026,1,FHIS Manual de Rendimientos 2003-11 (Cred. BM 3443-HO),2003
F026008,"DADO DE CONCRETO 40 X 40 X 80, 4 Nº3, Nº2 @ 20 cm",UNID,F02,"Cimentacion (mamposteria, zapatas, pedestales, dados)",F026,0,FHIS Manual de Rendimientos 2003-11 (Cred. BM 3443-HO),2003
F026009,DADO DE CONCRETO 50 X 50 X 30 CONCRETO SIMPLE,UNID,F02,"Cimentacion (mamposteria, zapatas, pedestales, dados)",F026,0,FHIS Manual de Rendimientos 2003-11 (Cred. BM 3443-HO),2003
F026010,"DADO DE CONCRETO 50 X 50 X 50, 4 Nº3, Nº2 @ 20 cm",UNID,F02,"Cimentacion (mamposteria, zapatas, pedestales, dados)",F026,0,FHIS Manual de Rendimientos 2003-11 (Cred. BM 3443-HO),2003
F026011,DADO DE CONCRETO 50 X 50 X 50 CONCRETO SIMPLE,UNID,F02,"Cimentacion (mamposteria, zapatas, pedestales, dados)",F026,0,FHIS Manual de Rendimientos 2003-11 (Cred. BM 3443-HO),2003
F026012,DADO DE CONCRETO 50 X 50 X 75 CONCRETO SIMPLE,UNID,F02,"Cimentacion (mamposteria, zapatas, pedestales, dados)",F026,0,FHIS Manual de Rendimientos 2003-11 (Cred. BM 3443-HO),2003
F026013,"DADO DE CONCRETO 50 X 50 X 90, 4 Nº3, Nº 2 @ 20 cm",UNID,F02,"Cimentacion (mamposteria, zapatas, pedestales, dados)",F026,0,FHIS Manual de Rendimientos 2003-11 (Cred. BM 3443-HO),2003
F026014,DADO DE CONCRETO 55 X 40 X 60 (INHABILITADA),UNID,F02,"Cimentacion (mamposteria, zapatas, pedestales, dados)",F026,1,FHIS Manual de Rendimientos 2003-11 (Cred. BM 3443-HO),2003
F026015,"DADO DE CONCRETO 60 X 60 X 60, 4 Nº3, Nº2 @ 20 cm",UNID,F02,"Cimentacion (mamposteria, zapatas, pedestales, dados)",F026,0,FHIS Manual de Rendimientos 2003-11 (Cred. BM 3443-HO),2003
F026016,DADO DE CONCRETO 40X40X70,UNID,F02,"Cimentacion (mamposteria, zapatas, pedestales, dados)",F026,0,FHIS Manual de Rendimientos 2003-11 (Cred. BM 3443-HO),2003
F026017,DADO DE CONCRETO DE 40X40X15 CON. 1:2:2,UND,F02,"Cimentacion (mamposteria, zapatas, pedestales, dados)",F026,0,FHIS Manual de Rendimientos 2003-11 (Cred. BM 3443-HO),2003
F026018,DADO DE CONCRETO 40X40X60 (PARAL TUBO LIVIANO),UNID,F02,"Cimentacion (mamposteria, zapatas, pedestales, dados)",F026,0,FHIS Manual de Rendimientos 2003-11 (Cred. BM 3443-HO),2003
F026019,"DADO DE CONCRETO 55X40X60 (PARAL TUBO LIVIANO,C.S",UNID,F02,"Cimentacion (mamposteria, zapatas, pedestales, dados)",F026,0,FHIS Manual de Rendimientos 2003-11 (Cred. BM 3443-HO),2003
F026020,"DADO DE CONCRETO DE 50X50X50cm,4#3,#2@15cm",UND,F02,"Cimentacion (mamposteria, zapatas, pedestales, dados)",F026,0,FHIS Manual de Rendimientos 2003-11 (Cred. BM 3443-HO),2003
F026021,"DADO DE CONCRETO 40X50X50cm,4#3,#2@20,CONC 1:2:4",UND,F02,"Cimentacion (mamposteria, zapatas, pedestales, dados)",F026,0,FHIS Manual de Rendimientos 2003-11 (Cred. BM 3443-HO),2003
F026022,"DADO DE 0.50X0.50X0.50m, 4#3,#2@20,CONC 1:2:4",UND,F02,"Cimentacion (mamposteria, zapatas, pedestales, dados)",F026,0,FHIS Manual de Rendimientos 2003-11 (Cred. BM 3443-HO),2003
F026023,"DADO DE 0.30X0.50X0.50m, 4#3,#2@20,CONC 1:2:4",UND,F02,"Cimentacion (mamposteria, zapatas, pedestales, dados)",F026,0,FHIS Manual de Rendimientos 2003-11 (Cred. BM 3443-HO),2003
F026024,"DADO DE CONCRETO 50X50X50,4#3,#2@20CM.CON 1:2:2",UND,F02,"Cimentacion (mamposteria, zapatas, pedestales, dados)",F026,0,FHIS Manual de Rendimientos 2003-11 (Cred. BM 3443-HO),2003
F026025,"DADO DE CONCRETO 30X50X50 4#3,#2@20CM.CON 1:2:2",UND,F02,"Cimentacion (mamposteria, zapatas, pedestales, dados)",F026,0,FHIS Manual de Rendimientos 2003-11 (Cred. BM 3443-HO),2003
F026026,"DADO DE CONCRETO DE 40X40X30cm,CONC 1:2:3",UND,F02,"Cimentacion (mamposteria, zapatas, pedestales, dados)",F026,0,FHIS Manual de Rendimientos 2003-11 (Cred. BM 3443-HO),2003
F031001,"SOLERA 10X10 2#3, #2@5 CONCRETO 1:2:2",ML,F03,"Estructura de concreto (solera, castillo, columna, viga)",F031,0,FHIS Manual de Rendimientos 2003-11 (Cred. BM 3443-HO),2003
F031002,SOLERA 10X10 2#3#2@15 BASTON L=0.25 @50 CON.1:2:2,M.L.,F03,"Estructura de concreto (solera, castillo, columna, viga)",F031,0,FHIS Manual de Rendimientos 2003-11 (Cred. BM 3443-HO),2003
F031003,"SOLERA 10X15 2#3, #2@15 CONCRETO 1:2:2",M.L.,F03,"Estructura de concreto (solera, castillo, columna, viga)",F031,0,FHIS Manual de Rendimientos 2003-11 (Cred. BM 3443-HO),2003
F031004,SOLERA 10X15 2No.3 Y No.2 @ 20 CONCRETO 1:2:2,M.L.,F03,"Estructura de concreto (solera, castillo, columna, viga)",F031,0,FHIS Manual de Rendimientos 2003-11 (Cred. BM 3443-HO),2003
F031005,"SOLERA 10X15, 2 #3, #2 @ 25 CM,CONCRETO 1:2:2",M.L.,F03,"Estructura de concreto (solera, castillo, columna, viga)",F031,0,FHIS Manual de Rendimientos 2003-11 (Cred. BM 3443-HO),2003
F031006,"SOLERA 10X20 Cms, 2#3, #2@20 Cms: CONCRETO 1:2:2",M.L.,F03,"Estructura de concreto (solera, castillo, columna, viga)",F031,0,FHIS Manual de Rendimientos 2003-11 (Cred. BM 3443-HO),2003
F031007,"SOLERA 10X20,2No.3.No.2@20,CONC1:2:2(INHABILITADA)",M.L.,F03,"Estructura de concreto (solera, castillo, columna, viga)",F031,1,FHIS Manual de Rendimientos 2003-11 (Cred. BM 3443-HO),2003
F031008,"SOLERA 10X25 2Nº3,Nº2@20 CONC 1:2:2(INHABILITADA)",M.L.,F03,"Estructura de concreto (solera, castillo, columna, viga)",F031,1,FHIS Manual de Rendimientos 2003-11 (Cred. BM 3443-HO),2003
F031009,"SOLERA 15 X 15 4 Nº3, Nº3 @ 15 CONCRETO 1:2:2",M.L.,F03,"Estructura de concreto (solera, castillo, columna, viga)",F031,0,FHIS Manual de Rendimientos 2003-11 (Cred. BM 3443-HO),2003
F031010,"SOLERA 15X20 4No.3,No.2, CONC.1:2:2(INHABILITADA)",M.L.,F03,"Estructura de concreto (solera, castillo, columna, viga)",F031,1,FHIS Manual de Rendimientos 2003-11 (Cred. BM 3443-HO),2003
F031011,"SOLERA 15X15,3#3,#2@20CM. CONC 1:2:2(INHABILITADA)",M.L.,F03,"Estructura de concreto (solera, castillo, columna, viga)",F031,1,FHIS Manual de Rendimientos 2003-11 (Cred. BM 3443-HO),2003
F031012,"SOLERA 15X15 4 Nº3, Nº2 @ 20 CONCRETO 1:2:2",M.L.,F03,"Estructura de concreto (solera, castillo, columna, viga)",F031,0,FHIS Manual de Rendimientos 2003-11 (Cred. BM 3443-HO),2003
F031013,"SOLERA 15X15,4#3,#2@15 CM CONC 1:2:2(INHABILITADA)",M.L.,F03,"Estructura de concreto (solera, castillo, columna, viga)",F031,1,FHIS Manual de Rendimientos 2003-11 (Cred. BM 3443-HO),2003
F031014,"SOLERA 15X15 4#4, #3@20 CONCRETO 1:2:2",ML,F03,"Estructura de concreto (solera, castillo, columna, viga)",F031,0,FHIS Manual de Rendimientos 2003-11 (Cred. BM 3443-HO),2003
F031015,SOLERA 15X20 4Nº3 Y Nº2 @ 20 CONCRETO 1:2:2,M.L.,F03,"Estructura de concreto (solera, castillo, columna, viga)",F031,0,FHIS Manual de Rendimientos 2003-11 (Cred. BM 3443-HO),2003
F031016,"SOLERA 15X20,3Nº3, Nº2 @15 CONC1:2:2(INHABILITADA)",M.L.,F03,"Estructura de concreto (solera, castillo, columna, viga)",F031,1,FHIS Manual de Rendimientos 2003-11 (Cred. BM 3443-HO),2003
F031017,"SOLERA 15X20, 4#3, #2@20 CONCR1:2:2(INHABILITADA)",M.L.,F03,"Estructura de concreto (solera, castillo, columna, viga)",F031,1,FHIS Manual de Rendimientos 2003-11 (Cred. BM 3443-HO),2003
F031018,"SOLERA 15X20, 4#4, #3@20 CONCRETO 1:2:2",ML,F03,"Estructura de concreto (solera, castillo, columna, viga)",F031,0,FHIS Manual de Rendimientos 2003-11 (Cred. BM 3443-HO),2003
F031019,"SOLERA 15X20,4No.3,No.2@20 CONC1:2:2(INHABILITADA)",M.L.,F03,"Estructura de concreto (solera, castillo, columna, viga)",F031,1,FHIS Manual de Rendimientos 2003-11 (Cred. BM 3443-HO),2003
F031020,"SOLERA 15X25 4#3, #2 @ 15 CMS CONCRETO 1:2:2",M.L.,F03,"Estructura de concreto (solera, castillo, columna, viga)",F031,0,FHIS Manual de Rendimientos 2003-11 (Cred. BM 3443-HO),2003
F031021,"SOLERA 15X25 4#3,No.2@15CM CONC1:2:2(INHABILITADA)",M.L.,F03,"Estructura de concreto (solera, castillo, columna, viga)",F031,1,FHIS Manual de Rendimientos 2003-11 (Cred. BM 3443-HO),2003
F031022,"SOLERA 15X30 4#4, #2@15CMS,CONC1:2:2(INHABILITADA)",M.L.,F03,"Estructura de concreto (solera, castillo, columna, viga)",F031,1,FHIS Manual de Rendimientos 2003-11 (Cred. BM 3443-HO),2003
F031023,"SOLERA 15X30, 4Nº3 Y Nº2, @ 20 CONCRETO 1:2:2",M.L.,F03,"Estructura de concreto (solera, castillo, columna, viga)",F031,0,FHIS Manual de Rendimientos 2003-11 (Cred. BM 3443-HO),2003
F031024,"SOLERA 17X10 2#3, #2@20 CONCRETO 1:2:2",M.L.,F03,"Estructura de concreto (solera, castillo, columna, viga)",F031,0,FHIS Manual de Rendimientos 2003-11 (Cred. BM 3443-HO),2003
F031025,"SOLERA 20X15, 2#3, #2@20 CONCRETO 1:2:2",M.L.,F03,"Estructura de concreto (solera, castillo, columna, viga)",F031,0,FHIS Manual de Rendimientos 2003-11 (Cred. BM 3443-HO),2003
F031026,"SOLERA 20X20, 4#4, #3@5 CONCRETO 1:2:2",M.L.,F03,"Estructura de concreto (solera, castillo, columna, viga)",F031,0,FHIS Manual de Rendimientos 2003-11 (Cred. BM 3443-HO),2003
F031027,"SOLERA 20 X 20 4 #4, #2@5 CONC 1:2:2(INHABILITADA)",M.L.,F03,"Estructura de concreto (solera, castillo, columna, viga)",F031,1,FHIS Manual de Rendimientos 2003-11 (Cred. BM 3443-HO),2003
F031028,VIGA 20X20 4#3 Y #2 @ 20 CM. CONCRETO 1:2:2,M.L.,F03,"Estructura de concreto (solera, castillo, columna, viga)",F031,0,FHIS Manual de Rendimientos 2003-11 (Cred. BM 3443-HO),2003
F031029,"SOLERA 20X20, 4No.3 Y No.2 @ 15cm, CONCRETO 1:2:2",M.L.,F03,"Estructura de concreto (solera, castillo, columna, viga)",F031,0,FHIS Manual de Rendimientos 2003-11 (Cred. BM 3443-HO),2003
F031030,"SOLERA 20X25 4#4, #2@20 CONCRETO 1:2:2",M.L.,F03,"Estructura de concreto (solera, castillo, columna, viga)",F031,0,FHIS Manual de Rendimientos 2003-11 (Cred. BM 3443-HO),2003
F031031,"SOLERA 20X25, 4#3 2#4, #2@15, 1:2:2 P/TECHO,C/PERL",M.L.,F03,"Estructura de concreto (solera, castillo, columna, viga)",F031,0,FHIS Manual de Rendimientos 2003-11 (Cred. BM 3443-HO),2003
F031032,"SOLERA 20X25, 4#3 Y #2 @ 20 CONCRETO 1:2:2",M.L.,F03,"Estructura de concreto (solera, castillo, columna, viga)",F031,0,FHIS Manual de Rendimientos 2003-11 (Cred. BM 3443-HO),2003
F031033,"SOLERA 20X30 4 #4, #3 @ 20 CONCRETO 1:2:2",M.L.,F03,"Estructura de concreto (solera, castillo, columna, viga)",F031,0,FHIS Manual de Rendimientos 2003-11 (Cred. BM 3443-HO),2003
F031034,SOLERA 20X30 4#4 Y #2@20 CONCRETO 1:2:2,M.L.,F03,"Estructura de concreto (solera, castillo, columna, viga)",F031,0,FHIS Manual de Rendimientos 2003-11 (Cred. BM 3443-HO),2003
F031035,"SOLERA 20X30,4#4, #3@20CM,CONC 1:2:2(INHABILITADA)",M.L.,F03,"Estructura de concreto (solera, castillo, columna, viga)",F031,1,FHIS Manual de Rendimientos 2003-11 (Cred. BM 3443-HO),2003
F031036,"SOLERA 25 X 25 6 Nº 4, Nº 3 @ 5 CONCRETO 1:2:2",M.L.,F03,"Estructura de concreto (solera, castillo, columna, viga)",F031,0,FHIS Manual de Rendimientos 2003-11 (Cred. BM 3443-HO),2003
F031037,"SOLERA 25 X 30 4 Nº3, Nº 3 @ 5 CONCRETO 1:2:2",M.L.,F03,"Estructura de concreto (solera, castillo, columna, viga)",F031,0,FHIS Manual de Rendimientos 2003-11 (Cred. BM 3443-HO),2003
F031038,SOLERA 30X18 4#3 Y #2 @ 0.15 M.CONCRETO 1:2:2,M.L.,F03,"Estructura de concreto (solera, castillo, columna, viga)",F031,0,FHIS Manual de Rendimientos 2003-11 (Cred. BM 3443-HO),2003
F031039,"SOLERA 30X30, 4#4 Y #2 @ 20 CONCRETO 1:2:2",M.L.,F03,"Estructura de concreto (solera, castillo, columna, viga)",F031,0,FHIS Manual de Rendimientos 2003-11 (Cred. BM 3443-HO),2003
F031040,"SOLERA 10X15, 2 #3, #2 @ 30 CM,CONCRETO 1:2:2",ML,F03,"Estructura de concreto (solera, castillo, columna, viga)",F031,0,FHIS Manual de Rendimientos 2003-11 (Cred. BM 3443-HO),2003
F031041,"SOLERA INFERIOR (S-1) 20X20,4#3,#3@15cm,1:2:2",ML,F03,"Estructura de concreto (solera, castillo, columna, viga)",F031,0,FHIS Manual de Rendimientos 2003-11 (Cred. BM 3443-HO),2003
F031042,"SOLERA 15X11,4#3,#2@20cm,1:2:2",ML,F03,"Estructura de concreto (solera, castillo, columna, viga)",F031,0,FHIS Manual de Rendimientos 2003-11 (Cred. BM 3443-HO),2003
F031043,"SOLERA 15x25cm, 4#4,#2@20cm,CONC 1:2:2",ML,F03,"Estructura de concreto (solera, castillo, columna, viga)",F031,0,FHIS Manual de Rendimientos 2003-11 (Cred. BM 3443-HO),2003
F031044,"SOLERA 15x15cm, 4#3,#2@30cm, CONC. 1:2:2",ML,F03,"Estructura de concreto (solera, castillo, columna, viga)",F031,0,FHIS Manual de Rendimientos 2003-11 (Cred. BM 3443-HO),2003
F031045,"SOLERA 15X20cm,4#3, #2@20cm CON1:2:2(INHABILITADA)",ML,F03,"Estructura de concreto (solera, castillo, columna, viga)",F031,1,FHIS Manual de Rendimientos 2003-11 (Cred. BM 3443-HO),2003
F031046,"SOLERA 15X20, 3#3, Y #2@ 15 CONCRETO 1:2:2",ML,F03,"Estructura de concreto (solera, castillo, columna, viga)",F031,0,FHIS Manual de Rendimientos 2003-11 (Cred. BM 3443-HO),2003
F031047,"SOLERA 15X20cm, 4#3, #2@15cm, CONC. 1:2:2",ML,F03,"Estructura de concreto (solera, castillo, columna, viga)",F031,0,FHIS Manual de Rendimientos 2003-11 (Cred. BM 3443-HO),2003
F031048,"SOLERA 15X15cm,3#3,#2@15cm,CONC1:2:2(INHABILITADA)",ML,F03,"Estructura de concreto (solera, castillo, columna, viga)",F031,1,FHIS Manual de Rendimientos 2003-11 (Cred. BM 3443-HO),2003
F031049,"SOLERA 10X25cm, 2#3, #2@20cm, CONC 1:2:2",ML,F03,"Estructura de concreto (solera, castillo, columna, viga)",F031,0,FHIS Manual de Rendimientos 2003-11 (Cred. BM 3443-HO),2003
F031050,"SOLERA 15X15cm, 3#3, #2@20cm, CONC 1:2:2",ML,F03,"Estructura de concreto (solera, castillo, columna, viga)",F031,0,FHIS Manual de Rendimientos 2003-11 (Cred. BM 3443-HO),2003
F031051,"SOLERA 15X15cm,4#3,#2@15cm,CONC 1:2:2",ML,F03,"Estructura de concreto (solera, castillo, columna, viga)",F031,0,FHIS Manual de Rendimientos 2003-11 (Cred. BM 3443-HO),2003
F031052,"SOLERA 15X30cm, 4#4, #2@15cm, CONC 1:2:2",ML,F03,"Estructura de concreto (solera, castillo, columna, viga)",F031,0,FHIS Manual de Rendimientos 2003-11 (Cred. BM 3443-HO),2003
F031053,"SOLERA 20X20, 4#4, #2@5cm, CONC 1:2:2",ML,F03,"Estructura de concreto (solera, castillo, columna, viga)",F031,0,FHIS Manual de Rendimientos 2003-11 (Cred. BM 3443-HO),2003
F031054,"SOLERA 15X15cm, 3#3, #2@15cm, CONCRETO 1:2:2",ML,F03,"Estructura de concreto (solera, castillo, columna, viga)",F031,0,FHIS Manual de Rendimientos 2003-11 (Cred. BM 3443-HO),2003
F031055,"SOLERA 15X15cm, 4#3, #2@20cm, CONC 1:2:4",ML,F03,"Estructura de concreto (solera, castillo, columna, viga)",F031,0,FHIS Manual de Rendimientos 2003-11 (Cred. BM 3443-HO),2003
F031056,"SOLERA 15X15cm,4#3,#2@0.20m, CONC 1:2:4",ML,F03,"Estructura de concreto (solera, castillo, columna, viga)",F031,0,FHIS Manual de Rendimientos 2003-11 (Cred. BM 3443-HO),2003
F031057,"SOLERA 20X20, 4#3,#2@0.20, CONC 1:2:4",ML,F03,"Estructura de concreto (solera, castillo, columna, viga)",F031,0,FHIS Manual de Rendimientos 2003-11 (Cred. BM 3443-HO),2003
F031058,"SOLERA 20X20cm, 2#3 Y 2#5, #2@20cm, CONC 1:2:4",ML,F03,"Estructura de concreto (solera, castillo, columna, viga)",F031,0,FHIS Manual de Rendimientos 2003-11 (Cred. BM 3443-HO),2003
F031059,"SOLERA 0.20X0.30,2#6SUP+2#5 INF,#3@0.20,CONC1:2:2",ML,F03,"Estructura de concreto (solera, castillo, columna, viga)",F031,0,FHIS Manual de Rendimientos 2003-11 (Cred. BM 3443-HO),2003
F031060,"SOLERA 10X10cm, 2#3, #2@20cm, CONC 1:2:2",ML,F03,"Estructura de concreto (solera, castillo, columna, viga)",F031,0,FHIS Manual de Rendimientos 2003-11 (Cred. BM 3443-HO),2003
F031061,"SOLERA 20X25cm,2#6+2#3,#2@20cm, CONC 1:2:4",ML,F03,"Estructura de concreto (solera, castillo, columna, viga)",F031,0,FHIS Manual de Rendimientos 2003-11 (Cred. BM 3443-HO),2003
F031062,"SOLERA 20X25cm,2#5+2#3,#2@20,CONC 1:2:4",ML,F03,"Estructura de concreto (solera, castillo, columna, viga)",F031,0,FHIS Manual de Rendimientos 2003-11 (Cred. BM 3443-HO),2003
F031063,"SOLERA INFERIOR 6#4, #3 @ 15 cms",ML,F03,"Estructura de concreto (solera, castillo, columna, viga)",F031,0,FHIS Manual de Rendimientos 2003-11 (Cred. BM 3443-HO),2003
F031064,"SOLERA INFERIOR 15X30cm,4#5,#3@20cm.CONC 1:2:2",ML,F03,"Estructura de concreto (solera, castillo, columna, viga)",F031,0,FHIS Manual de Rendimientos 2003-11 (Cred. BM 3443-HO),2003
F031065,"SOLERA INTERMEDIA 15X20,4#4,#2@0.20,CONC 1:2:2",ML,F03,"Estructura de concreto (solera, castillo, columna, viga)",F031,0,FHIS Manual de Rendimientos 2003-11 (Cred. BM 3443-HO),2003
F031066,"SOLERA 15X20, 2#3, 3#4 Y #3 @ 20 CMS CONT 1:2:2",M.L,F03,"Estructura de concreto (solera, castillo, columna, viga)",F031,0,FHIS Manual de Rendimientos 2003-11 (Cred. BM 3443-HO),2003
F031067,"SOLERA SUPERIOR 15X15 4#3, #2@20 CONCRETO 1:2:2",ML,F03,"Estructura de concreto (solera, castillo, columna, viga)",F031,0,FHIS Manual de Rendimientos 2003-11 (Cred. BM 3443-HO),2003
F031068,"VIGA 20X25, Sup 2#5+ Inf 2#3, #2 @ 20 CONC 1:2:2",ML,F03,"Estructura de concreto (solera, castillo, columna, viga)",F031,0,FHIS Manual de Rendimientos 2003-11 (Cred. BM 3443-HO),2003
F031069,"SOLERA 10X15 2#3, Y #2@15 CONCRETO 1:2:3",ML,F03,"Estructura de concreto (solera, castillo, columna, viga)",F031,0,FHIS Manual de Rendimientos 2003-11 (Cred. BM 3443-HO),2003
F031070,"SOLERA 20X20, 4#3, #2 @ 20, CONCR. 1:2:2",M.L.,F03,"Estructura de concreto (solera, castillo, columna, viga)",F031,0,FHIS Manual de Rendimientos 2003-11 (Cred. BM 3443-HO),2003
F032001,CASTILLO 15X15 4 Nº3 Y No. 3 @ 15 CONCRETO 1:2:2,M.L.,F03,"Estructura de concreto (solera, castillo, columna, viga)",F032,0,FHIS Manual de Rendimientos 2003-11 (Cred. BM 3443-HO),2003
F032002,"CASTILLO 15X15 Cm. 4#3, #2@5 Cm. CONCRETO 1:2:2",M.L.,F03,"Estructura de concreto (solera, castillo, columna, viga)",F032,0,FHIS Manual de Rendimientos 2003-11 (Cred. BM 3443-HO),2003
F032003,CASTILLO 15X15 SOLO FUNDIDO CONCRETO 1:2:2,M.L.,F03,"Estructura de concreto (solera, castillo, columna, viga)",F032,0,FHIS Manual de Rendimientos 2003-11 (Cred. BM 3443-HO),2003
F032004,"CASTILLO 15X15, 3 No.3 Y No.2 @ 20,CONCRETO 1:2:2",M.L.,F03,"Estructura de concreto (solera, castillo, columna, viga)",F032,0,FHIS Manual de Rendimientos 2003-11 (Cred. BM 3443-HO),2003
F032005,"CASTILLO 15X15, 4 Nº4, Nº3 @ 20,CONCRETO 1:2:2",M.L.,F03,"Estructura de concreto (solera, castillo, columna, viga)",F032,0,FHIS Manual de Rendimientos 2003-11 (Cred. BM 3443-HO),2003
F032006,"CASTILLO 15X15, 4#3 Y #2 @ 15,CONCRETO 1:2:2",M.L.,F03,"Estructura de concreto (solera, castillo, columna, viga)",F032,0,FHIS Manual de Rendimientos 2003-11 (Cred. BM 3443-HO),2003
F032007,CASTILLO 15X30 SOLO FUNDIDO CONCRETO 1:2:2,M.L.,F03,"Estructura de concreto (solera, castillo, columna, viga)",F032,0,FHIS Manual de Rendimientos 2003-11 (Cred. BM 3443-HO),2003
F032008,"CASTILLO 20X15 4#3, #2@20 CONCRETO 1:2:2",M.L.,F03,"Estructura de concreto (solera, castillo, columna, viga)",F032,0,FHIS Manual de Rendimientos 2003-11 (Cred. BM 3443-HO),2003
F032009,"CASTILLO 20X20 4 Nº3, Nº2@15CM, CONCRETO 1:2:2",ML,F03,"Estructura de concreto (solera, castillo, columna, viga)",F032,0,FHIS Manual de Rendimientos 2003-11 (Cred. BM 3443-HO),2003
F032010,CASTILLO 20X20 4N?3 Y N?2 A 20 CM.CONCRETO 1:2:2,M.L.,F03,"Estructura de concreto (solera, castillo, columna, viga)",F032,0,FHIS Manual de Rendimientos 2003-11 (Cred. BM 3443-HO),2003
F032011,"CASTILLO 20X20 4#3,#2@15cm,CONC1:2:2(INHABILITADA)",M.L.,F03,"Estructura de concreto (solera, castillo, columna, viga)",F032,1,FHIS Manual de Rendimientos 2003-11 (Cred. BM 3443-HO),2003
F032012,"CASTILLO 20X20 Cm. 4#4, #3@ 5 CONCRETO 1:2:2",M.L.,F03,"Estructura de concreto (solera, castillo, columna, viga)",F032,0,FHIS Manual de Rendimientos 2003-11 (Cred. BM 3443-HO),2003
F032013,CASTILLO 20X20 SOLO FUNDIDO CONCRETO 1:2:2,M.L.,F03,"Estructura de concreto (solera, castillo, columna, viga)",F032,0,FHIS Manual de Rendimientos 2003-11 (Cred. BM 3443-HO),2003
F032014,"CASTILLO 20X20, 4#4 Y #2 @ 20,CONCRETO 1:2:2",M.L.,F03,"Estructura de concreto (solera, castillo, columna, viga)",F032,0,FHIS Manual de Rendimientos 2003-11 (Cred. BM 3443-HO),2003
F032015,"CASTILLO 25X25 4#4,#3@25CM,CONC1:2:2(INHABILITADA)",M.L.,F03,"Estructura de concreto (solera, castillo, columna, viga)",F032,1,FHIS Manual de Rendimientos 2003-11 (Cred. BM 3443-HO),2003
F032016,"CASTILLO 25X15cm, 4#3,#2@0.15m, CONCRETO 1:2:2",ML,F03,"Estructura de concreto (solera, castillo, columna, viga)",F032,0,FHIS Manual de Rendimientos 2003-11 (Cred. BM 3443-HO),2003
F032017,"CASTILLO 0.15X0.30m, 6#4,#3@20cm,CONC 1:2:2",ML,F03,"Estructura de concreto (solera, castillo, columna, viga)",F032,0,FHIS Manual de Rendimientos 2003-11 (Cred. BM 3443-HO),2003
F032018,"CASTILLO DE 0.15X0.15m, 4#3, #2@20cm, CONC 1:2:2",ML,F03,"Estructura de concreto (solera, castillo, columna, viga)",F032,0,FHIS Manual de Rendimientos 2003-11 (Cred. BM 3443-HO),2003
F032019,"CASTILLO 25X25 4#4, #3@25cms, CONCRETO 1:2:2",ML,F03,"Estructura de concreto (solera, castillo, columna, viga)",F032,0,FHIS Manual de Rendimientos 2003-11 (Cred. BM 3443-HO),2003
F032020,"CASTILLO 15X15cm, 3#3, #2@15cm, CONC 1:2:2",ML,F03,"Estructura de concreto (solera, castillo, columna, viga)",F032,0,FHIS Manual de Rendimientos 2003-11 (Cred. BM 3443-HO),2003
F032021,"CASTILLO 15X15cm, 4#3, #2@20cm, CONC 1:2:4",ML,F03,"Estructura de concreto (solera, castillo, columna, viga)",F032,0,FHIS Manual de Rendimientos 2003-11 (Cred. BM 3443-HO),2003
F032022,"CASTILLO 10X15cm, 2#3, #2@20cm, CONC 1:2:4",ML,F03,"Estructura de concreto (solera, castillo, columna, viga)",F032,0,FHIS Manual de Rendimientos 2003-11 (Cred. BM 3443-HO),2003
F032023,"CASTILLO 15X15cm, 4#4, #2@0.15m, CONC 1:2:2",ML,F03,"Estructura de concreto (solera, castillo, columna, viga)",F032,0,FHIS Manual de Rendimientos 2003-11 (Cred. BM 3443-HO),2003
F032024,"CASTILLO 15X15cm, 4#3, #3@0.20cm,CONC 1:2:2",ML,F03,"Estructura de concreto (solera, castillo, columna, viga)",F032,0,FHIS Manual de Rendimientos 2003-11 (Cred. BM 3443-HO),2003
F032025,"CASTILLO 15X10, 2#3 Y #2 @ 20,CONCRETO 1:2:2",ML,F03,"Estructura de concreto (solera, castillo, columna, viga)",F032,0,FHIS Manual de Rendimientos 2003-11 (Cred. BM 3443-HO),2003
F032026,"CASTILLO 15X45, 2#3 Y #2 @ 20,CONCRETO 1:2:2",ML,F03,"Estructura de concreto (solera, castillo, columna, viga)",F032,0,FHIS Manual de Rendimientos 2003-11 (Cred. BM 3443-HO),2003
F032027,"CASTILLO 15X15 3#3, #2 @15cm CONCRETO 1:2:3",ML,F03,"Estructura de concreto (solera, castillo, columna, viga)",F032,0,FHIS Manual de Rendimientos 2003-11 (Cred. BM 3443-HO),2003
F033001,"JAMBA DE 10X10, 3#2, #2@15 CONCRETO 1:2:2",M.L.,F03,"Estructura de concreto (solera, castillo, columna, viga)",F033,0,FHIS Manual de Rendimientos 2003-11 (Cred. BM 3443-HO),2003
F033002,"JAMBA 10×10 2#3,#2@15 CONCRETO 1:2:2(INHABILITADA)",ML,F03,"Estructura de concreto (solera, castillo, columna, viga)",F033,1,FHIS Manual de Rendimientos 2003-11 (Cred. BM 3443-HO),2003
F033003,"JAMBA 10X20,2#3,#2@0.20, CONC 1:2:2(INHABILITADA)",M.L.,F03,"Estructura de concreto (solera, castillo, columna, viga)",F033,1,FHIS Manual de Rendimientos 2003-11 (Cred. BM 3443-HO),2003
F033004,"JAMBA 15X7,2#3 Y #2@15Cm.CONC 1:2:2(INHABILITADA)",M.L.,F03,"Estructura de concreto (solera, castillo, columna, viga)",F033,1,FHIS Manual de Rendimientos 2003-11 (Cred. BM 3443-HO),2003
F033005,"JAMBA VERTICAL 15X10, 2#3 Y #2 @ 20,CONCRETO 1:2:2",M.L.,F03,"Estructura de concreto (solera, castillo, columna, viga)",F033,0,FHIS Manual de Rendimientos 2003-11 (Cred. BM 3443-HO),2003
F033006,"JAMBA 10X10, 2#3, #2@15, CONCRETO 1:2:2",ML,F03,"Estructura de concreto (solera, castillo, columna, viga)",F033,0,FHIS Manual de Rendimientos 2003-11 (Cred. BM 3443-HO),2003
F033007,"JAMBA 10X20, 2#3, #2@0.20, CONCRETO 1:2:2",ML,F03,"Estructura de concreto (solera, castillo, columna, viga)",F033,0,FHIS Manual de Rendimientos 2003-11 (Cred. BM 3443-HO),2003
F033008,"JAMBA 15X7cm, 2#3, #2@15cm, CONC 1:2:2",ML,F03,"Estructura de concreto (solera, castillo, columna, viga)",F033,0,FHIS Manual de Rendimientos 2003-11 (Cred. BM 3443-HO),2003
F033009,"JAMBA 10X15cm, 2#3, #2@15 cm, CONC 1:2:2",ML,F03,"Estructura de concreto (solera, castillo, columna, viga)",F033,0,FHIS Manual de Rendimientos 2003-11 (Cred. BM 3443-HO),2003
F033010,"JAMBA 10X15cm, 2#3, #2@20cm, CONC 1:2:4",ML,F03,"Estructura de concreto (solera, castillo, columna, viga)",F033,0,FHIS Manual de Rendimientos 2003-11 (Cred. BM 3443-HO),2003
F034001,"COLUMNA 15 X 25 4Nº4, Nº2 @ 20, CONCRETO 1:2:2",M.L.,F03,"Estructura de concreto (solera, castillo, columna, viga)",F034,0,FHIS Manual de Rendimientos 2003-11 (Cred. BM 3443-HO),2003
F034002,"COLUMNA 20 X 20, 4Nº5, Nº3 @ 20, CONCRETO 1:2:2",M.L.,F03,"Estructura de concreto (solera, castillo, columna, viga)",F034,0,FHIS Manual de Rendimientos 2003-11 (Cred. BM 3443-HO),2003
F034003,"COLUMNA 20 X 20, 4Nº3, Nº2 @ 0.20, CONC. 1:2:2",M.L.,F03,"Estructura de concreto (solera, castillo, columna, viga)",F034,0,FHIS Manual de Rendimientos 2003-11 (Cred. BM 3443-HO),2003
F034004,"COLUMNA 20 X 20, 4Nº4, Nº3 @ 20, CONCRETO 1:2:2",M.L.,F03,"Estructura de concreto (solera, castillo, columna, viga)",F034,0,FHIS Manual de Rendimientos 2003-11 (Cred. BM 3443-HO),2003
F034005,"COLUMNA 20 X 25, 6Nº4, Nº2 @ 20, CONCRETO 1:2:2",M.L.,F03,"Estructura de concreto (solera, castillo, columna, viga)",F034,0,FHIS Manual de Rendimientos 2003-11 (Cred. BM 3443-HO),2003
F034006,"COLUMNA 20 X 30, 6Nº4, Nº3 @ 0.20, CONCRETO 1:2:2",M.L.,F03,"Estructura de concreto (solera, castillo, columna, viga)",F034,0,FHIS Manual de Rendimientos 2003-11 (Cred. BM 3443-HO),2003
F034007,"COLUMNA 20 X 40 8#6,#3@ 20,CONC1:2:2(INHABILITADA)",M.L.,F03,"Estructura de concreto (solera, castillo, columna, viga)",F034,1,FHIS Manual de Rendimientos 2003-11 (Cred. BM 3443-HO),2003
F034008,"COLUMNA 20 X 40 2Nº8, 2Nº5, Nº3 @ 30, CONC. 1:2:2",M.L.,F03,"Estructura de concreto (solera, castillo, columna, viga)",F034,0,FHIS Manual de Rendimientos 2003-11 (Cred. BM 3443-HO),2003
F034009,"COLUMNA 20 X 40, 6 Nº5, Nº3 @ 0.20, CONCRETO 1:2:2",M.L.,F03,"Estructura de concreto (solera, castillo, columna, viga)",F034,0,FHIS Manual de Rendimientos 2003-11 (Cred. BM 3443-HO),2003
F034010,"COLUMNA 20 X 40, 6 Nº5, Nº3 @ 0.30, CONCRETO 1:2:2",M.L.,F03,"Estructura de concreto (solera, castillo, columna, viga)",F034,0,FHIS Manual de Rendimientos 2003-11 (Cred. BM 3443-HO),2003
F034011,"COLUMNA 20 X 40, 8 Nº8, Nº3 @ 0.20, CONCRETO 1:2:2",M.L.,F03,"Estructura de concreto (solera, castillo, columna, viga)",F034,0,FHIS Manual de Rendimientos 2003-11 (Cred. BM 3443-HO),2003
F034012,"COLUMNA 20 X 60 4Nº4, Nº2 @ 20, CONCRETO 1:2:2",UNID,F03,"Estructura de concreto (solera, castillo, columna, viga)",F034,0,FHIS Manual de Rendimientos 2003-11 (Cred. BM 3443-HO),2003
F034013,"COLUMNA 20×15 4#4, #3@20, CONC1:2:2(INHABILITADA)",ML,F03,"Estructura de concreto (solera, castillo, columna, viga)",F034,1,FHIS Manual de Rendimientos 2003-11 (Cred. BM 3443-HO),2003
F034014,"COLUMNA 24 X 24 4Nº4, Nº2 @ 20, CONCRETO 1:2:2",M.L.,F03,"Estructura de concreto (solera, castillo, columna, viga)",F034,0,FHIS Manual de Rendimientos 2003-11 (Cred. BM 3443-HO),2003
F034015,"COLUMNA 25 X 25 4Nº5, Nº3 @ 15, CONCRETO 1:2:2",M.L.,F03,"Estructura de concreto (solera, castillo, columna, viga)",F034,0,FHIS Manual de Rendimientos 2003-11 (Cred. BM 3443-HO),2003
F034016,"COLUMNA 25 X 25 4Nº5, Nº2 @ 25, CONCRETO 1:2:2",M.L.,F03,"Estructura de concreto (solera, castillo, columna, viga)",F034,0,FHIS Manual de Rendimientos 2003-11 (Cred. BM 3443-HO),2003
F034017,"COLUMNA 25 X 25 6Nº5, Nº3 @ 15, CONCRETO 1:2:2",M.L.,F03,"Estructura de concreto (solera, castillo, columna, viga)",F034,0,FHIS Manual de Rendimientos 2003-11 (Cred. BM 3443-HO),2003
F034018,"COLUMNA 25 X 25 6Nº5, Nº3 @ 20, CONCRETO 1:2:2",M.L.,F03,"Estructura de concreto (solera, castillo, columna, viga)",F034,0,FHIS Manual de Rendimientos 2003-11 (Cred. BM 3443-HO),2003
F034019,"COLUMNA 25 X 25, 4Nº4, 2Nº3, Nº2 @ 20, CONC. 1:2:2",M.L.,F03,"Estructura de concreto (solera, castillo, columna, viga)",F034,0,FHIS Manual de Rendimientos 2003-11 (Cred. BM 3443-HO),2003
F034020,"COLUMNA 25 X 25, 6Nº5, Nº3 @ 0.2.CONC. 1:2:2",UNID.,F03,"Estructura de concreto (solera, castillo, columna, viga)",F034,0,FHIS Manual de Rendimientos 2003-11 (Cred. BM 3443-HO),2003
F034021,"COLUMNA 25 X 25, 8Nº4, Nº3 @ 0.10, CONCRETO 1:2:2",M.L.,F03,"Estructura de concreto (solera, castillo, columna, viga)",F034,0,FHIS Manual de Rendimientos 2003-11 (Cred. BM 3443-HO),2003
F034022,"COLUMNA 25 X 30 6Nº4, Nº3 @ 20, CONCRETO 1:2:2",M.L.,F03,"Estructura de concreto (solera, castillo, columna, viga)",F034,0,FHIS Manual de Rendimientos 2003-11 (Cred. BM 3443-HO),2003
F034023,"COLUMNA 25 X 30, 4 Nº5, Nº2 @ 0.20, CONCRETO 1:2:2",M.L.,F03,"Estructura de concreto (solera, castillo, columna, viga)",F034,0,FHIS Manual de Rendimientos 2003-11 (Cred. BM 3443-HO),2003
F034024,"COLUNMA 30 X 15, 6Nº4, Nº3 @ 0.15, CONCRETO 1:2:2",M.L.,F03,"Estructura de concreto (solera, castillo, columna, viga)",F034,0,FHIS Manual de Rendimientos 2003-11 (Cred. BM 3443-HO),2003
F034025,"COLUMNA 30 X 20 4Nº4, 4Nº6, Nº3 @ 20, CONC. 1:2:2",UNID,F03,"Estructura de concreto (solera, castillo, columna, viga)",F034,0,FHIS Manual de Rendimientos 2003-11 (Cred. BM 3443-HO),2003
F034026,"COLUMNA 30 X 30 4Nº6, Nº2 @ 20, CONCRETO 1:2:2",M.L.,F03,"Estructura de concreto (solera, castillo, columna, viga)",F034,0,FHIS Manual de Rendimientos 2003-11 (Cred. BM 3443-HO),2003
F034027,"COLUMNA 30 X 30 4Nº5, 2Nº6, Nº3 @ 30, CONC. 1:2:2",M.L.,F03,"Estructura de concreto (solera, castillo, columna, viga)",F034,0,FHIS Manual de Rendimientos 2003-11 (Cred. BM 3443-HO),2003
F034028,"COLUMNA 30 X 30 4Nº6, Nº3 @ 20, CONCRETO 1:2:2",M.L.,F03,"Estructura de concreto (solera, castillo, columna, viga)",F034,0,FHIS Manual de Rendimientos 2003-11 (Cred. BM 3443-HO),2003
F034029,"COLUMNA 30 X 30 4Nº4, 2Nº3, Nº3 @ 20, CONC. 1:2:2",M.L.,F03,"Estructura de concreto (solera, castillo, columna, viga)",F034,0,FHIS Manual de Rendimientos 2003-11 (Cred. BM 3443-HO),2003
F034030,"COLUMNA 30 X 30 8Nº3, Nº2 @ 20, CONCRETO 1:2:2",M.L.,F03,"Estructura de concreto (solera, castillo, columna, viga)",F034,0,FHIS Manual de Rendimientos 2003-11 (Cred. BM 3443-HO),2003
F034031,"COLUMNA 30 X 30, 6Nº6, Nº3 @ 20, CONCRETO 1:2:2",ML,F03,"Estructura de concreto (solera, castillo, columna, viga)",F034,0,FHIS Manual de Rendimientos 2003-11 (Cred. BM 3443-HO),2003
F034032,"COLUMNA 30 X 30, 4Nº6, Nº3 @ 15, CONCRETO 1:2:2",UNID,F03,"Estructura de concreto (solera, castillo, columna, viga)",F034,0,FHIS Manual de Rendimientos 2003-11 (Cred. BM 3443-HO),2003
F034033,"COLUMNA 30 X 30, 4 Nº6, Nº3 @ 0.05, CONCRETO 1:2:2",M.L.,F03,"Estructura de concreto (solera, castillo, columna, viga)",F034,0,FHIS Manual de Rendimientos 2003-11 (Cred. BM 3443-HO),2003
F034034,"COLUMNA 30 X 30, 4 Nº6, Nº3 @ 0.20, CONCRETO 1:2:2",M.L.,F03,"Estructura de concreto (solera, castillo, columna, viga)",F034,0,FHIS Manual de Rendimientos 2003-11 (Cred. BM 3443-HO),2003
F034035,"COLUMNA 30 X 30, 4Nº6, Nº3 @ 20, CONCRETO 1:2:2",M.L.,F03,"Estructura de concreto (solera, castillo, columna, viga)",F034,0,FHIS Manual de Rendimientos 2003-11 (Cred. BM 3443-HO),2003
F034036,"COLUMNA 30X30,4#3,#2@20,CONC 1:2:2(INHABILITADA)",M.L.,F03,"Estructura de concreto (solera, castillo, columna, viga)",F034,1,FHIS Manual de Rendimientos 2003-11 (Cred. BM 3443-HO),2003
F034037,"COLUMNA 30 X 30 4Nº4, Nº2 @ 20, CONCRETO 1:2:2",M.L.,F03,"Estructura de concreto (solera, castillo, columna, viga)",F034,0,FHIS Manual de Rendimientos 2003-11 (Cred. BM 3443-HO),2003
F034038,"COLUMNA 30 X 30, 5 Nº5, Nº3 @ 0.14, CONCRETO 1:2:2",M.L.,F03,"Estructura de concreto (solera, castillo, columna, viga)",F034,0,FHIS Manual de Rendimientos 2003-11 (Cred. BM 3443-HO),2003
F034039,"COLUMNA 30 X 30, 6 Nº4, Nº3 @ 0.20, CONCRETO 1:2:2",M.L.,F03,"Estructura de concreto (solera, castillo, columna, viga)",F034,0,FHIS Manual de Rendimientos 2003-11 (Cred. BM 3443-HO),2003
F034040,"COLUMNA 30 X 30 6Nº6, Nº3 @ 20, CONCRETO 1:2:2",M2,F03,"Estructura de concreto (solera, castillo, columna, viga)",F034,0,FHIS Manual de Rendimientos 2003-11 (Cred. BM 3443-HO),2003
F034041,"COLUMNA 30 X 30,6#6,#3@ 0.2CONC1:2:2(INHABILITADA)",M.L.,F03,"Estructura de concreto (solera, castillo, columna, viga)",F034,1,FHIS Manual de Rendimientos 2003-11 (Cred. BM 3443-HO),2003
F034042,"COLUMNA 30 X 30, 8 Nº5, Nº3 @ 0.14, CONCRETO 1:2:2",M.L.,F03,"Estructura de concreto (solera, castillo, columna, viga)",F034,0,FHIS Manual de Rendimientos 2003-11 (Cred. BM 3443-HO),2003
F034043,"COLUMNA 30 X 30, 8Nº6, Nº3 @ 0.2.CONC. 1:2:2",M.L.,F03,"Estructura de concreto (solera, castillo, columna, viga)",F034,0,FHIS Manual de Rendimientos 2003-11 (Cred. BM 3443-HO),2003
F034044,"COLUMNA 30 X 30, 8Nº7, Nº3 @ 0.1.CONCRETO 1:2:2",M.L.,F03,"Estructura de concreto (solera, castillo, columna, viga)",F034,0,FHIS Manual de Rendimientos 2003-11 (Cred. BM 3443-HO),2003
F034045,"COLUMNA 30 X 35, 6 Nº6 3 @ 20 CM, CONCRETO 1:2:2",M.L.,F03,"Estructura de concreto (solera, castillo, columna, viga)",F034,0,FHIS Manual de Rendimientos 2003-11 (Cred. BM 3443-HO),2003
F034046,"COLUMNA 30 X 40 8Nº8, Nº3 @ 20, CONCRETO 1:2:2",M.L.,F03,"Estructura de concreto (solera, castillo, columna, viga)",F034,0,FHIS Manual de Rendimientos 2003-11 (Cred. BM 3443-HO),2003
F034047,"COLUMNA 30 X 40, 6 Nº8, Nº3 @ 0.16, CONCRETO 1:2:2",M.L.,F03,"Estructura de concreto (solera, castillo, columna, viga)",F034,0,FHIS Manual de Rendimientos 2003-11 (Cred. BM 3443-HO),2003
F034048,"COLUMNA 30 X 40, 8 Nº8, Nº3 @ 0.16, CONCRETO 1:2:2",M.L.,F03,"Estructura de concreto (solera, castillo, columna, viga)",F034,0,FHIS Manual de Rendimientos 2003-11 (Cred. BM 3443-HO),2003
F034049,"COLUMNA 30 X 42, 4Nº5, 4Nº4, Nº3 @ 0.2.CONC. 1:2:2",M.L.,F03,"Estructura de concreto (solera, castillo, columna, viga)",F034,0,FHIS Manual de Rendimientos 2003-11 (Cred. BM 3443-HO),2003
F034050,"COLUMNA 35 X 35, 6Nº5, Nº3 @ 0.20, CONCRETO 1:2:2",M.L.,F03,"Estructura de concreto (solera, castillo, columna, viga)",F034,0,FHIS Manual de Rendimientos 2003-11 (Cred. BM 3443-HO),2003
F034051,"COLUMNA 35 X 45, 6Nº7, Nº2 @ 0.20, CONCRETO 1:2:2",M.L.,F03,"Estructura de concreto (solera, castillo, columna, viga)",F034,0,FHIS Manual de Rendimientos 2003-11 (Cred. BM 3443-HO),2003
F034052,"COLUMNA 36X36,8#6,#3@20,CONC1:2:2(INHABILITADA)",M.L.,F03,"Estructura de concreto (solera, castillo, columna, viga)",F034,1,FHIS Manual de Rendimientos 2003-11 (Cred. BM 3443-HO),2003
F034053,"COLUMNA 40 X 40 6Nº5, Nº3 @ 0.20, CONCRETO 1:2:2",M.L.,F03,"Estructura de concreto (solera, castillo, columna, viga)",F034,0,FHIS Manual de Rendimientos 2003-11 (Cred. BM 3443-HO),2003
F034054,"COLUMNA 40 X 40 6Nº8, Nº3 @ 20, CONCRETO 1:2:2",M.L.,F03,"Estructura de concreto (solera, castillo, columna, viga)",F034,0,FHIS Manual de Rendimientos 2003-11 (Cred. BM 3443-HO),2003
F034055,"COLUMNA 40X40, 4Nº5 y Nº3 @ 20, CONCRETO 1:2:2",M.L.,F03,"Estructura de concreto (solera, castillo, columna, viga)",F034,0,FHIS Manual de Rendimientos 2003-11 (Cred. BM 3443-HO),2003
F034056,"COLUMNA 40 X 40, 6Nº6, Nº3 @ 20, CON. 1:2:2",M.L.,F03,"Estructura de concreto (solera, castillo, columna, viga)",F034,0,FHIS Manual de Rendimientos 2003-11 (Cred. BM 3443-HO),2003
F034057,"COLUMNA 40 X 40, 8 Nº6, Nº3 @ 0.20, CONCRETO 1:2:2",M.L.,F03,"Estructura de concreto (solera, castillo, columna, viga)",F034,0,FHIS Manual de Rendimientos 2003-11 (Cred. BM 3443-HO),2003
F034058,"COLUMNA 40 X 40, 12Nº7, Nº3 @ 20, CONCRETO 1:2:2",M.L.,F03,"Estructura de concreto (solera, castillo, columna, viga)",F034,0,FHIS Manual de Rendimientos 2003-11 (Cred. BM 3443-HO),2003
F034059,"COLUMNA 40 X 50, 8Nº8, Nº3 @ 0.15. CONCRETO 1:2:2",M.L.,F03,"Estructura de concreto (solera, castillo, columna, viga)",F034,0,FHIS Manual de Rendimientos 2003-11 (Cred. BM 3443-HO),2003
F034060,"COLUMNA 40 X 60, 8Nº8, Nº3 @ 0.15 CONCRETO 1:2:2",M.L.,F03,"Estructura de concreto (solera, castillo, columna, viga)",F034,0,FHIS Manual de Rendimientos 2003-11 (Cred. BM 3443-HO),2003
F034061,"COLUMNA 42 X 30, 4Nº6, Nº3 @ 20 CONC. 1:2:2",M.L.,F03,"Estructura de concreto (solera, castillo, columna, viga)",F034,0,FHIS Manual de Rendimientos 2003-11 (Cred. BM 3443-HO),2003
F034062,"COLUMNA 45 x 20 6Nº6, Nº3 @ 20, CONCRETO 1:2:2",ML,F03,"Estructura de concreto (solera, castillo, columna, viga)",F034,0,FHIS Manual de Rendimientos 2003-11 (Cred. BM 3443-HO),2003
F034063,"COLUMNA 50 X 60, 8Nº8, Nº3 @ 0.15 CONCRETO 1:2:2",M.L.,F03,"Estructura de concreto (solera, castillo, columna, viga)",F034,0,FHIS Manual de Rendimientos 2003-11 (Cred. BM 3443-HO),2003
F034064,"COLUMNA 60 X 36, 4Nº6, Nº3 @ 20, CONCRETO 1:2:2",M.L.,F03,"Estructura de concreto (solera, castillo, columna, viga)",F034,0,FHIS Manual de Rendimientos 2003-11 (Cred. BM 3443-HO),2003
F034065,"COLUMNA 60 x 60, 8Nº6, Nº3 @ 30, CONCRETO 1:2:2",ML.,F03,"Estructura de concreto (solera, castillo, columna, viga)",F034,0,FHIS Manual de Rendimientos 2003-11 (Cred. BM 3443-HO),2003
F034066,"COLUMNA 20X30cm, 4#5,#3@20cm(C-1), 1:2:2",ML,F03,"Estructura de concreto (solera, castillo, columna, viga)",F034,0,FHIS Manual de Rendimientos 2003-11 (Cred. BM 3443-HO),2003
F034067,"COLUMNA DE CANALETA DE 4"" DOBLE,H=3.00, CON PEDEST",UNID,F03,"Estructura de concreto (solera, castillo, columna, viga)",F034,0,FHIS Manual de Rendimientos 2003-11 (Cred. BM 3443-HO),2003
F034068,"COLUMNA DE BLOQUE DE CONC.,4#3,#2 @20,CONC 1:2:2",ML,F03,"Estructura de concreto (solera, castillo, columna, viga)",F034,0,FHIS Manual de Rendimientos 2003-11 (Cred. BM 3443-HO),2003
F034069,"COLUMNA L 30X30X15cm, 5#4,2#3, #3@20",ML,F03,"Estructura de concreto (solera, castillo, columna, viga)",F034,0,FHIS Manual de Rendimientos 2003-11 (Cred. BM 3443-HO),2003
F034070,"COLUMNA DE BLOQUE DE CONC 20cm,2#3@HUECO,#3@20cm",ML,F03,"Estructura de concreto (solera, castillo, columna, viga)",F034,0,FHIS Manual de Rendimientos 2003-11 (Cred. BM 3443-HO),2003
F034071,"COLUMNA 20X40cm, 8#6,#3@20cm,CONC 1:2:2",ML,F03,"Estructura de concreto (solera, castillo, columna, viga)",F034,0,FHIS Manual de Rendimientos 2003-11 (Cred. BM 3443-HO),2003
F034072,"COLUMNA 20X15cm, 4#4,#3@20cm, CONC 1:2:2",ML,F03,"Estructura de concreto (solera, castillo, columna, viga)",F034,0,FHIS Manual de Rendimientos 2003-11 (Cred. BM 3443-HO),2003
F034073,"COLUMNA 30X30cm,4#3,#2@20cm,CONC 1:2:2",ML,F03,"Estructura de concreto (solera, castillo, columna, viga)",F034,0,FHIS Manual de Rendimientos 2003-11 (Cred. BM 3443-HO),2003
F034074,"COLUMNA 36X36cm, 8#6,#3@20cm,CONC. 1:1:",ML,F03,"Estructura de concreto (solera, castillo, columna, viga)",F034,0,FHIS Manual de Rendimientos 2003-11 (Cred. BM 3443-HO),2003
F034075,"COLUMNA 20X30cm, 6#3, #2@15 cm, CONC 1:2:2",ML,F03,"Estructura de concreto (solera, castillo, columna, viga)",F034,0,FHIS Manual de Rendimientos 2003-11 (Cred. BM 3443-HO),2003
F034076,"COLUMNA 20X20cm, 4#3,#2@20cm, CONC 1:2:4",ML,F03,"Estructura de concreto (solera, castillo, columna, viga)",F034,0,FHIS Manual de Rendimientos 2003-11 (Cred. BM 3443-HO),2003
F034077,"COLUMNA 25X25cm, 4#4, #2 @15cm, CONC 1:2:2",ML,F03,"Estructura de concreto (solera, castillo, columna, viga)",F034,0,FHIS Manual de Rendimientos 2003-11 (Cred. BM 3443-HO),2003
F034078,"COLUMNA 30X40, 8#8, #3@25 Y #3@10, CONC 1:2:2",ML,F03,"Estructura de concreto (solera, castillo, columna, viga)",F034,0,FHIS Manual de Rendimientos 2003-11 (Cred. BM 3443-HO),2003
F034079,"COLUMNA 30X40, 4#8,#3@10cm Y #3@25cm,CONC 1:2:2",ML,F03,"Estructura de concreto (solera, castillo, columna, viga)",F034,0,FHIS Manual de Rendimientos 2003-11 (Cred. BM 3443-HO),2003
F034080,"COLUMNA 20X20cm,4#4,#2@0.15m, CONC 1:2:4",ML,F03,"Estructura de concreto (solera, castillo, columna, viga)",F034,0,FHIS Manual de Rendimientos 2003-11 (Cred. BM 3443-HO),2003
F034081,"COLUMNA 20X40, 4#5, #3 @20 CMS. CONCR. 1:2:2",ML,F03,"Estructura de concreto (solera, castillo, columna, viga)",F034,0,FHIS Manual de Rendimientos 2003-11 (Cred. BM 3443-HO),2003
F034082,"COLUMNA 50 X 50, 12Nº8, Nº3 @ 0.12, CONC. 1:2:2",ML,F03,"Estructura de concreto (solera, castillo, columna, viga)",F034,0,FHIS Manual de Rendimientos 2003-11 (Cred. BM 3443-HO),2003
F034083,"COLUMNA 30X30, 4#5, #3@15cm, CON 1:2:2",ML,F03,"Estructura de concreto (solera, castillo, columna, viga)",F034,0,FHIS Manual de Rendimientos 2003-11 (Cred. BM 3443-HO),2003
F034084,"COLUMNA 40x40cm,8#5,#3@20cm, CONC 1:1.5:1.5",ML,F03,"Estructura de concreto (solera, castillo, columna, viga)",F034,0,FHIS Manual de Rendimientos 2003-11 (Cred. BM 3443-HO),2003
F034085,"COLUMNA 24X25cm,4#5 Y #2@20cm,CONC 1:2:2",ML,F03,"Estructura de concreto (solera, castillo, columna, viga)",F034,0,FHIS Manual de Rendimientos 2003-11 (Cred. BM 3443-HO),2003
F034086,"COLUMNA 20 X 20, 4Nº4, Nº2 @ 0.20, CONC. 1:2:4",ML,F03,"Estructura de concreto (solera, castillo, columna, viga)",F034,0,FHIS Manual de Rendimientos 2003-11 (Cred. BM 3443-HO),2003
F034087,"COLUMNA 15 X 35, 4Nº3, Nº2 @ 0.20m, CONC. 1:2:4",ML,F03,"Estructura de concreto (solera, castillo, columna, viga)",F034,0,FHIS Manual de Rendimientos 2003-11 (Cred. BM 3443-HO),2003
F034088,"COLUMNA 40X40, 8#5,#3 @ 25. CONCR. 1:2:2",M.L.,F03,"Estructura de concreto (solera, castillo, columna, viga)",F034,0,FHIS Manual de Rendimientos 2003-11 (Cred. BM 3443-HO),2003
F035001,"BATIENTE DE 10X15 2 #3, #2@ 15 CONCR. 1:2:2",M.L.,F03,"Estructura de concreto (solera, castillo, columna, viga)",F035,0,FHIS Manual de Rendimientos 2003-11 (Cred. BM 3443-HO),2003
F035002,"BATIENTE 10X20 2#3, #2@ 15 CON1:2:2(INHABILITADA)",M.L.,F03,"Estructura de concreto (solera, castillo, columna, viga)",F035,1,FHIS Manual de Rendimientos 2003-11 (Cred. BM 3443-HO),2003
F035003,"BATIENTE DE 10X20 2#3,2#6, #2 @ 0.10 CONCR. 1:2:2",M.L.,F03,"Estructura de concreto (solera, castillo, columna, viga)",F035,0,FHIS Manual de Rendimientos 2003-11 (Cred. BM 3443-HO),2003
F035004,BATIENTE DE 10X20 S/REF. CONC1:2:2(INHABILITADA),M.L.,F03,"Estructura de concreto (solera, castillo, columna, viga)",F035,1,FHIS Manual de Rendimientos 2003-11 (Cred. BM 3443-HO),2003
F035005,"BATIENTE DE 10X20cm 2#3, #2 @ 15cm CONCRETO 1:2:2",ML,F03,"Estructura de concreto (solera, castillo, columna, viga)",F035,0,FHIS Manual de Rendimientos 2003-11 (Cred. BM 3443-HO),2003
F035006,"BATIENTE 10X20cm, SIN REFUERZO CONCRETO 1:2:2",ML,F03,"Estructura de concreto (solera, castillo, columna, viga)",F035,0,FHIS Manual de Rendimientos 2003-11 (Cred. BM 3443-HO),2003
F035007,"BATIENTE C/PESTAÑA,10X20cm,2#3,#2@0.20,CONC 1:2:4",ML,F03,"Estructura de concreto (solera, castillo, columna, viga)",F035,0,FHIS Manual de Rendimientos 2003-11 (Cred. BM 3443-HO),2003
F035008,"BATIENTE DE CONCRETO 10X15cm,2#3,#2@20cm, 1:2:4",ML,F03,"Estructura de concreto (solera, castillo, columna, viga)",F035,0,FHIS Manual de Rendimientos 2003-11 (Cred. BM 3443-HO),2003
F035009,"BATIENTE C/PESTAÑA 10X15cm,2#3,#2@25,CONC 1:2:2",ML,F03,"Estructura de concreto (solera, castillo, columna, viga)",F035,0,FHIS Manual de Rendimientos 2003-11 (Cred. BM 3443-HO),2003
F035010,"BATIENTE LISO 10X15cm,2#3,#2@25,CONC 1:2:2",ML,F03,"Estructura de concreto (solera, castillo, columna, viga)",F035,0,FHIS Manual de Rendimientos 2003-11 (Cred. BM 3443-HO),2003
F035011,"BATIENTE LISO 10X15cm, 2#3, #2@20cm,CONC 1:2:2",ML,F03,"Estructura de concreto (solera, castillo, columna, viga)",F035,0,FHIS Manual de Rendimientos 2003-11 (Cred. BM 3443-HO),2003
F035012,"BATIENTE LISO 0.10X0.15m, 2#3,#2@0.20m,CONC 1:2:4",ML,F03,"Estructura de concreto (solera, castillo, columna, viga)",F035,0,FHIS Manual de Rendimientos 2003-11 (Cred. BM 3443-HO),2003
F035013,"BATIENTE LISO 10X15cm, 1#3, #2@20cm,CONC 1:2:2",ML,F03,"Estructura de concreto (solera, castillo, columna, viga)",F035,0,FHIS Manual de Rendimientos 2003-11 (Cred. BM 3443-HO),2003
F035014,"BATIENTE C/PESTAÑA 10×20, 2#3,#2 @20, CONCR. 1:2:2",M.L.,F03,"Estructura de concreto (solera, castillo, columna, viga)",F035,0,FHIS Manual de Rendimientos 2003-11 (Cred. BM 3443-HO),2003
F036001,CARGADOR DE 10X15 2#3;#2 @ 0.15 CONCRETO 1:2:2,M.L.,F03,"Estructura de concreto (solera, castillo, columna, viga)",F036,0,FHIS Manual de Rendimientos 2003-11 (Cred. BM 3443-HO),2003
F036002,"CARGADOR DE 5X20 2#3;#2 @ 0.2, CONCRETO 1:2:2",M.L.,F03,"Estructura de concreto (solera, castillo, columna, viga)",F036,0,FHIS Manual de Rendimientos 2003-11 (Cred. BM 3443-HO),2003
F036003,"CARGADOR 10X15cm, 2#3,#2@15cm,CONC 1:2:4",ML,F03,"Estructura de concreto (solera, castillo, columna, viga)",F036,0,FHIS Manual de Rendimientos 2003-11 (Cred. BM 3443-HO),2003
F036004,CARGADOR DE 10X15 2#3;#2 @ 0.20 CONCRETO 1:2:4,ML,F03,"Estructura de concreto (solera, castillo, columna, viga)",F036,0,FHIS Manual de Rendimientos 2003-11 (Cred. BM 3443-HO),2003
F036005,CARGADOR DE 10X15 2#3;#2 @ 0.20 CONCRETO 1:2:2,ML,F03,"Estructura de concreto (solera, castillo, columna, viga)",F036,0,FHIS Manual de Rendimientos 2003-11 (Cred. BM 3443-HO),2003
F037001,"VIGA AEREA DE B=15 H=30,6#4+1#5; #3 @ 0.15 CONCR.1",M.L.,F03,"Estructura de concreto (solera, castillo, columna, viga)",F037,0,FHIS Manual de Rendimientos 2003-11 (Cred. BM 3443-HO),2003
F037002,VIGA AEREA DE B=15H=25.4#4 #2 @ 0.15 CONCR.1;2;2,M.L.,F03,"Estructura de concreto (solera, castillo, columna, viga)",F037,0,FHIS Manual de Rendimientos 2003-11 (Cred. BM 3443-HO),2003
F037003,"VIGA AEREA DE B=20 H=25,2#5+2#3; #2@15, CON 1:2:2",M.L.,F03,"Estructura de concreto (solera, castillo, columna, viga)",F037,0,FHIS Manual de Rendimientos 2003-11 (Cred. BM 3443-HO),2003
F037004,"VIGA AEREA B=20 H=40,9#6,#2@0.20(INHABILITADA)",M.L.,F03,"Estructura de concreto (solera, castillo, columna, viga)",F037,1,FHIS Manual de Rendimientos 2003-11 (Cred. BM 3443-HO),2003
F037005,"VIGA AEREA DE B=30 H=45,,7#6;#3@ 0.15 CONCR.1",M.L.,F03,"Estructura de concreto (solera, castillo, columna, viga)",F037,0,FHIS Manual de Rendimientos 2003-11 (Cred. BM 3443-HO),2003
F037006,"VIGA AEREA DE B=30 H=45; 4No.6, 1No.4, No2 @ 15",M.L.,F03,"Estructura de concreto (solera, castillo, columna, viga)",F037,0,FHIS Manual de Rendimientos 2003-11 (Cred. BM 3443-HO),2003
F037007,"VIGA DE 15X20 4#4,#2@20CM.CONC1:2:2(INHABILITADA)",M.L.,F03,"Estructura de concreto (solera, castillo, columna, viga)",F037,1,FHIS Manual de Rendimientos 2003-11 (Cred. BM 3443-HO),2003
F037008,"VIGA DE 15X30 ;2#4 INF;2#3 SUP,#2@15 CONC. 1:2:2",M.L.,F03,"Estructura de concreto (solera, castillo, columna, viga)",F037,0,FHIS Manual de Rendimientos 2003-11 (Cred. BM 3443-HO),2003
F037009,VIGA DE 15X30;2 #4 SUP;3#4 INF; #2@15 CONCRE 1:2:2,M.L.,F03,"Estructura de concreto (solera, castillo, columna, viga)",F037,0,FHIS Manual de Rendimientos 2003-11 (Cred. BM 3443-HO),2003
F037010,"VIGA DE 15X30;2 #5 INF;2#4,1#3 INF; #2@15 CONC1:2:2",M.L.,F03,"Estructura de concreto (solera, castillo, columna, viga)",F037,0,FHIS Manual de Rendimientos 2003-11 (Cred. BM 3443-HO),2003
F037011,"VIGA DE 15X40 4#5, #3 @ 20",M.L.,F03,"Estructura de concreto (solera, castillo, columna, viga)",F037,0,FHIS Manual de Rendimientos 2003-11 (Cred. BM 3443-HO),2003
F037012,"VIGA DE 20X20 4#4, #2@20, CONCRETO 1:2:2",ML,F03,"Estructura de concreto (solera, castillo, columna, viga)",F037,0,FHIS Manual de Rendimientos 2003-11 (Cred. BM 3443-HO),2003
F037013,"VIGA 20X25 2#6, 2#3, #2 @ 15",M.L.,F03,"Estructura de concreto (solera, castillo, columna, viga)",F037,0,FHIS Manual de Rendimientos 2003-11 (Cred. BM 3443-HO),2003
F037014,"VIGA DE 20X25, 4#4, #2@20, CONCRETO 1:2:2",M.L.,F03,"Estructura de concreto (solera, castillo, columna, viga)",F037,0,FHIS Manual de Rendimientos 2003-11 (Cred. BM 3443-HO),2003
F037015,"VIGA DE 20X25, 4#5, ANILLOS #2 @ 20 CMS",M.L.,F03,"Estructura de concreto (solera, castillo, columna, viga)",F037,0,FHIS Manual de Rendimientos 2003-11 (Cred. BM 3443-HO),2003
F037016,"VIGA DE 20X30 5#4, No3@10, CONC1:2:2(INHABILITADA)",M.L.,F03,"Estructura de concreto (solera, castillo, columna, viga)",F037,1,FHIS Manual de Rendimientos 2003-11 (Cred. BM 3443-HO),2003
F037017,"VIGA 20X30 4#3, #3 @ 20",M.L.,F03,"Estructura de concreto (solera, castillo, columna, viga)",F037,0,FHIS Manual de Rendimientos 2003-11 (Cred. BM 3443-HO),2003
F037018,"VIGA DE 20X30; 2 #5 SUP 3#5 INF, #2@15 CONCRE 1:2:2",M.L.,F03,"Estructura de concreto (solera, castillo, columna, viga)",F037,0,FHIS Manual de Rendimientos 2003-11 (Cred. BM 3443-HO),2003
F037019,"VIGA DE 20X35 3#4, 3#5, #3@15, CONCRETO 1:2:2",UNID,F03,"Estructura de concreto (solera, castillo, columna, viga)",F037,0,FHIS Manual de Rendimientos 2003-11 (Cred. BM 3443-HO),2003
F037020,"VIGA DE 25X35,4#6,4#5,#3@20,CONC1:2:2(INHABILITAD)",M.L.,F03,"Estructura de concreto (solera, castillo, columna, viga)",F037,0,FHIS Manual de Rendimientos 2003-11 (Cred. BM 3443-HO),2003
F037021,"VIGA DE 20X35 4#6, 3#5, #3@15, CONCRETO 1:2:2",UUNID,F03,"Estructura de concreto (solera, castillo, columna, viga)",F037,0,FHIS Manual de Rendimientos 2003-11 (Cred. BM 3443-HO),2003
F037022,"VIGA DE 20X40 AER2#3,2#5,2#6Y#2,CONC1:2:2(INHABIL)",M.L.,F03,"Estructura de concreto (solera, castillo, columna, viga)",F037,0,FHIS Manual de Rendimientos 2003-11 (Cred. BM 3443-HO),2003
F037023,"VIGA DE 20X40, 6#6, #2 @ 20 CMS, CONCRETO 1:2:2",M.L.,F03,"Estructura de concreto (solera, castillo, columna, viga)",F037,0,FHIS Manual de Rendimientos 2003-11 (Cred. BM 3443-HO),2003
F037024,VIGA DE 24X22 4#4 Y #2 @ 15 CMS. CONCRETO 1:2:2,M.L.,F03,"Estructura de concreto (solera, castillo, columna, viga)",F037,0,FHIS Manual de Rendimientos 2003-11 (Cred. BM 3443-HO),2003
F037025,"VIGA DE 25X25 2#4, 2#5, #2 @ 20, CONCRETO 1:2:2",M.L.,F03,"Estructura de concreto (solera, castillo, columna, viga)",F037,0,FHIS Manual de Rendimientos 2003-11 (Cred. BM 3443-HO),2003
F037026,"VIGA DE 25X30, SUP2#5, INF3#5 Y #3@15, CONCR 1:2:2",M.L.,F03,"Estructura de concreto (solera, castillo, columna, viga)",F037,0,FHIS Manual de Rendimientos 2003-11 (Cred. BM 3443-HO),2003
F037027,"VIGA DE 25X30, SUP4#5, INF.6#5, #3@15 CONCRE 1:2:2",M.L.,F03,"Estructura de concreto (solera, castillo, columna, viga)",F037,0,FHIS Manual de Rendimientos 2003-11 (Cred. BM 3443-HO),2003
F037028,"VIGA DE 25X35 5#6, 2#5, #3 @ 25, CONCRETO 1:2:2",M.L.,F03,"Estructura de concreto (solera, castillo, columna, viga)",F037,0,FHIS Manual de Rendimientos 2003-11 (Cred. BM 3443-HO),2003
F037029,"VIGA DE 25X35, 4#5, #3 @ 15, CONCRETO 1:2:2",M.L.,F03,"Estructura de concreto (solera, castillo, columna, viga)",F037,0,FHIS Manual de Rendimientos 2003-11 (Cred. BM 3443-HO),2003
F037031,"VIGA DE 25X35, 6#5, #2 @ 18, CONCRETO 1:2:2",M.L.,F03,"Estructura de concreto (solera, castillo, columna, viga)",F037,0,FHIS Manual de Rendimientos 2003-11 (Cred. BM 3443-HO),2003
F037032,"VIGA DE 25X35, INF.4#3, SUP,2#5, #2 @15CONCR 1:2:2",M.L.,F03,"Estructura de concreto (solera, castillo, columna, viga)",F037,0,FHIS Manual de Rendimientos 2003-11 (Cred. BM 3443-HO),2003
F037033,"VIGA 25X40,SUP4#7,INF5#8,#3@15CONC1:2:2(INHABILIT)",M.L,F03,"Estructura de concreto (solera, castillo, columna, viga)",F037,0,FHIS Manual de Rendimientos 2003-11 (Cred. BM 3443-HO),2003
F037034,"VIGA 25X50 4#6,2#5Y#3@20Cm CONC 1:2:2(INHABILITAD)",M.L.,F03,"Estructura de concreto (solera, castillo, columna, viga)",F037,0,FHIS Manual de Rendimientos 2003-11 (Cred. BM 3443-HO),2003
F037035,"VIGA DE 25X50, 4#6, 4#5, #3 @ 15, CONCRETO 1:2:2",M.L.,F03,"Estructura de concreto (solera, castillo, columna, viga)",F037,0,FHIS Manual de Rendimientos 2003-11 (Cred. BM 3443-HO),2003
F037036,"VIGA 25X50,4#6,4#5,#3@18,CONC1:2:2(INHABILITADA)",M.L.,F03,"Estructura de concreto (solera, castillo, columna, viga)",F037,1,FHIS Manual de Rendimientos 2003-11 (Cred. BM 3443-HO),2003
F037037,"VIGA DE 30X40, SUP4#7,1#5,INF5#8, #3@15 CONC 1:2:2",M.L.,F03,"Estructura de concreto (solera, castillo, columna, viga)",F037,0,FHIS Manual de Rendimientos 2003-11 (Cred. BM 3443-HO),2003
F037038,"VIGA DE CONCRETO 30X50, 4#8, #3 @15cm",M.L.,F03,"Estructura de concreto (solera, castillo, columna, viga)",F037,0,FHIS Manual de Rendimientos 2003-11 (Cred. BM 3443-HO),2003
F037039,"VIGA DE 50×20 6#5, 2#6, #2@15, CONCRETO 1:2:2",ML,F03,"Estructura de concreto (solera, castillo, columna, viga)",F037,0,FHIS Manual de Rendimientos 2003-11 (Cred. BM 3443-HO),2003
F037040,"VIGA DE B=15, H=20, 4 Nº3, Nº2 @ 0.15, CONCR 1:2:2",M.L.,F03,"Estructura de concreto (solera, castillo, columna, viga)",F037,0,FHIS Manual de Rendimientos 2003-11 (Cred. BM 3443-HO),2003
F037041,"VIGA DE B=15, H=30,6 Nº4, Nº2 @ 0.15, CONCR 1:2:2",M.L.,F03,"Estructura de concreto (solera, castillo, columna, viga)",F037,0,FHIS Manual de Rendimientos 2003-11 (Cred. BM 3443-HO),2003
F037042,VIGA 15X20 4#4 ; #2 @ 0.20 CONC1:2:2(INHABILITADA),ML,F03,"Estructura de concreto (solera, castillo, columna, viga)",F037,1,FHIS Manual de Rendimientos 2003-11 (Cred. BM 3443-HO),2003
F037043,"VIGA DE B=15,H20,4#4; #3 @ 0.20 CONCRETO 1:2:2",M.L.,F03,"Estructura de concreto (solera, castillo, columna, viga)",F037,0,FHIS Manual de Rendimientos 2003-11 (Cred. BM 3443-HO),2003
F037044,"VIGA DE B=18, H=22,4 #3, 2#4,#2 @ 15, CONCR 1:2:2",M.L.,F03,"Estructura de concreto (solera, castillo, columna, viga)",F037,0,FHIS Manual de Rendimientos 2003-11 (Cred. BM 3443-HO),2003
F037045,"VIGA DE B=20, H= 20 4#6; #2 @ 0.20 CONCRETO 1:2:2",ML,F03,"Estructura de concreto (solera, castillo, columna, viga)",F037,0,FHIS Manual de Rendimientos 2003-11 (Cred. BM 3443-HO),2003
F037046,"VIGA DE B=20, H=25, 3#5, 2 #4, #3@ 0.15,CONC.1:2:2",M.L.,F03,"Estructura de concreto (solera, castillo, columna, viga)",F037,0,FHIS Manual de Rendimientos 2003-11 (Cred. BM 3443-HO),2003
F037047,"VIGA DE B=20, H=30, 8 Nº4, Nº3 @ 0.10, CONCR 1:2:2",M.L.,F03,"Estructura de concreto (solera, castillo, columna, viga)",F037,0,FHIS Manual de Rendimientos 2003-11 (Cred. BM 3443-HO),2003
F037048,"VIGA DE B=20, H=30, 9 #7,#4 @ 0.15, CONCRETO 1:2:2",Ml,F03,"Estructura de concreto (solera, castillo, columna, viga)",F037,0,FHIS Manual de Rendimientos 2003-11 (Cred. BM 3443-HO),2003
F037049,"VIGA DE B=20, H=30,6 #8, 8#8,#4 @ 0.15, CONC.1:2:2",Ml,F03,"Estructura de concreto (solera, castillo, columna, viga)",F037,0,FHIS Manual de Rendimientos 2003-11 (Cred. BM 3443-HO),2003
F037050,"VIGA DE B=20, H=30,6 #8,4 #8,#4 @ 0.15, CONC.1:2:2",Ml,F03,"Estructura de concreto (solera, castillo, columna, viga)",F037,0,FHIS Manual de Rendimientos 2003-11 (Cred. BM 3443-HO),2003
F037051,"VIGA DE B=20, H=35, 6 Nº5, Nº3 @ 0.14, CONCR 1:2:2",M.L.,F03,"Estructura de concreto (solera, castillo, columna, viga)",F037,0,FHIS Manual de Rendimientos 2003-11 (Cred. BM 3443-HO),2003
F037052,"VIGA DE B=20, H=40,2 #5,2 #8, #3 @ 0.30,CONC.1:2:2",M.L.,F03,"Estructura de concreto (solera, castillo, columna, viga)",F037,0,FHIS Manual de Rendimientos 2003-11 (Cred. BM 3443-HO),2003
F037053,"VIGA DE B=20, H=40,4 #5,6 #4,#2 @ 0.15, CONC.1:2:2",M.L.,F03,"Estructura de concreto (solera, castillo, columna, viga)",F037,0,FHIS Manual de Rendimientos 2003-11 (Cred. BM 3443-HO),2003
F037054,"VIGA DE B=20, H=40,6 Nº8, Nº3 @ 0.20, CONCR 1:2:2",M.L.,F03,"Estructura de concreto (solera, castillo, columna, viga)",F037,0,FHIS Manual de Rendimientos 2003-11 (Cred. BM 3443-HO),2003
F037055,"VIGA DE B=20, H=50, 8#6+4#5, #2@ 0.15 , CONC.1:2:2",ML,F03,"Estructura de concreto (solera, castillo, columna, viga)",F037,0,FHIS Manual de Rendimientos 2003-11 (Cred. BM 3443-HO),2003
F037056,"VIGA DE B=20, H=50, 8 Nº5, Nº3 @ 0.11, CONCR 1:2:2",M.L.,F03,"Estructura de concreto (solera, castillo, columna, viga)",F037,0,FHIS Manual de Rendimientos 2003-11 (Cred. BM 3443-HO),2003
F037057,"VIGA 20X25 ,6#5, 2#6 #2 @ 0.15 CONCRETO 1:2:2",M.L.,F03,"Estructura de concreto (solera, castillo, columna, viga)",F037,0,FHIS Manual de Rendimientos 2003-11 (Cred. BM 3443-HO),2003
F037058,"VIGA DE B=20,H= 20 , 4#3; #2 @ 0.20 CONCRETO 1:2:2",M.L.,F03,"Estructura de concreto (solera, castillo, columna, viga)",F037,0,FHIS Manual de Rendimientos 2003-11 (Cred. BM 3443-HO),2003
F037059,"VIGA DE B=20,H= 20 ,4#4 ;#2 @ 0.20 CONCRETO 1:2:2",M.L.,F03,"Estructura de concreto (solera, castillo, columna, viga)",F037,0,FHIS Manual de Rendimientos 2003-11 (Cred. BM 3443-HO),2003
F037060,"VIGA DE B=20, H=25, 2#6, 2#3, #2 @ 15 CONC. 1:2:2",M.L.,F03,"Estructura de concreto (solera, castillo, columna, viga)",F037,0,FHIS Manual de Rendimientos 2003-11 (Cred. BM 3443-HO),2003
F037061,"VIGA DE B=20,H= 25, 8#5;#3 @ 0.20 CONCRETO 1:2:2",M.L.,F03,"Estructura de concreto (solera, castillo, columna, viga)",F037,0,FHIS Manual de Rendimientos 2003-11 (Cred. BM 3443-HO),2003
F037062,"VIGA DE B=20,H=25,2 #6 2#4 2# 20 CONCRETO 1:2:2",M.L.,F03,"Estructura de concreto (solera, castillo, columna, viga)",F037,0,FHIS Manual de Rendimientos 2003-11 (Cred. BM 3443-HO),2003
F037063,"VIGA DE B=20,H=25,2#5;2#3 #2 @ 0.15 CONCRETO 1:2",M.L.,F03,"Estructura de concreto (solera, castillo, columna, viga)",F037,0,FHIS Manual de Rendimientos 2003-11 (Cred. BM 3443-HO),2003
F037064,"VIGA DE B=25,H=25,5#5 # 3@ 0.20 CONCRETO 1:2:2",M.L.,F03,"Estructura de concreto (solera, castillo, columna, viga)",F037,0,FHIS Manual de Rendimientos 2003-11 (Cred. BM 3443-HO),2003
F037065,"VIGA DE B=25 H=35 INF=4#5 SUP2#4,#3@0.15 CONCR.1;2",M.L.,F03,"Estructura de concreto (solera, castillo, columna, viga)",F037,0,FHIS Manual de Rendimientos 2003-11 (Cred. BM 3443-HO),2003
F037066,"VIGA 25X40,4#6,2#4, #3@0.15 CON1:2:2(INHABILITADA)",M.L.,F03,"Estructura de concreto (solera, castillo, columna, viga)",F037,1,FHIS Manual de Rendimientos 2003-11 (Cred. BM 3443-HO),2003
F037067,"VIGA 25X25cm, 5#5, #2 @ 0.20 CONCRETO 1:2:2",M.L.,F03,"Estructura de concreto (solera, castillo, columna, viga)",F037,0,FHIS Manual de Rendimientos 2003-11 (Cred. BM 3443-HO),2003
F037068,"VIGA DE B=25, H=25, 4 Nº4, Nº3 @ 0.20, CONCR 1:2:2",M.L.,F03,"Estructura de concreto (solera, castillo, columna, viga)",F037,0,FHIS Manual de Rendimientos 2003-11 (Cred. BM 3443-HO),2003
F037069,"VIGA DE B=25, H25, 6#3;#2 ; @ 0.20 CONCRETO 1:2:2",M.L.,F03,"Estructura de concreto (solera, castillo, columna, viga)",F037,0,FHIS Manual de Rendimientos 2003-11 (Cred. BM 3443-HO),2003
F037070,"VIGA DE B=25, H=25, 8#4, #2 @ 0.15, CONCRETO 1:2:2",M.L.,F03,"Estructura de concreto (solera, castillo, columna, viga)",F037,0,FHIS Manual de Rendimientos 2003-11 (Cred. BM 3443-HO),2003
F037071,"VIGA DE B=25, H=40, 4 Nº6, Nº3 @ 0.20, CONCR 1:2:2",M.L.,F03,"Estructura de concreto (solera, castillo, columna, viga)",F037,0,FHIS Manual de Rendimientos 2003-11 (Cred. BM 3443-HO),2003
F037072,"VIGA DE B=25, H=40,8 #4,2 #6,#2 @ 0.15, CONC 1:2:2",M.L.,F03,"Estructura de concreto (solera, castillo, columna, viga)",F037,0,FHIS Manual de Rendimientos 2003-11 (Cred. BM 3443-HO),2003
F037073,"VIGA DE B=25, H= 45,6#4; #2 @ 0.20 CONCRETO 1:2:2",M.L.,F03,"Estructura de concreto (solera, castillo, columna, viga)",F037,0,FHIS Manual de Rendimientos 2003-11 (Cred. BM 3443-HO),2003
F037074,"VIGA DE B=25, H=60, 4 Nº7, Nº3 @ 0.25, CONCR 1:2:2",M.L.,F03,"Estructura de concreto (solera, castillo, columna, viga)",F037,0,FHIS Manual de Rendimientos 2003-11 (Cred. BM 3443-HO),2003
F037075,"VIGA DE B=25, H=60, 6#6, #3 @ 20, CONCRETO 1:2:2",M.L.,F03,"Estructura de concreto (solera, castillo, columna, viga)",F037,0,FHIS Manual de Rendimientos 2003-11 (Cred. BM 3443-HO),2003
F037076,"VIGA DE B=25, H=60,4 #5,1 #7,#8 @ 0.23, CONC.1:2:2",M.L.,F03,"Estructura de concreto (solera, castillo, columna, viga)",F037,0,FHIS Manual de Rendimientos 2003-11 (Cred. BM 3443-HO),2003
F037077,"VIGA DE B=25, H=50, 4#6, #3 @ 20 CONCRETO 1:2:2",M.L.,F03,"Estructura de concreto (solera, castillo, columna, viga)",F037,0,FHIS Manual de Rendimientos 2003-11 (Cred. BM 3443-HO),2003
F037078,"VIGA DE B=25,H= 60 11#6 ; #3 @ 0.20 CONCRETO 1:2:",M.L.,F03,"Estructura de concreto (solera, castillo, columna, viga)",F037,0,FHIS Manual de Rendimientos 2003-11 (Cred. BM 3443-HO),2003
F037079,"VIGA DE B=30, H=35, 4#5, #3 @ 0.15, CONCRETO 1:2:2",M.L.,F03,"Estructura de concreto (solera, castillo, columna, viga)",F037,0,FHIS Manual de Rendimientos 2003-11 (Cred. BM 3443-HO),2003
F037080,"VIGA DE B=30, H=35,5 #6,1#8,#3 @ 0.15, CONC.1:2:2",ML,F03,"Estructura de concreto (solera, castillo, columna, viga)",F037,0,FHIS Manual de Rendimientos 2003-11 (Cred. BM 3443-HO),2003
F037081,"VIGA DE B=30, H=40, 4#5, #3 @ 30, CONCRETO 1:2:2",M.L.,F03,"Estructura de concreto (solera, castillo, columna, viga)",F037,0,FHIS Manual de Rendimientos 2003-11 (Cred. BM 3443-HO),2003
F037082,"VIGA DE B=30, H=40,8 Nº6, Nº3 @ 0.13, CONCR 1:2:2",M.L.,F03,"Estructura de concreto (solera, castillo, columna, viga)",F037,0,FHIS Manual de Rendimientos 2003-11 (Cred. BM 3443-HO),2003
F037083,"VIGA 30X60,4#5,1#8,#3@ 0.14,CONC.1:2:2(INHABILITA)",M.L.,F03,"Estructura de concreto (solera, castillo, columna, viga)",F037,0,FHIS Manual de Rendimientos 2003-11 (Cred. BM 3443-HO),2003
F037084,"VIGA 30X35,6#8,4#8,#3@0.15 CONC1:2:2(INHABILITADA)",UNID,F03,"Estructura de concreto (solera, castillo, columna, viga)",F037,1,FHIS Manual de Rendimientos 2003-11 (Cred. BM 3443-HO),2003
F037085,"VIGA DE B=30,H=32, 4#6+2#5 #3 @ 0.20 CONCRETO 1:",M.L.,F03,"Estructura de concreto (solera, castillo, columna, viga)",F037,0,FHIS Manual de Rendimientos 2003-11 (Cred. BM 3443-HO),2003
F037086,"VIGA DE B=35 H=50, 4#8;#3 @ 0.15 CONCR.1;2;2",M.L.,F03,"Estructura de concreto (solera, castillo, columna, viga)",F037,0,FHIS Manual de Rendimientos 2003-11 (Cred. BM 3443-HO),2003
F037087,VIGA DE B=35 H=504#8+2#5 #3 @ 0.15 CONCR.1;2;2,M.L.,F03,"Estructura de concreto (solera, castillo, columna, viga)",F037,0,FHIS Manual de Rendimientos 2003-11 (Cred. BM 3443-HO),2003
F037088,"VIGA 35X50cm,3#6,2#5,#3@15,CONC1:2:2(INHABILITADA)",M.L.,F03,"Estructura de concreto (solera, castillo, columna, viga)",F037,1,FHIS Manual de Rendimientos 2003-11 (Cred. BM 3443-HO),2003
F037089,"VIGA 40X66,5#8,3#6,#3@15cm,CONC.1:2:2",ML,F03,"Estructura de concreto (solera, castillo, columna, viga)",F037,0,FHIS Manual de Rendimientos 2003-11 (Cred. BM 3443-HO),2003
F037090,"VIGA DE CIMENTACION 0.20 x 0.40 4#4, #3 @ 0.15",ML,F03,"Estructura de concreto (solera, castillo, columna, viga)",F037,0,FHIS Manual de Rendimientos 2003-11 (Cred. BM 3443-HO),2003
F037091,"VIGA DE RECUB. TUB.10"", 56X56 4#4, #3 @ 25 C.1:2:2",M.L.,F03,"Estructura de concreto (solera, castillo, columna, viga)",F037,0,FHIS Manual de Rendimientos 2003-11 (Cred. BM 3443-HO),2003
F037092,"VIGA DE RECUBRI, TUBERIA DE 6 DE 35X35,4#4 #2@0.2",M.L.,F03,"Estructura de concreto (solera, castillo, columna, viga)",F037,0,FHIS Manual de Rendimientos 2003-11 (Cred. BM 3443-HO),2003
F037093,"VIGA DE RECUBRI.TUBERIA DE 8""DE51X51,4#4 #3 @0.25",M.L.,F03,"Estructura de concreto (solera, castillo, columna, viga)",F037,0,FHIS Manual de Rendimientos 2003-11 (Cred. BM 3443-HO),2003
F037094,"VIGA DE RECUBRI.TUBERIA DE 8""DE70X70 4#6 #3@0.25",M.L.,F03,"Estructura de concreto (solera, castillo, columna, viga)",F037,0,FHIS Manual de Rendimientos 2003-11 (Cred. BM 3443-HO),2003
F037095,"VIGA DE 20X30cm,5#4,#3@10cm,CONC 1:2:2",ML,F03,"Estructura de concreto (solera, castillo, columna, viga)",F037,0,FHIS Manual de Rendimientos 2003-11 (Cred. BM 3443-HO),2003
F037096,VIGA PRETENSADA (PERALTE=40cm),ML,F03,"Estructura de concreto (solera, castillo, columna, viga)",F037,0,FHIS Manual de Rendimientos 2003-11 (Cred. BM 3443-HO),2003
F037097,VIGA V01 PLAFON PRETENSADA,ML,F03,"Estructura de concreto (solera, castillo, columna, viga)",F037,0,FHIS Manual de Rendimientos 2003-11 (Cred. BM 3443-HO),2003
F037098,VIGUETA,ML,F03,"Estructura de concreto (solera, castillo, columna, viga)",F037,0,FHIS Manual de Rendimientos 2003-11 (Cred. BM 3443-HO),2003
F037099,VIGA V02 PLAFON PRETENSADA,ML,F03,"Estructura de concreto (solera, castillo, columna, viga)",F037,0,FHIS Manual de Rendimientos 2003-11 (Cred. BM 3443-HO),2003
F037100,"VIGA B=30cm,H=34cm,2#5+4#6,#3@20cm,CONC 1:2:2",ML,F03,"Estructura de concreto (solera, castillo, columna, viga)",F037,0,FHIS Manual de Rendimientos 2003-11 (Cred. BM 3443-HO),2003
F037101,"VIGA(V-1 Y V-5)0.30X050M, 8#8 ANILLOS#3 CONC 1:2:2",M.L.,F03,"Estructura de concreto (solera, castillo, columna, viga)",F037,0,FHIS Manual de Rendimientos 2003-11 (Cred. BM 3443-HO),2003
F037102,"VIGA (V-A) 0.30X0.60, #9 Y ANILLO #4, CONC 1:2:2",ML,F03,"Estructura de concreto (solera, castillo, columna, viga)",F037,0,FHIS Manual de Rendimientos 2003-11 (Cred. BM 3443-HO),2003
F037103,"VIGA(V-B Y V-C) 0,30X0,60, 19#9,ANILLOS #4, 1:2:2",M.L.,F03,"Estructura de concreto (solera, castillo, columna, viga)",F037,0,FHIS Manual de Rendimientos 2003-11 (Cred. BM 3443-HO),2003
F037104,"VIGA (V-D)0.15X0.25M, 2#5, 2#4 Y #2@15 CM CON1:2:2",M.L.,F03,"Estructura de concreto (solera, castillo, columna, viga)",F037,0,FHIS Manual de Rendimientos 2003-11 (Cred. BM 3443-HO),2003
F037105,"VIGA(V-2,V-3,V-4)30X50cm,#7,ANILLO #3,CONC 1:2:2",ML,F03,"Estructura de concreto (solera, castillo, columna, viga)",F037,0,FHIS Manual de Rendimientos 2003-11 (Cred. BM 3443-HO),2003
F037106,"VIGA AEREA B=20,H=40,9#6,#2@0.20m,CONC 1:2:2",ML,F03,"Estructura de concreto (solera, castillo, columna, viga)",F037,0,FHIS Manual de Rendimientos 2003-11 (Cred. BM 3443-HO),2003
F037107,"VIGA 15X20cm, 4#4, #2@20cm,CONCRETO 1:2:2",ML,F03,"Estructura de concreto (solera, castillo, columna, viga)",F037,0,FHIS Manual de Rendimientos 2003-11 (Cred. BM 3443-HO),2003
F037108,"VIGA DE 25X35cm,4#6,4#5,#3@20,CONCRETO 1:2:2",ML,F03,"Estructura de concreto (solera, castillo, columna, viga)",F037,0,FHIS Manual de Rendimientos 2003-11 (Cred. BM 3443-HO),2003
F037109,"VIGA AEREA 20X40cm, 2#3,2#5,2#6,#2@15cm,CONC 1:2:2",ML,F03,"Estructura de concreto (solera, castillo, columna, viga)",F037,0,FHIS Manual de Rendimientos 2003-11 (Cred. BM 3443-HO),2003
F037110,"VIGA 25X40,SUP 4#7, INF 5#8, #3@15cm,CONC 1:2:2",ML,F03,"Estructura de concreto (solera, castillo, columna, viga)",F037,0,FHIS Manual de Rendimientos 2003-11 (Cred. BM 3443-HO),2003
F037111,"VIGA 25X50cm,4#6,2#5 Y #3@20cm,CONC 1:2:2",ML,F03,"Estructura de concreto (solera, castillo, columna, viga)",F037,0,FHIS Manual de Rendimientos 2003-11 (Cred. BM 3443-HO),2003
F037112,"VIGA 25X50cm,4#6,4#5,#3@18cm,CONC 1:2:2",ML,F03,"Estructura de concreto (solera, castillo, columna, viga)",F037,0,FHIS Manual de Rendimientos 2003-11 (Cred. BM 3443-HO),2003
F037113,VIGA DE B=25 H=40 I=4#6 S=2#4 #3@0.15cm CONC 1:2:2,ML,F03,"Estructura de concreto (solera, castillo, columna, viga)",F037,0,FHIS Manual de Rendimientos 2003-11 (Cred. BM 3443-HO),2003
F037114,"VIGA 20X15cm, 4#4,2#3, #2@15cm, CONC 1:2:2",ML,F03,"Estructura de concreto (solera, castillo, columna, viga)",F037,0,FHIS Manual de Rendimientos 2003-11 (Cred. BM 3443-HO),2003
F037115,"VIGA 20X15cm, 4#4, 1#3, #2@ 20cm, CONC 1:2:2",ML,F03,"Estructura de concreto (solera, castillo, columna, viga)",F037,0,FHIS Manual de Rendimientos 2003-11 (Cred. BM 3443-HO),2003
F037116,"VIGA 20X15cm, 4#4, 3#3, #2@20cm,CONC 1:2:2",ML,F03,"Estructura de concreto (solera, castillo, columna, viga)",F037,0,FHIS Manual de Rendimientos 2003-11 (Cred. BM 3443-HO),2003
F037117,"VIGA DE 30X60cm, 4#5, 1#8, #3@ 0.14m, CONC 1:2:2",ML,F03,"Estructura de concreto (solera, castillo, columna, viga)",F037,0,FHIS Manual de Rendimientos 2003-11 (Cred. BM 3443-HO),2003
F037118,"VIGA 30X35cm, 6#8, 4#8, #3@15cm, CONC 1:2:2",ML,F03,"Estructura de concreto (solera, castillo, columna, viga)",F037,0,FHIS Manual de Rendimientos 2003-11 (Cred. BM 3443-HO),2003
F037119,"VIGA 35X50cm, 3#6, 2#5, #3@15cm, CONC 1:2:2",ML,F03,"Estructura de concreto (solera, castillo, columna, viga)",F037,0,FHIS Manual de Rendimientos 2003-11 (Cred. BM 3443-HO),2003
F037120,"VIGA 25X60, 2#7+2#8 SUP,4#8 INF, CONCRETO 1:2:2",ML,F03,"Estructura de concreto (solera, castillo, columna, viga)",F037,0,FHIS Manual de Rendimientos 2003-11 (Cred. BM 3443-HO),2003
F037121,"VIGA DE ENTREPISO LONG. 25X60,4#7,#3@25,CONC 1:2:2",ML,F03,"Estructura de concreto (solera, castillo, columna, viga)",F037,0,FHIS Manual de Rendimientos 2003-11 (Cred. BM 3443-HO),2003
F037122,"VIGA LONG. DE TECHO 20X40,4#6,#3@20,CONC 1:2:2",ML,F03,"Estructura de concreto (solera, castillo, columna, viga)",F037,0,FHIS Manual de Rendimientos 2003-11 (Cred. BM 3443-HO),2003
F037123,"VIGA 20X25cm, 2#3 SUP + 2#6 INF, #3@20,CONC 1:2:2",ML,F03,"Estructura de concreto (solera, castillo, columna, viga)",F037,0,FHIS Manual de Rendimientos 2003-11 (Cred. BM 3443-HO),2003
F037124,"VIGA 30X60cm, 2#4 SUP, 7#8 INF, CONC 1:2:2",ML,F03,"Estructura de concreto (solera, castillo, columna, viga)",F037,0,FHIS Manual de Rendimientos 2003-11 (Cred. BM 3443-HO),2003
F037125,"VIGA 15X25,4#6, #2@15cm, CONC 1:2:2",ML,F03,"Estructura de concreto (solera, castillo, columna, viga)",F037,0,FHIS Manual de Rendimientos 2003-11 (Cred. BM 3443-HO),2003
F037126,"VIGA AEREA 40X30cm, 4#6, #3@16 y 8 cm,CONC 1:2:2",ML,F03,"Estructura de concreto (solera, castillo, columna, viga)",F037,0,FHIS Manual de Rendimientos 2003-11 (Cred. BM 3443-HO),2003
F037127,"VIGA AEREA 40X30cm,6#6, #3@16 y 8 cm,CONC 1:2:2",ML,F03,"Estructura de concreto (solera, castillo, columna, viga)",F037,0,FHIS Manual de Rendimientos 2003-11 (Cred. BM 3443-HO),2003
F037128,"VIGA AEREA,40X30,4#6+SUP2#6 Y INF 1#5,#3@16 Y 8cm,",ML,F03,"Estructura de concreto (solera, castillo, columna, viga)",F037,0,FHIS Manual de Rendimientos 2003-11 (Cred. BM 3443-HO),2003
F037129,"VIGA AEREA 70X30,REF SUP 3#6+2#8L=2.25, INF 2#8+2#",ML,F03,"Estructura de concreto (solera, castillo, columna, viga)",F037,0,FHIS Manual de Rendimientos 2003-11 (Cred. BM 3443-HO),2003
F037130,"VIGA DE CIMENTACION,15X30cm,4#5,#3@20cm,CONC 1:2:2",ML,F03,"Estructura de concreto (solera, castillo, columna, viga)",F037,0,FHIS Manual de Rendimientos 2003-11 (Cred. BM 3443-HO),2003
F037131,"VIGA DE ENTREPISO V-1, 0.30X0.70, CONC 1:2:2",ML,F03,"Estructura de concreto (solera, castillo, columna, viga)",F037,0,FHIS Manual de Rendimientos 2003-11 (Cred. BM 3443-HO),2003
F037132,"VIGA DE ENTREPISO V-2, 0.30X0.70,CONC 1:2:2",ML,F03,"Estructura de concreto (solera, castillo, columna, viga)",F037,0,FHIS Manual de Rendimientos 2003-11 (Cred. BM 3443-HO),2003
F037133,"VIGA CANAL,32X44X40cm,e=12cm,20#3,#3@12cm.CON1:2:2",ML,F03,"Estructura de concreto (solera, castillo, columna, viga)",F037,0,FHIS Manual de Rendimientos 2003-11 (Cred. BM 3443-HO),2003
F037134,"VIGA 25X40cm,SUP 3#7,INF 2#7, #3@15cm,CONC 1:2:2",ML,F03,"Estructura de concreto (solera, castillo, columna, viga)",F037,0,FHIS Manual de Rendimientos 2003-11 (Cred. BM 3443-HO),2003
F037135,"VIGA 20X25cm, Sup 2#6+Inf 2#3, #2@20cm,CONC 1:2:2",ML,F03,"Estructura de concreto (solera, castillo, columna, viga)",F037,0,FHIS Manual de Rendimientos 2003-11 (Cred. BM 3443-HO),2003
F037136,"VIGA 25X60, 58 SUP,6#8 INF, anillos#3,CONCRETO 1:2",ML,F03,"Estructura de concreto (solera, castillo, columna, viga)",F037,0,FHIS Manual de Rendimientos 2003-11 (Cred. BM 3443-HO),2003
F037137,"VIGA 30X70, 5#8+2#4 SUP,6#8+2#5 INF, anillos#3,CON",ML,F03,"Estructura de concreto (solera, castillo, columna, viga)",F037,0,FHIS Manual de Rendimientos 2003-11 (Cred. BM 3443-HO),2003
F041001,PARED DE LADRILLO RAFON,M2,F04,"Paredes (ladrillo, bloque, adobe, concreto)",F041,0,FHIS Manual de Rendimientos 2003-11 (Cred. BM 3443-HO),2003
F041002,PARED DE LADRILLO RAFON A TEZON,M2,F04,"Paredes (ladrillo, bloque, adobe, concreto)",F041,0,FHIS Manual de Rendimientos 2003-11 (Cred. BM 3443-HO),2003
F041003,PARED DE LADRILLO RAFON PLANCHADO Y SISADO,M2,F04,"Paredes (ladrillo, bloque, adobe, concreto)",F041,0,FHIS Manual de Rendimientos 2003-11 (Cred. BM 3443-HO),2003
F041005,"PARED REFO. LAD. RAFON, 1 Nº3, HORI. Y VERT. @ mt",M2,F04,"Paredes (ladrillo, bloque, adobe, concreto)",F041,0,FHIS Manual de Rendimientos 2003-11 (Cred. BM 3443-HO),2003
F041006,PARED REFOR. LAD. RAFON A TEZON 2 Nº3 @ mt.,M2,F04,"Paredes (ladrillo, bloque, adobe, concreto)",F041,0,FHIS Manual de Rendimientos 2003-11 (Cred. BM 3443-HO),2003
F041007,PARED REFOR. LAD. RAFON PLANCHADO SISADO 1 Nº3 @ m,M2,F04,"Paredes (ladrillo, bloque, adobe, concreto)",F041,0,FHIS Manual de Rendimientos 2003-11 (Cred. BM 3443-HO),2003
F041008,PARED LAD. RAFON PLANCHADO SISADO 1 Nº3@3HILAD,M2,F04,"Paredes (ladrillo, bloque, adobe, concreto)",F041,0,FHIS Manual de Rendimientos 2003-11 (Cred. BM 3443-HO),2003
F041009,"PARED LADRILLO REFORZADA TANQUE 30,000 GALONES",M2,F04,"Paredes (ladrillo, bloque, adobe, concreto)",F041,0,FHIS Manual de Rendimientos 2003-11 (Cred. BM 3443-HO),2003
F041010,"PARED DE LADRILLO RAFON REFORZADA T40,000GAL",M2,F04,"Paredes (ladrillo, bloque, adobe, concreto)",F041,0,FHIS Manual de Rendimientos 2003-11 (Cred. BM 3443-HO),2003
F042001,PARED DE BLOQUE SIMPLE DE 10 CM,M2,F04,"Paredes (ladrillo, bloque, adobe, concreto)",F042,0,FHIS Manual de Rendimientos 2003-11 (Cred. BM 3443-HO),2003
F042002,PARED DE BLOQUE SIMPLE SISADO 15CM(INHABILITADA),M2,F04,"Paredes (ladrillo, bloque, adobe, concreto)",F042,1,FHIS Manual de Rendimientos 2003-11 (Cred. BM 3443-HO),2003
F042003,PARED DE BLOQUE SIMPLE DE 15 CM.(INHABILITADA),M2,F04,"Paredes (ladrillo, bloque, adobe, concreto)",F042,1,FHIS Manual de Rendimientos 2003-11 (Cred. BM 3443-HO),2003
F042004,PARED DE BLOQUE SIMPLE DE 20 CM.(INHABILITADA),M2,F04,"Paredes (ladrillo, bloque, adobe, concreto)",F042,1,FHIS Manual de Rendimientos 2003-11 (Cred. BM 3443-HO),2003
F042005,PARED DE BLOQUE 20 RELL.REF.H=1#3@40(INHABILITADA),M2,F04,"Paredes (ladrillo, bloque, adobe, concreto)",F042,1,FHIS Manual de Rendimientos 2003-11 (Cred. BM 3443-HO),2003
F042006,"PARED BLOQ 10CM,RELL.1#3@40,1#3,2 HIL(INHABILITAD)",M2,F04,"Paredes (ladrillo, bloque, adobe, concreto)",F042,0,FHIS Manual de Rendimientos 2003-11 (Cred. BM 3443-HO),2003
F042007,"PARED BLOQ.15CM.RELL.1#3@20,1#3@2HIL(INHABILITADA)",M2,F04,"Paredes (ladrillo, bloque, adobe, concreto)",F042,1,FHIS Manual de Rendimientos 2003-11 (Cred. BM 3443-HO),2003
F042008,"PARED BLOQ. 15CM.RELL.1#5,@40,1#3@2HIL(INHABILITA)",M2,F04,"Paredes (ladrillo, bloque, adobe, concreto)",F042,0,FHIS Manual de Rendimientos 2003-11 (Cred. BM 3443-HO),2003
F042009,PARED BLOQUE 20CM RELL. REF1#4@20CMxBLOQ(INHABILI),M2,F04,"Paredes (ladrillo, bloque, adobe, concreto)",F042,0,FHIS Manual de Rendimientos 2003-11 (Cred. BM 3443-HO),2003
F042010,PARED BLOQ SISADO 15Cms.REF.1#3@4 HIL(INHABILITAD),M2,F04,"Paredes (ladrillo, bloque, adobe, concreto)",F042,0,FHIS Manual de Rendimientos 2003-11 (Cred. BM 3443-HO),2003
F042011,"PARED BLOQ. RELL, 1#4 @ 20, 1#3@2HIL(INHABILITADA)",M2,F04,"Paredes (ladrillo, bloque, adobe, concreto)",F042,1,FHIS Manual de Rendimientos 2003-11 (Cred. BM 3443-HO),2003
F042012,PARED BLOQ 15CM RELLENO DE CONCRETO(INHABILITADA),M2,F04,"Paredes (ladrillo, bloque, adobe, concreto)",F042,1,FHIS Manual de Rendimientos 2003-11 (Cred. BM 3443-HO),2003
F042013,"PARED BLOQ 15CM,RELL.1 #3@20y1#3@1Hil(INHABILITA)",M2,F04,"Paredes (ladrillo, bloque, adobe, concreto)",F042,0,FHIS Manual de Rendimientos 2003-11 (Cred. BM 3443-HO),2003
F042014,PARED D/BLOQUE SISA 1#3@60 A.S. 1:3:5(INHABILITAD),M2,F04,"Paredes (ladrillo, bloque, adobe, concreto)",F042,0,FHIS Manual de Rendimientos 2003-11 (Cred. BM 3443-HO),2003
F042015,PARED DE BLOQUE SISADO 1#3@60cm A.S. RELL 1:3:5,M2,F04,"Paredes (ladrillo, bloque, adobe, concreto)",F042,0,FHIS Manual de Rendimientos 2003-11 (Cred. BM 3443-HO),2003
F042016,"PARED SISADA BLOQUE DE CONC. 15cm, REF1#3@60cm HOR",M2,F04,"Paredes (ladrillo, bloque, adobe, concreto)",F042,0,FHIS Manual de Rendimientos 2003-11 (Cred. BM 3443-HO),2003
F042017,PARED DE BLOQUE SIMPLE DE 15cm,M2,F04,"Paredes (ladrillo, bloque, adobe, concreto)",F042,0,FHIS Manual de Rendimientos 2003-11 (Cred. BM 3443-HO),2003
F042018,"PARED BLOQUE SISADO DE 15cm, REF 1#3@4 HILADAS",M2,F04,"Paredes (ladrillo, bloque, adobe, concreto)",F042,0,FHIS Manual de Rendimientos 2003-11 (Cred. BM 3443-HO),2003
F042019,PARED DE BLOQUE SIMPLE DE 20cm,M2,F04,"Paredes (ladrillo, bloque, adobe, concreto)",F042,0,FHIS Manual de Rendimientos 2003-11 (Cred. BM 3443-HO),2003
F042020,PARED DE BLOQUE SIMPLE SISADO DE 15cm,M2,F04,"Paredes (ladrillo, bloque, adobe, concreto)",F042,0,FHIS Manual de Rendimientos 2003-11 (Cred. BM 3443-HO),2003
F042021,"PARED BLOQUE 20cm,RELLENO, REF 1#4@20cmX BLOQUE",M2,F04,"Paredes (ladrillo, bloque, adobe, concreto)",F042,0,FHIS Manual de Rendimientos 2003-11 (Cred. BM 3443-HO),2003
F042022,"PARED BLOQUE 20cm,RELLENO, REF. H= 1#3@40cm",M2,F04,"Paredes (ladrillo, bloque, adobe, concreto)",F042,0,FHIS Manual de Rendimientos 2003-11 (Cred. BM 3443-HO),2003
F042023,"PARED BLOQUE 10cm, RELLENO, REF. 1#3@40,1#3@2HILAD",M2,F04,"Paredes (ladrillo, bloque, adobe, concreto)",F042,0,FHIS Manual de Rendimientos 2003-11 (Cred. BM 3443-HO),2003
F042024,"PARED BLOQUE 10cm,RELL,REF.1#4@20,1#3@2HILADAS",M2,F04,"Paredes (ladrillo, bloque, adobe, concreto)",F042,0,FHIS Manual de Rendimientos 2003-11 (Cred. BM 3443-HO),2003
F042025,"PARED BLOQUE 15cm,RELLENO, 1#3@20 y 1#3@1 HILADA",M2,F04,"Paredes (ladrillo, bloque, adobe, concreto)",F042,0,FHIS Manual de Rendimientos 2003-11 (Cred. BM 3443-HO),2003
F042026,"PARED BLOQUE 15cm,RELLENO, 1#3@20,1#3@2 HILADAS",M2,F04,"Paredes (ladrillo, bloque, adobe, concreto)",F042,0,FHIS Manual de Rendimientos 2003-11 (Cred. BM 3443-HO),2003
F042027,"PARED DE BLOQUE 15cm,RELLENO 1#5@40,1#3@ 2HILADAS",M2,F04,"Paredes (ladrillo, bloque, adobe, concreto)",F042,0,FHIS Manual de Rendimientos 2003-11 (Cred. BM 3443-HO),2003
F042028,PARED DE BLOQUE 15cm RELLENO DE CONCRETO,M2,F04,"Paredes (ladrillo, bloque, adobe, concreto)",F042,0,FHIS Manual de Rendimientos 2003-11 (Cred. BM 3443-HO),2003
F042029,"PARED SISADA DE BLOQUE DE 15cm,2#2@1m H,1#3@1.30 V",M2,F04,"Paredes (ladrillo, bloque, adobe, concreto)",F042,0,FHIS Manual de Rendimientos 2003-11 (Cred. BM 3443-HO),2003
F042030,PARED BLOQUE DE CONCRETO 10cm SISADO RELLENO CONCR,M2,F04,"Paredes (ladrillo, bloque, adobe, concreto)",F042,0,FHIS Manual de Rendimientos 2003-11 (Cred. BM 3443-HO),2003
F042032,"PARED DE MADERA BOTAGUA DE 1""X8""",M2.,F04,"Paredes (ladrillo, bloque, adobe, concreto)",F042,0,FHIS Manual de Rendimientos 2003-11 (Cred. BM 3443-HO),2003
F043001,DIVISION DE PANELIT Y MADERA DOBLE FORRO,M2,F04,"Paredes (ladrillo, bloque, adobe, concreto)",F043,0,FHIS Manual de Rendimientos 2003-11 (Cred. BM 3443-HO),2003
F043002,PARED DE TABLA YESO,M2,F04,"Paredes (ladrillo, bloque, adobe, concreto)",F043,0,FHIS Manual de Rendimientos 2003-11 (Cred. BM 3443-HO),2003
F045001,PARED DE ADOBE DE BARRO,M2,F04,"Paredes (ladrillo, bloque, adobe, concreto)",F045,0,FHIS Manual de Rendimientos 2003-11 (Cred. BM 3443-HO),2003
F046001,"PARED DE CONCRETO REF. e=12 cm, # 3 @ 20 a.s.",M2,F04,"Paredes (ladrillo, bloque, adobe, concreto)",F046,0,FHIS Manual de Rendimientos 2003-11 (Cred. BM 3443-HO),2003
F046002,"PARED DE CONCRETO REF. e=15 cm, #4 @ 20",M2,F04,"Paredes (ladrillo, bloque, adobe, concreto)",F046,0,FHIS Manual de Rendimientos 2003-11 (Cred. BM 3443-HO),2003
F046003,"PARED DE CONCRETO REF. e=15 cm, #3 @ 15 a.s.",M2,F04,"Paredes (ladrillo, bloque, adobe, concreto)",F046,0,FHIS Manual de Rendimientos 2003-11 (Cred. BM 3443-HO),2003
F047001,ENTABICADO LADRILLO RAFON 15CM(REPE/PUL)(INHABILI),M.L.,F04,"Paredes (ladrillo, bloque, adobe, concreto)",F047,0,FHIS Manual de Rendimientos 2003-11 (Cred. BM 3443-HO),2003
F047002,ENTABICADO BLOQUE 15 CM(REPE./PULIDO)(INHABILITA),M.L.,F04,"Paredes (ladrillo, bloque, adobe, concreto)",F047,0,FHIS Manual de Rendimientos 2003-11 (Cred. BM 3443-HO),2003
F047003,ENTABICADO BLOQUE 30 CM(REPE/PUL)(**),M.L.,F04,"Paredes (ladrillo, bloque, adobe, concreto)",F047,0,FHIS Manual de Rendimientos 2003-11 (Cred. BM 3443-HO),2003
F047004,ENTABICADO LADRILLO RAFON 30CM(REP/PUL)(INHABILIT),M.L.,F04,"Paredes (ladrillo, bloque, adobe, concreto)",F047,0,FHIS Manual de Rendimientos 2003-11 (Cred. BM 3443-HO),2003
F047005,ENTABICADO BLOQUE 15cm REPE/PULIDO(MOR1:6)(INHABI,ML,F04,"Paredes (ladrillo, bloque, adobe, concreto)",F047,0,FHIS Manual de Rendimientos 2003-11 (Cred. BM 3443-HO),2003
F047006,ENTABICADO LADRILLO RAFON 15cm (REPELLO/PULIDO),ML,F04,"Paredes (ladrillo, bloque, adobe, concreto)",F047,0,FHIS Manual de Rendimientos 2003-11 (Cred. BM 3443-HO),2003
F047007,ENTABICADO DE BLOQUE 15cm(INC.REPELLO/PULIDO),ML,F04,"Paredes (ladrillo, bloque, adobe, concreto)",F047,0,FHIS Manual de Rendimientos 2003-11 (Cred. BM 3443-HO),2003
F047008,ENTABICADO DE BLOQUE 30cm(REPELLO/PULIDO),ML,F04,"Paredes (ladrillo, bloque, adobe, concreto)",F047,0,FHIS Manual de Rendimientos 2003-11 (Cred. BM 3443-HO),2003
F047009,ENTABICADO DE LADRILLO RAFON 30cm(REPELLO/PULIDO),ML,F04,"Paredes (ladrillo, bloque, adobe, concreto)",F047,0,FHIS Manual de Rendimientos 2003-11 (Cred. BM 3443-HO),2003
F047010,ENTABICADO BLOQUE 15cm (REPELLO/PULIDO)MORT 1:6,ML,F04,"Paredes (ladrillo, bloque, adobe, concreto)",F047,0,FHIS Manual de Rendimientos 2003-11 (Cred. BM 3443-HO),2003
F047011,ENTABICADO DE MADERA AULA OCTOGONAL,M.L.,F04,"Paredes (ladrillo, bloque, adobe, concreto)",F047,0,FHIS Manual de Rendimientos 2003-11 (Cred. BM 3443-HO),2003
F051001,CONCRETO DE 150 KG/CM,M3,F05,Concreto y acero de refuerzo,F051,0,FHIS Manual de Rendimientos 2003-11 (Cred. BM 3443-HO),2003
F051002,CONCRETO DE 210 KG/CM,M3,F05,Concreto y acero de refuerzo,F051,0,FHIS Manual de Rendimientos 2003-11 (Cred. BM 3443-HO),2003
F051003,CONCRETO DE 280 KG/CM,M3,F05,Concreto y acero de refuerzo,F051,0,FHIS Manual de Rendimientos 2003-11 (Cred. BM 3443-HO),2003
F051004,"CONCRETO DE 180 Kg/cm2, DOSIF 1:2:3",M3,F05,Concreto y acero de refuerzo,F051,0,FHIS Manual de Rendimientos 2003-11 (Cred. BM 3443-HO),2003
F051005,CONCRETO 76 KG/CM2,M3,F05,Concreto y acero de refuerzo,F051,0,FHIS Manual de Rendimientos 2003-11 (Cred. BM 3443-HO),2003
F052001,CONCRETO CICLOPEO(INHABILITADA),M3,F05,Concreto y acero de refuerzo,F052,1,FHIS Manual de Rendimientos 2003-11 (Cred. BM 3443-HO),2003
F052002,CONCRETO CICLOPEO e=0.20,M2,F05,Concreto y acero de refuerzo,F052,0,FHIS Manual de Rendimientos 2003-11 (Cred. BM 3443-HO),2003
F052003,CONCRETO CICLOPEO e=0.30,M2,F05,Concreto y acero de refuerzo,F052,0,FHIS Manual de Rendimientos 2003-11 (Cred. BM 3443-HO),2003
F052004,CONCRETO CICLOPEO CON MEZCLADORA,M3,F05,Concreto y acero de refuerzo,F052,0,FHIS Manual de Rendimientos 2003-11 (Cred. BM 3443-HO),2003
F052005,CONCRETO CICLOPEO,M3,F05,Concreto y acero de refuerzo,F052,0,FHIS Manual de Rendimientos 2003-11 (Cred. BM 3443-HO),2003
F053001,ACERO DE REFUERZO GRADO 40 Fy=2800 Kg/cm2,KG,F05,Concreto y acero de refuerzo,F053,0,FHIS Manual de Rendimientos 2003-11 (Cred. BM 3443-HO),2003
F053002,ACERO DE REFUERZO GRADO 60 Fy=4200 Kg/cm2,KG,F05,Concreto y acero de refuerzo,F053,0,FHIS Manual de Rendimientos 2003-11 (Cred. BM 3443-HO),2003
F061001,AFINADO e=0.5 CM,M2,F06,"Acabados (afinado, azulejo, curado, jardin)",F061,0,FHIS Manual de Rendimientos 2003-11 (Cred. BM 3443-HO),2003
F061002,PULIDO DE PAREDES e=0.5 CM.,M2,F06,"Acabados (afinado, azulejo, curado, jardin)",F061,0,FHIS Manual de Rendimientos 2003-11 (Cred. BM 3443-HO),2003
F061003,REPELLO 1:4 e=2 CM Y AFINADO,M2,F06,"Acabados (afinado, azulejo, curado, jardin)",F061,0,FHIS Manual de Rendimientos 2003-11 (Cred. BM 3443-HO),2003
F061004,REPELLO 2.5 Cms. MORTERO 1:3,M2,F06,"Acabados (afinado, azulejo, curado, jardin)",F061,0,FHIS Manual de Rendimientos 2003-11 (Cred. BM 3443-HO),2003
F061005,REPELLO 2.5 Cms./ZARANDA ¼”/MORTERO 1:5,M2,F06,"Acabados (afinado, azulejo, curado, jardin)",F061,0,FHIS Manual de Rendimientos 2003-11 (Cred. BM 3443-HO),2003
F061006,REPELLO DE PAREDES 2 CM. MORTERO 1:6,M2,F06,"Acabados (afinado, azulejo, curado, jardin)",F061,0,FHIS Manual de Rendimientos 2003-11 (Cred. BM 3443-HO),2003
F061007,REPELLO DE PAREDES MORTERO 1:4 e= 2 CMS,M2,F06,"Acabados (afinado, azulejo, curado, jardin)",F061,0,FHIS Manual de Rendimientos 2003-11 (Cred. BM 3443-HO),2003
F061008,REPELLO e= 4 CM MORTERO 1:4 Y AFINADO,M2,F06,"Acabados (afinado, azulejo, curado, jardin)",F061,0,FHIS Manual de Rendimientos 2003-11 (Cred. BM 3443-HO),2003
F061009,REPELLO EN PAREDES DE 1:4 e=4 CMS,M2,F06,"Acabados (afinado, azulejo, curado, jardin)",F061,0,FHIS Manual de Rendimientos 2003-11 (Cred. BM 3443-HO),2003
F061010,REPELLO Y PULIDO DE PAREDES e=2 CM MORTERO DE 1:4,M2,F06,"Acabados (afinado, azulejo, curado, jardin)",F061,0,FHIS Manual de Rendimientos 2003-11 (Cred. BM 3443-HO),2003
F061011,REPELLO Y PULIDO EN PARED DE ADOBE (MALLA GALLINA),M2,F06,"Acabados (afinado, azulejo, curado, jardin)",F061,0,FHIS Manual de Rendimientos 2003-11 (Cred. BM 3443-HO),2003
F061012,TALLADO DE ELEMENTOS L=0.05 MT(INHABILITADA),ML,F06,"Acabados (afinado, azulejo, curado, jardin)",F061,1,FHIS Manual de Rendimientos 2003-11 (Cred. BM 3443-HO),2003
F061013,TALLADO DE ELEMENTOS L=0.15 MT(INHABILITADA),M.L.,F06,"Acabados (afinado, azulejo, curado, jardin)",F061,1,FHIS Manual de Rendimientos 2003-11 (Cred. BM 3443-HO),2003
F061014,TALLADO DE ELEMENTOS L=0.4 MT(INHABILITADA),M.L.,F06,"Acabados (afinado, azulejo, curado, jardin)",F061,1,FHIS Manual de Rendimientos 2003-11 (Cred. BM 3443-HO),2003
F061015,TALLADOS DE ELEMENTOS L = 0.20 MT(INHABILITADA),M.L.,F06,"Acabados (afinado, azulejo, curado, jardin)",F061,1,FHIS Manual de Rendimientos 2003-11 (Cred. BM 3443-HO),2003
F061016,TALLADO DE ELEMENTOS L=0.4m(INHABILITADA),ML,F06,"Acabados (afinado, azulejo, curado, jardin)",F061,1,FHIS Manual de Rendimientos 2003-11 (Cred. BM 3443-HO),2003
F061017,TALLADO DE ELEMENTOS L= 0.05 m,ML,F06,"Acabados (afinado, azulejo, curado, jardin)",F061,0,FHIS Manual de Rendimientos 2003-11 (Cred. BM 3443-HO),2003
F061018,TALLADO DE ELEMENTOS DE L= 0.20 m,ML,F06,"Acabados (afinado, azulejo, curado, jardin)",F061,0,FHIS Manual de Rendimientos 2003-11 (Cred. BM 3443-HO),2003
F061019,TALLADO DE ELEMENTOS DE L= 0.15 m,ML,F06,"Acabados (afinado, azulejo, curado, jardin)",F061,0,FHIS Manual de Rendimientos 2003-11 (Cred. BM 3443-HO),2003
F061020,TALLADO DE ELEMENTOS DE L= 0.40m,ML,F06,"Acabados (afinado, azulejo, curado, jardin)",F061,0,FHIS Manual de Rendimientos 2003-11 (Cred. BM 3443-HO),2003
F061021,TALLADO DE ELEMENTOS L= 0.17m,ML,F06,"Acabados (afinado, azulejo, curado, jardin)",F061,0,FHIS Manual de Rendimientos 2003-11 (Cred. BM 3443-HO),2003
F061022,TALLADO DE ELEMENTOS L= 0.30m,ML,F06,"Acabados (afinado, azulejo, curado, jardin)",F061,0,FHIS Manual de Rendimientos 2003-11 (Cred. BM 3443-HO),2003
F061023,REPELLO Y CONFITEADO DE LOSA,M2,F06,"Acabados (afinado, azulejo, curado, jardin)",F061,0,FHIS Manual de Rendimientos 2003-11 (Cred. BM 3443-HO),2003
F061024,TALLADO DE ELEMENTOS DE L= 0.25m,ML,F06,"Acabados (afinado, azulejo, curado, jardin)",F061,0,FHIS Manual de Rendimientos 2003-11 (Cred. BM 3443-HO),2003
F061025,TALLADO DE ELEMENTOS L=0.35m,ML,F06,"Acabados (afinado, azulejo, curado, jardin)",F061,0,FHIS Manual de Rendimientos 2003-11 (Cred. BM 3443-HO),2003
F061026,TALLADO DE ELEMENTOS L= 0.10m,ML,F06,"Acabados (afinado, azulejo, curado, jardin)",F061,0,FHIS Manual de Rendimientos 2003-11 (Cred. BM 3443-HO),2003
F061027,TALLADO DE ELEMENTOS L=0.60m,ML,F06,"Acabados (afinado, azulejo, curado, jardin)",F061,0,FHIS Manual de Rendimientos 2003-11 (Cred. BM 3443-HO),2003
F061028,AFINADO CON PASTA DE CEMENTO Y COLORANTE,M2,F06,"Acabados (afinado, azulejo, curado, jardin)",F061,0,FHIS Manual de Rendimientos 2003-11 (Cred. BM 3443-HO),2003
F062001,AZULEJO EN PARED DE 15X15 CM.(INHABILITADA),M2,F06,"Acabados (afinado, azulejo, curado, jardin)",F062,1,FHIS Manual de Rendimientos 2003-11 (Cred. BM 3443-HO),2003
F062002,AZULEJO EN PARED DE 20 X 20(INHABILITADA),M2,F06,"Acabados (afinado, azulejo, curado, jardin)",F062,1,FHIS Manual de Rendimientos 2003-11 (Cred. BM 3443-HO),2003
F062003,AZULEJO 15X15cm EN PARED (CON PASTA CEMENTO),M2,F06,"Acabados (afinado, azulejo, curado, jardin)",F062,0,FHIS Manual de Rendimientos 2003-11 (Cred. BM 3443-HO),2003
F062004,AZULEJO 20X20cm EN PARED (CON PASTA CEMENTO),M2,F06,"Acabados (afinado, azulejo, curado, jardin)",F062,0,FHIS Manual de Rendimientos 2003-11 (Cred. BM 3443-HO),2003
F062005,AZULEJO 15X15cm EN PARED (CON ADHESIVO),M2,F06,"Acabados (afinado, azulejo, curado, jardin)",F062,0,FHIS Manual de Rendimientos 2003-11 (Cred. BM 3443-HO),2003
F063001,PLANTAS ORNAMENTALES PARA JARDIN,M2,F06,"Acabados (afinado, azulejo, curado, jardin)",F063,0,FHIS Manual de Rendimientos 2003-11 (Cred. BM 3443-HO),2003
F063002,PALMERA O ARBOL (SUMINISTRO Y SIEMBRA),UND,F06,"Acabados (afinado, azulejo, curado, jardin)",F063,0,FHIS Manual de Rendimientos 2003-11 (Cred. BM 3443-HO),2003
F063003,ORILLERAS FOLLAJE O FLOR (SUMINISTRO/SIEMBRA),ML,F06,"Acabados (afinado, azulejo, curado, jardin)",F063,0,FHIS Manual de Rendimientos 2003-11 (Cred. BM 3443-HO),2003
F063004,SETOS (PLANTA) (SUMINISTRO/SIEMBRA),ML,F06,"Acabados (afinado, azulejo, curado, jardin)",F063,0,FHIS Manual de Rendimientos 2003-11 (Cred. BM 3443-HO),2003
F063005,ENGRAMADO POR BLOQUES,M2,F06,"Acabados (afinado, azulejo, curado, jardin)",F063,0,FHIS Manual de Rendimientos 2003-11 (Cred. BM 3443-HO),2003
F064001,CURADO DE CONCRETO TEXTURIZADO,M2,F06,"Acabados (afinado, azulejo, curado, jardin)",F064,0,FHIS Manual de Rendimientos 2003-11 (Cred. BM 3443-HO),2003
F071001,PISO DE CONCRETO SIMPLE DE 5 CM.,M2,F07,Pisos,F071,0,FHIS Manual de Rendimientos 2003-11 (Cred. BM 3443-HO),2003
F071002,PISO DE CONCRETO SIMPLE DE 8 CM. CODALEADO FINO,M2,F07,Pisos,F071,0,FHIS Manual de Rendimientos 2003-11 (Cred. BM 3443-HO),2003
F071003,PISO DE CONCRETO SIMPLE 8 CM. P/ACERA,M2,F07,Pisos,F071,0,FHIS Manual de Rendimientos 2003-11 (Cred. BM 3443-HO),2003
F071004,PISO DE CONCRETO SIMPLE DE 10 CM. PARA ACERA,M2,F07,Pisos,F071,0,FHIS Manual de Rendimientos 2003-11 (Cred. BM 3443-HO),2003
F071005,PISO DE CONCRETO SIMPLE 15 Cms.,M2.,F07,Pisos,F071,0,FHIS Manual de Rendimientos 2003-11 (Cred. BM 3443-HO),2003
F071006,PISO DE CONCRETO REFORZADO e=10 CM. #2 @ 15 CM.,M2,F07,Pisos,F071,0,FHIS Manual de Rendimientos 2003-11 (Cred. BM 3443-HO),2003
F071007,PISO DE CONCRETO REF. e=15 CM. #3 @ 30 CM,M2,F07,Pisos,F071,0,FHIS Manual de Rendimientos 2003-11 (Cred. BM 3443-HO),2003
F071008,PISO DE CONCRETO REFORZADO e=5 CM. #2 @ 30 CM.,M2,F07,Pisos,F071,0,FHIS Manual de Rendimientos 2003-11 (Cred. BM 3443-HO),2003
F071009,"PISO CONCRETO, 7 CMS, #2@0.20, 1:2:3, CON COLORANT",M2,F07,Pisos,F071,0,FHIS Manual de Rendimientos 2003-11 (Cred. BM 3443-HO),2003
F071010,LOSA PARA DUCHA e=5 cm,UND,F07,Pisos,F071,0,FHIS Manual de Rendimientos 2003-11 (Cred. BM 3443-HO),2003
F071011,"PISO DE CONCRETO SIMPLE e=11.0cms,CONC. 150 kg/cm2",M2,F07,Pisos,F071,0,FHIS Manual de Rendimientos 2003-11 (Cred. BM 3443-HO),2003
F071012,FIRME DE CONCRETO DE 5 cm DE ESPESOR,M2,F07,Pisos,F071,0,FHIS Manual de Rendimientos 2003-11 (Cred. BM 3443-HO),2003
F071013,"ACERA DE CONC. e=7.5cm,#2@20cm A.S. CONC 1:2:2",M2,F07,Pisos,F071,0,FHIS Manual de Rendimientos 2003-11 (Cred. BM 3443-HO),2003
F071014,"RAMPA DE CONCRETO e=8cm,#2@20cm,CONC 1:2:2",M2,F07,Pisos,F071,0,FHIS Manual de Rendimientos 2003-11 (Cred. BM 3443-HO),2003
F071015,ACERA – APORTE COMUNITARIO (PIR),ML,F07,Pisos,F071,0,FHIS Manual de Rendimientos 2003-11 (Cred. BM 3443-HO),2003
F071016,RAMPA DE CONCRETO Y MAMPOSTERIA 0.80X1.0X0.4m,UND,F07,Pisos,F071,0,FHIS Manual de Rendimientos 2003-11 (Cred. BM 3443-HO),2003
F071017,FIRME DE CONCRETO 1:2:4. e= 11cms,M2,F07,Pisos,F071,0,FHIS Manual de Rendimientos 2003-11 (Cred. BM 3443-HO),2003
F071018,"FIRME P/ACERA e=10cm,A=2.00m CONCRETO 1:3:5",ML,F07,Pisos,F071,0,FHIS Manual de Rendimientos 2003-11 (Cred. BM 3443-HO),2003
F071019,PISO DE CONC. PARA ACERA E=8CMS #2 A 20 CMS,M2,F07,Pisos,F071,0,FHIS Manual de Rendimientos 2003-11 (Cred. BM 3443-HO),2003
F071020,PISO DE CONCR. SIMPLE CON COLORANTE e=5 CMS,M2,F07,Pisos,F071,0,FHIS Manual de Rendimientos 2003-11 (Cred. BM 3443-HO),2003
F072001,MOLDURA PARA PISO DE CERAMICA DE 0.30X0.30,M.L.,F07,Pisos,F072,0,FHIS Manual de Rendimientos 2003-11 (Cred. BM 3443-HO),2003
F072002,MOLDURA PARA PISO ROJO 25 CMS,M.L.,F07,Pisos,F072,0,FHIS Manual de Rendimientos 2003-11 (Cred. BM 3443-HO),2003
F072003,MOLDURA PARA PISO TERRAZO 30X30 Cms.,M.L.,F07,Pisos,F072,0,FHIS Manual de Rendimientos 2003-11 (Cred. BM 3443-HO),2003
F072004,MOLDURA PARA PISO IMITACION TERRAZO DE 25 CM.,M.L.,F07,Pisos,F072,0,FHIS Manual de Rendimientos 2003-11 (Cred. BM 3443-HO),2003
F072005,PISO DE LADRILLO CEMENTO 25X25 CM.,M2,F07,Pisos,F072,0,FHIS Manual de Rendimientos 2003-11 (Cred. BM 3443-HO),2003
F072006,PISO DE LADRILLO PIEDRIN ROJO CRUZADO 25X25 CM.,M2,F07,Pisos,F072,0,FHIS Manual de Rendimientos 2003-11 (Cred. BM 3443-HO),2003
F072007,PISO GRANITO TERRAZO 30X30,M2,F07,Pisos,F072,0,FHIS Manual de Rendimientos 2003-11 (Cred. BM 3443-HO),2003
F072008,PISO MOSAICO IMITACION TERRAZO 25X25,M2,F07,Pisos,F072,0,FHIS Manual de Rendimientos 2003-11 (Cred. BM 3443-HO),2003
F072009,PISO MOSAICO IMITACION TERRAZO 25X25cm MORTERO 1:5,M2,F07,Pisos,F072,0,FHIS Manual de Rendimientos 2003-11 (Cred. BM 3443-HO),2003
F072010,"MOLDURA PARA PISO TERRAZO DE 25cm,MORTERO 1:5",ML,F07,Pisos,F072,0,FHIS Manual de Rendimientos 2003-11 (Cred. BM 3443-HO),2003
F072011,PISO GRANITO PIZARRA 30X30cm (P/CORREDOR),M2,F07,Pisos,F072,0,FHIS Manual de Rendimientos 2003-11 (Cred. BM 3443-HO),2003
F072012,"MOLDURA PARA PISO DE GRANITO 30X7cm,FONDO GRIS",ML,F07,Pisos,F072,0,FHIS Manual de Rendimientos 2003-11 (Cred. BM 3443-HO),2003
F072013,PISO GRANITO COLOR ROJO 30X30cms,M2,F07,Pisos,F072,0,FHIS Manual de Rendimientos 2003-11 (Cred. BM 3443-HO),2003
F072014,MOLDURA PARA PISO GRANITO ROJO 30X7 Cms.,ML,F07,Pisos,F072,0,FHIS Manual de Rendimientos 2003-11 (Cred. BM 3443-HO),2003
F072015,PISO GRANITO GRIS PERLA 30X30cm C/CAMA DE ARENA 5c,M2,F07,Pisos,F072,0,FHIS Manual de Rendimientos 2003-11 (Cred. BM 3443-HO),2003
F072016,ENTREPISO DE MADERA AULA OCTOGONAL,M2,F07,Pisos,F072,0,FHIS Manual de Rendimientos 2003-11 (Cred. BM 3443-HO),2003
F073001,PISO DE CERAMICA 30 X 30,M2,F07,Pisos,F073,0,FHIS Manual de Rendimientos 2003-11 (Cred. BM 3443-HO),2003
F073002,CERAMICA EN PARED DE 25X30 cm,M2,F07,Pisos,F073,0,FHIS Manual de Rendimientos 2003-11 (Cred. BM 3443-HO),2003
F073003,CERAMICA DE 20X30 cm (SUM/INST),M2,F07,Pisos,F073,0,FHIS Manual de Rendimientos 2003-11 (Cred. BM 3443-HO),2003
F074001,PISO DE LOSETA DE BARRO DE 10X25 CMS.,M2,F07,Pisos,F074,0,FHIS Manual de Rendimientos 2003-11 (Cred. BM 3443-HO),2003
F074003,PISO DE LADRILLO RAFON REF #3@15cm,M2,F07,Pisos,F074,0,FHIS Manual de Rendimientos 2003-11 (Cred. BM 3443-HO),2003
F074004,ESMALTE PARA PISOS,M2,F07,Pisos,F074,0,FHIS Manual de Rendimientos 2003-11 (Cred. BM 3443-HO),2003
F081001,MOLDURA EN CIELO FALSO PINT.ACEITE(INHABILITADA),M.L.,F08,"Techos, cielo falso y canaletas",F081,1,FHIS Manual de Rendimientos 2003-11 (Cred. BM 3443-HO),2003
F081002,MOLDURA EN CIELO FALSO (SUM/INST),M.L.,F08,"Techos, cielo falso y canaletas",F081,0,FHIS Manual de Rendimientos 2003-11 (Cred. BM 3443-HO),2003
F081003,FACIA DE PANELIT (CENEFA)(SUM/INST),M.L.,F08,"Techos, cielo falso y canaletas",F081,0,FHIS Manual de Rendimientos 2003-11 (Cred. BM 3443-HO),2003
F081004,INSTALACION LAMINA S.STANDARD (SIN LAMINA),M2,F08,"Techos, cielo falso y canaletas",F081,0,FHIS Manual de Rendimientos 2003-11 (Cred. BM 3443-HO),2003
F081005,LAMINA SUPERSTANDARD ARMADURA EXIST.(SUM/INST),M2,F08,"Techos, cielo falso y canaletas",F081,0,FHIS Manual de Rendimientos 2003-11 (Cred. BM 3443-HO),2003
F081006,TECHO CANALETA 6' LAMINA S.STANDARD 3’/AULA,M2,F08,"Techos, cielo falso y canaletas",F081,0,FHIS Manual de Rendimientos 2003-11 (Cred. BM 3443-HO),2003
F081007,"TECHO CANALETA 6"" LAMINA S.STANDARD C.S. AC/BB/95",M2,F08,"Techos, cielo falso y canaletas",F081,0,FHIS Manual de Rendimientos 2003-11 (Cred. BM 3443-HO),2003
F081008,TECHO CANALETA Y LAMINA S.STANDARD INSTITUTO,M2,F08,"Techos, cielo falso y canaletas",F081,0,FHIS Manual de Rendimientos 2003-11 (Cred. BM 3443-HO),2003
F081009,TECHO DE CANALETA DE 7 ” LAMINA S. S 3´INSTITUTO,M2,F08,"Techos, cielo falso y canaletas",F081,0,FHIS Manual de Rendimientos 2003-11 (Cred. BM 3443-HO),2003
F081010,TECHO DE CANALETA Y LAMINA S.STANDARD PARA AULA,M2,F08,"Techos, cielo falso y canaletas",F081,0,FHIS Manual de Rendimientos 2003-11 (Cred. BM 3443-HO),2003
F081012,TECHO PERLIN KINDER LAMINA DE 3´,M2,F08,"Techos, cielo falso y canaletas",F081,0,FHIS Manual de Rendimientos 2003-11 (Cred. BM 3443-HO),2003
F081013,TECHO PERLIN LAMINA S. STANDARD 3' /AULA,M2,F08,"Techos, cielo falso y canaletas",F081,0,FHIS Manual de Rendimientos 2003-11 (Cred. BM 3443-HO),2003
F081014,TECHO PERLIN LAMINA S.STANDARD CESAR AC/BB/95,M2,F08,"Techos, cielo falso y canaletas",F081,0,FHIS Manual de Rendimientos 2003-11 (Cred. BM 3443-HO),2003
F081015,"TECHO CANALETA,LAMINA ALUZINC ESMALTADA,PEND 86%",M2,F08,"Techos, cielo falso y canaletas",F081,0,FHIS Manual de Rendimientos 2003-11 (Cred. BM 3443-HO),2003
F081016,"TECHO CANALETA,LAMINA ALUZINC ESMALTADA, PEND 1%",M2,F08,"Techos, cielo falso y canaletas",F081,0,FHIS Manual de Rendimientos 2003-11 (Cred. BM 3443-HO),2003
F081017,MOLDURA EN CIELO FALSO (PINTADA ACEITE),ML,F08,"Techos, cielo falso y canaletas",F081,0,FHIS Manual de Rendimientos 2003-11 (Cred. BM 3443-HO),2003
F081018,LAMINA DE FIBROCEMENTO DE 6' (SUM/INST),UND,F08,"Techos, cielo falso y canaletas",F081,0,FHIS Manual de Rendimientos 2003-11 (Cred. BM 3443-HO),2003
F082001,"TECHO CANALETA 6"" LAM ALUMINIZADA ONDULADA (C.S.)",M2,F08,"Techos, cielo falso y canaletas",F082,0,FHIS Manual de Rendimientos 2003-11 (Cred. BM 3443-HO),2003
F082002,"TECHO CANALETA 6"", LAM. ALUMINIZADA ONDULADA AULA",M2,F08,"Techos, cielo falso y canaletas",F082,0,FHIS Manual de Rendimientos 2003-11 (Cred. BM 3443-HO),2003
F082003,"TECHO CANALETA 7"",LAM. ALUMINIZADA ONDULADA (INST)",M2,F08,"Techos, cielo falso y canaletas",F082,0,FHIS Manual de Rendimientos 2003-11 (Cred. BM 3443-HO),2003
F082004,TECHO PERLIN Y ALUZINC ONDULADA KINDER(INHABILIT),M2,F08,"Techos, cielo falso y canaletas",F082,0,FHIS Manual de Rendimientos 2003-11 (Cred. BM 3443-HO),2003
F082005,"TECHO CANALETA 6"",LAM ALUMINIZADA INDUSTRIAL, AULA",M2,F08,"Techos, cielo falso y canaletas",F082,0,FHIS Manual de Rendimientos 2003-11 (Cred. BM 3443-HO),2003
F082006,"TECHO CANALETA 7"",LAM ALUMINIZADA INDUSTRIAL,INSTI",M2,F08,"Techos, cielo falso y canaletas",F082,0,FHIS Manual de Rendimientos 2003-11 (Cred. BM 3443-HO),2003
F082007,"TECHO PERLIN,LAM ALUMINIZA INDUST KINDER(INHABILI)",M2,F08,"Techos, cielo falso y canaletas",F082,0,FHIS Manual de Rendimientos 2003-11 (Cred. BM 3443-HO),2003
F082008,"TECHO CANALETA 6"",LAM ALUMINIZADA APORTADA",M2,F08,"Techos, cielo falso y canaletas",F082,0,FHIS Manual de Rendimientos 2003-11 (Cred. BM 3443-HO),2003
F082009,"TECHO CANALETA 7"", LAMINA ALUMINIZADA APORTADA OND",M2,F08,"Techos, cielo falso y canaletas",F082,0,FHIS Manual de Rendimientos 2003-11 (Cred. BM 3443-HO),2003
F082010,"TECHO PERLIN,LAM ALUMINIZADA APORTADA / KINDER",M2,F08,"Techos, cielo falso y canaletas",F082,0,FHIS Manual de Rendimientos 2003-11 (Cred. BM 3443-HO),2003
F082012,TECHO DE LAMINA DE ZINC P/MODULO SANITARIO W96,M2,F08,"Techos, cielo falso y canaletas",F082,0,FHIS Manual de Rendimientos 2003-11 (Cred. BM 3443-HO),2003
F082013,TECHO DE MADERA LAMINA ZINC CAL 26 PROHECO,M2,F08,"Techos, cielo falso y canaletas",F082,0,FHIS Manual de Rendimientos 2003-11 (Cred. BM 3443-HO),2003
F082014,TECHO DE MADERA Y LAMINA APORTADA PROHECO,M2,F08,"Techos, cielo falso y canaletas",F082,0,FHIS Manual de Rendimientos 2003-11 (Cred. BM 3443-HO),2003
F082015,LAMINA ZINC EN ESTR. EXIST. (INSTALACION),M2,F08,"Techos, cielo falso y canaletas",F082,0,FHIS Manual de Rendimientos 2003-11 (Cred. BM 3443-HO),2003
F082016,LAMINA DE ZINC DE 10' EN ESTR. EXIST (SUM/INST),M2,F08,"Techos, cielo falso y canaletas",F082,0,FHIS Manual de Rendimientos 2003-11 (Cred. BM 3443-HO),2003
F082017,LAMINA DONADA Y CLAVADORES (INSTALACION),M2,F08,"Techos, cielo falso y canaletas",F082,0,FHIS Manual de Rendimientos 2003-11 (Cred. BM 3443-HO),2003
F082018,"LAMINA ALUMINIZADA 32""X6´ CAL. 26 (SUMINISTRO)",UNID.,F08,"Techos, cielo falso y canaletas",F082,0,FHIS Manual de Rendimientos 2003-11 (Cred. BM 3443-HO),2003
F082019,"LAMINA ALUMINIZADA 32""X8´ CAL. 26 (SUMINISTRO)",UNID.,F08,"Techos, cielo falso y canaletas",F082,0,FHIS Manual de Rendimientos 2003-11 (Cred. BM 3443-HO),2003
F082020,"LAMINA ACANALADA ZINC 32""X6´ CAL. 26(SUMINISTRO)",UNID.,F08,"Techos, cielo falso y canaletas",F082,0,FHIS Manual de Rendimientos 2003-11 (Cred. BM 3443-HO),2003
F082021,"LAMINA ACANALADA ZINC 32""X8´ CAL. 26 (SUMINISTRO)",UNID.,F08,"Techos, cielo falso y canaletas",F082,0,FHIS Manual de Rendimientos 2003-11 (Cred. BM 3443-HO),2003
F082022,"LAMINA ALUMINIZADA 32""X4' CAL.26 (SUMINISTRO)",UNID,F08,"Techos, cielo falso y canaletas",F082,0,FHIS Manual de Rendimientos 2003-11 (Cred. BM 3443-HO),2003
F082023,TECHO DE LAMINA DE ZINC Y MADERA PARA CASETA,M2,F08,"Techos, cielo falso y canaletas",F082,0,FHIS Manual de Rendimientos 2003-11 (Cred. BM 3443-HO),2003
F082024,"TECHO CANALETA,LAM ALUMINIZADA ESMALTADA, (CEB)",M2,F08,"Techos, cielo falso y canaletas",F082,0,FHIS Manual de Rendimientos 2003-11 (Cred. BM 3443-HO),2003
F082025,LAMINA ALUMINIZADA EN ESTRU. EXISTENTE(SUM/INST),M2,F08,"Techos, cielo falso y canaletas",F082,0,FHIS Manual de Rendimientos 2003-11 (Cred. BM 3443-HO),2003
F082026,TECHO PERLIN LAM. ALUMINIZADA ONDULADA KINDER,M2,F08,"Techos, cielo falso y canaletas",F082,0,FHIS Manual de Rendimientos 2003-11 (Cred. BM 3443-HO),2003
F082027,TECHO PERLIN LAM ALUMINIZADA INDUSTRIAL KINDER,M2,F08,"Techos, cielo falso y canaletas",F082,0,FHIS Manual de Rendimientos 2003-11 (Cred. BM 3443-HO),2003
F082028,"TECHO CANALETA 6"",LAMINA ALUMINIZADA IND. (ECSA)",M2,F08,"Techos, cielo falso y canaletas",F082,0,FHIS Manual de Rendimientos 2003-11 (Cred. BM 3443-HO),2003
F082029,"TECHO CANALETA 6"" LAMINA ALUMINIZADA INDUSTRIAL 8'",M2,F08,"Techos, cielo falso y canaletas",F082,0,FHIS Manual de Rendimientos 2003-11 (Cred. BM 3443-HO),2003
F082030,"TECHO,CANALETA 6"",LAM.ALUMINIZADA IND. CESAR/CESAM",M2,F08,"Techos, cielo falso y canaletas",F082,0,FHIS Manual de Rendimientos 2003-11 (Cred. BM 3443-HO),2003
F082031,"TECHO CANALETA 4"", LAMINA ALUMINIZADA (EEB/M)",M2,F08,"Techos, cielo falso y canaletas",F082,0,FHIS Manual de Rendimientos 2003-11 (Cred. BM 3443-HO),2003
F082032,"TECHO CANALETA 4"",LAMINA ESM IND. MEDIO MOD SANIT",M2,F08,"Techos, cielo falso y canaletas",F082,0,FHIS Manual de Rendimientos 2003-11 (Cred. BM 3443-HO),2003
F082033,"TECHO DE LAM.ALUZ ESMALTADA CANALETA DE 6"",KINDER1",M2,F08,"Techos, cielo falso y canaletas",F082,0,FHIS Manual de Rendimientos 2003-11 (Cred. BM 3443-HO),2003
F082034,"TECHO CANALETA 6"",LAMINA ESMALTADA, IND. (ADM7X8)",M2,F08,"Techos, cielo falso y canaletas",F082,0,FHIS Manual de Rendimientos 2003-11 (Cred. BM 3443-HO),2003
F082035,"TECHO CANALETA 4"",LAM. INDUSTRIAL ESMALTADA",M2,F08,"Techos, cielo falso y canaletas",F082,0,FHIS Manual de Rendimientos 2003-11 (Cred. BM 3443-HO),2003
F082036,"TECHO DE CANALETA 6"" Y 7"", CONF. DEPORTIVA",M2,F08,"Techos, cielo falso y canaletas",F082,0,FHIS Manual de Rendimientos 2003-11 (Cred. BM 3443-HO),2003
F082037,"TECHO DE CANALETA 6"" Y 7"" SALONES CONF. DEPORTIVA",M2,F08,"Techos, cielo falso y canaletas",F082,0,FHIS Manual de Rendimientos 2003-11 (Cred. BM 3443-HO),2003
F082038,"TECHO CANALETA 4"",LAM.ESMALTADA IND.(COCINA-BOD",M2,F08,"Techos, cielo falso y canaletas",F082,0,FHIS Manual de Rendimientos 2003-11 (Cred. BM 3443-HO),2003
F082039,"LAMINA ACANALADA DE ZINC 32""X10´CAL28(SUMINISTRO)",UND,F08,"Techos, cielo falso y canaletas",F082,0,FHIS Manual de Rendimientos 2003-11 (Cred. BM 3443-HO),2003
F082040,"TECHO DE CANALETA 6"" ,LAM ESMALTADA IND.(ADM10.",M2,F08,"Techos, cielo falso y canaletas",F082,0,FHIS Manual de Rendimientos 2003-11 (Cred. BM 3443-HO),2003
F082041,"TECHO CANALETA 6"",LAM ALUMINIZADA IND.(ADM10.5X8)",M2,F08,"Techos, cielo falso y canaletas",F082,0,FHIS Manual de Rendimientos 2003-11 (Cred. BM 3443-HO),2003
F082042,"TECHO DE CANALETA 6"",LAM. ALUMINIZADA IND.(ADM7X8",M2,F08,"Techos, cielo falso y canaletas",F082,0,FHIS Manual de Rendimientos 2003-11 (Cred. BM 3443-HO),2003
F082043,"TECHO CANALETA 6"" ,LAM ALUMINIZADA IND. MMS (CSA)",M2,F08,"Techos, cielo falso y canaletas",F082,0,FHIS Manual de Rendimientos 2003-11 (Cred. BM 3443-HO),2003
F082045,"TECHO ESTRUCT. DE MADERA , CUBIERTA CAÑA Y TIKE",M2,F08,"Techos, cielo falso y canaletas",F082,0,FHIS Manual de Rendimientos 2003-11 (Cred. BM 3443-HO),2003
F082046,"LAMINA DE ZINC DE 32""X12', CAL. 28",UND,F08,"Techos, cielo falso y canaletas",F082,0,FHIS Manual de Rendimientos 2003-11 (Cred. BM 3443-HO),2003
F082047,"LAMINA DE ZINC 32""X8', CALIBRE 28",UND,F08,"Techos, cielo falso y canaletas",F082,0,FHIS Manual de Rendimientos 2003-11 (Cred. BM 3443-HO),2003
F084001,"CIELO FALSO FIBRA MINERAL DE 2 X4,Y FLEJE ALUMINIO",M2,F08,"Techos, cielo falso y canaletas",F084,0,FHIS Manual de Rendimientos 2003-11 (Cred. BM 3443-HO),2003
F084002,CIELO FALSO DE LAMINA PANELIT 2 X 4 X 5 mm,M2,F08,"Techos, cielo falso y canaletas",F084,0,FHIS Manual de Rendimientos 2003-11 (Cred. BM 3443-HO),2003
F084003,CIELO FALSO DE PANELIT FLEJE METALICO,M2,F08,"Techos, cielo falso y canaletas",F084,0,FHIS Manual de Rendimientos 2003-11 (Cred. BM 3443-HO),2003
F084004,CIELO FALSO DE PANELIT/MADERA PARA TECHO PERLIN,M2,F08,"Techos, cielo falso y canaletas",F084,0,FHIS Manual de Rendimientos 2003-11 (Cred. BM 3443-HO),2003
F084005,PANELIT CIELO FALSO EN ESTRU. EXISTENTE(SUM/INST),M2,F08,"Techos, cielo falso y canaletas",F084,0,FHIS Manual de Rendimientos 2003-11 (Cred. BM 3443-HO),2003
F084006,CIELO FALSO DE PANELIT FIJADO A CANALETA,M2,F08,"Techos, cielo falso y canaletas",F084,0,FHIS Manual de Rendimientos 2003-11 (Cred. BM 3443-HO),2003
F084007,ENMASILLADO Y LIJADO DE CIELO FALSO/LAMINA FIBROCE,M2,F08,"Techos, cielo falso y canaletas",F084,0,FHIS Manual de Rendimientos 2003-11 (Cred. BM 3443-HO),2003
F084008,"LAMINA P/CIELO FALSO, DESMONTAJE E INSTALACION",M2,F08,"Techos, cielo falso y canaletas",F084,0,FHIS Manual de Rendimientos 2003-11 (Cred. BM 3443-HO),2003
F084009,LAMINAS PARA CIELO FALSO (SOLO INSTALACION),M2,F08,"Techos, cielo falso y canaletas",F084,0,FHIS Manual de Rendimientos 2003-11 (Cred. BM 3443-HO),2003
F085001,"CANALETA 6"" PARA TECHO (SUM/INST)",M.L.,F08,"Techos, cielo falso y canaletas",F085,0,FHIS Manual de Rendimientos 2003-11 (Cred. BM 3443-HO),2003
F085002,CAPOTE S.STANDARD EN TECHO EXISTENTE (SUM/INST),UNID,F08,"Techos, cielo falso y canaletas",F085,0,FHIS Manual de Rendimientos 2003-11 (Cred. BM 3443-HO),2003
F085003,MALLA ELECTROSOLDADA 6X6 – 2/2 EN CIELO FALSO,M2,F08,"Techos, cielo falso y canaletas",F085,0,FHIS Manual de Rendimientos 2003-11 (Cred. BM 3443-HO),2003
F085004,FLASHIN DE LAMINA DE ZINC EN TECHO CEMENTO 1:2:3,M.L.,F08,"Techos, cielo falso y canaletas",F085,0,FHIS Manual de Rendimientos 2003-11 (Cred. BM 3443-HO),2003
F085005,TIJERA DE MADERA TIPO FHIS INCLUYE MONTAJE Y DESM.,UNID,F08,"Techos, cielo falso y canaletas",F085,0,FHIS Manual de Rendimientos 2003-11 (Cred. BM 3443-HO),2003
F085006,"ATIEZADORES VARILLA DE 1/2"" CORRUGADA",M.L.,F08,"Techos, cielo falso y canaletas",F085,0,FHIS Manual de Rendimientos 2003-11 (Cred. BM 3443-HO),2003
F085007,"TIJERA DE CANALETA DE 4"" Y 5"" ENCAJUELADA (CEB)",UND,F08,"Techos, cielo falso y canaletas",F085,0,FHIS Manual de Rendimientos 2003-11 (Cred. BM 3443-HO),2003
F085008,CAPOTE DE ZINC (SUMINISTRO),ML,F08,"Techos, cielo falso y canaletas",F085,0,FHIS Manual de Rendimientos 2003-11 (Cred. BM 3443-HO),2003
F085009,REPARACION DE TECHO CON TAPAGOTERA Y CINTA,M2,F08,"Techos, cielo falso y canaletas",F085,0,FHIS Manual de Rendimientos 2003-11 (Cred. BM 3443-HO),2003
F091001,LOSA CONC. CAN. BALON.C/ACE TEMP. N2 A 35(INHABIL,M2,F09,Losas,F091,0,FHIS Manual de Rendimientos 2003-11 (Cred. BM 3443-HO),2003
F091002,PARALES DE TUBO HG DE 2½” (INHABILITADA),UNID,F09,Losas,F091,1,FHIS Manual de Rendimientos 2003-11 (Cred. BM 3443-HO),2003
F091003,TABLERO MACHI. ANGULO HIERRO (1.2X1.8/ARO 1),UNID,F09,Losas,F091,0,FHIS Manual de Rendimientos 2003-11 (Cred. BM 3443-HO),2003
F091004,CAMA ARENA COMPAC. E= 5 CM.,M3,F09,Losas,F091,0,FHIS Manual de Rendimientos 2003-11 (Cred. BM 3443-HO),2003
F091005,MARCADO DE CANCHA,GLOBA,F09,Losas,F091,0,FHIS Manual de Rendimientos 2003-11 (Cred. BM 3443-HO),2003
F091006,CORTE Y CONFORMACION EN CANCHA DE BALONCESTO,M3,F09,Losas,F091,0,FHIS Manual de Rendimientos 2003-11 (Cred. BM 3443-HO),2003
F091007,REFLECTOR PARA CANCHA MULTI-USOS(inhabilitada),UNID,F09,Losas,F091,1,FHIS Manual de Rendimientos 2003-11 (Cred. BM 3443-HO),2003
F091008,REFLECTOR DOBLE P/ CANCHA MULTI-USOS(INHABILITADA),UNID,F09,Losas,F091,1,FHIS Manual de Rendimientos 2003-11 (Cred. BM 3443-HO),2003
F091009,"PARALES DE TUBO HG LIVIANO DE 2-1/2""",UNID,F09,Losas,F091,0,FHIS Manual de Rendimientos 2003-11 (Cred. BM 3443-HO),2003
F091010,REFLECTOR DOBLE P/CANCHA TUBO HG LIVIANO,UNID,F09,Losas,F091,0,FHIS Manual de Rendimientos 2003-11 (Cred. BM 3443-HO),2003
F091011,LOSA CONC. CAN. BALON. C/ACERO TEMP. #2 @35 A.S.,M2,F09,Losas,F091,0,FHIS Manual de Rendimientos 2003-11 (Cred. BM 3443-HO),2003
F091014,REFLECTOR PARA CANCHA MULTI-USOS,UND,F09,Losas,F091,0,FHIS Manual de Rendimientos 2003-11 (Cred. BM 3443-HO),2003
F091015,REFLECTOR DOBLE PARA CANCHA MULTI-USOS,UND,F09,Losas,F091,0,FHIS Manual de Rendimientos 2003-11 (Cred. BM 3443-HO),2003
F101001,"SUMINISTRO DE TUBERIA PVC DE 1/2"" RD-13.5",M.L.,F10,Tuberia de agua potable (PVC/concreto),F101,0,FHIS Manual de Rendimientos 2003-11 (Cred. BM 3443-HO),2003
F101002,"SUMINISTRO DE TUBERIA PVC DE 1/2"" RD-17",M.L.,F10,Tuberia de agua potable (PVC/concreto),F101,0,FHIS Manual de Rendimientos 2003-11 (Cred. BM 3443-HO),2003
F101003,"SUMINISTRO DE TUBERIA PVC DE 1/2"" RD-26",M.L.,F10,Tuberia de agua potable (PVC/concreto),F101,0,FHIS Manual de Rendimientos 2003-11 (Cred. BM 3443-HO),2003
F101004,"SUMINISTRO DE TUBERIA CPVC DE 1/2"" AGUA CALIENTE",M.L.,F10,Tuberia de agua potable (PVC/concreto),F101,0,FHIS Manual de Rendimientos 2003-11 (Cred. BM 3443-HO),2003
F101005,"SUMINISTRO DE TUBERIA PVC DE 3/4"" RD-13.5",M.L.,F10,Tuberia de agua potable (PVC/concreto),F101,0,FHIS Manual de Rendimientos 2003-11 (Cred. BM 3443-HO),2003
F101006,"SUMINISTRO DE TUBERIA PVC DE 3/4"" RD-17",M.L.,F10,Tuberia de agua potable (PVC/concreto),F101,0,FHIS Manual de Rendimientos 2003-11 (Cred. BM 3443-HO),2003
F101007,"SUMINISTRO DE TUBERIA PVC DE 3/4"" RD-21",M.L.,F10,Tuberia de agua potable (PVC/concreto),F101,0,FHIS Manual de Rendimientos 2003-11 (Cred. BM 3443-HO),2003
F101008,"SUMINISTRO DE TUBERIA PVC DE 3/4"" RD-26",M.L.,F10,Tuberia de agua potable (PVC/concreto),F101,0,FHIS Manual de Rendimientos 2003-11 (Cred. BM 3443-HO),2003
F101009,"SUMINISTRO DE TUBERIA PVC DE 1"" RD-17",M.L.,F10,Tuberia de agua potable (PVC/concreto),F101,0,FHIS Manual de Rendimientos 2003-11 (Cred. BM 3443-HO),2003
F101010,"SUMINISTRO DE TUBERIA PVC DE 1"" RD-21",M.L.,F10,Tuberia de agua potable (PVC/concreto),F101,0,FHIS Manual de Rendimientos 2003-11 (Cred. BM 3443-HO),2003
F101011,"SUMINISTRO DE TUBERIA PVC DE 1"" RD-26",M.L.,F10,Tuberia de agua potable (PVC/concreto),F101,0,FHIS Manual de Rendimientos 2003-11 (Cred. BM 3443-HO),2003
F101012,"SUMINISTRO DE TUBERIA PVC DE 1"" RD-32.5",M.L.,F10,Tuberia de agua potable (PVC/concreto),F101,0,FHIS Manual de Rendimientos 2003-11 (Cred. BM 3443-HO),2003
F101013,"SUMINISTRO DE TUBERIA PVC DE 1-1/2"" RD-13.5",M.L.,F10,Tuberia de agua potable (PVC/concreto),F101,0,FHIS Manual de Rendimientos 2003-11 (Cred. BM 3443-HO),2003
F101014,"SUMINISTRO DE TUBERIA PVC DE 1-1/2"" RD-17",M.L.,F10,Tuberia de agua potable (PVC/concreto),F101,0,FHIS Manual de Rendimientos 2003-11 (Cred. BM 3443-HO),2003
F101015,"SUMINISTRO DE TUBERIA PVC DE 1-1/2"" RD-21",M.L.,F10,Tuberia de agua potable (PVC/concreto),F101,0,FHIS Manual de Rendimientos 2003-11 (Cred. BM 3443-HO),2003
F101016,"SUMINISTRO DE TUBERIA PVC DE 1-1/2"" RD-26",M.L.,F10,Tuberia de agua potable (PVC/concreto),F101,0,FHIS Manual de Rendimientos 2003-11 (Cred. BM 3443-HO),2003
F101017,"SUMINISTRO DE TUBERIA PVC DE 1-1/2"" RD-32.5",M.L.,F10,Tuberia de agua potable (PVC/concreto),F101,0,FHIS Manual de Rendimientos 2003-11 (Cred. BM 3443-HO),2003
F101018,"SUMINISTRO DE TUBERIA PVC DE 2"" RD-17",M.L.,F10,Tuberia de agua potable (PVC/concreto),F101,0,FHIS Manual de Rendimientos 2003-11 (Cred. BM 3443-HO),2003
F101019,"SUMINISTRO DE TUBERIA PVC DE 2"" RD-21",M.L.,F10,Tuberia de agua potable (PVC/concreto),F101,0,FHIS Manual de Rendimientos 2003-11 (Cred. BM 3443-HO),2003
F101020,"SUMINISTRO DE TUBERIA PVC DE 2"" RD-26",M.L.,F10,Tuberia de agua potable (PVC/concreto),F101,0,FHIS Manual de Rendimientos 2003-11 (Cred. BM 3443-HO),2003
F101021,"SUMINSITRO DE TUBERIA PVC DE 2"" RD-32.5",M.L.,F10,Tuberia de agua potable (PVC/concreto),F101,0,FHIS Manual de Rendimientos 2003-11 (Cred. BM 3443-HO),2003
F101022,"SUMINISTRO DE TUBERIA PVC DE 2"" RD-41",M.L.,F10,Tuberia de agua potable (PVC/concreto),F101,0,FHIS Manual de Rendimientos 2003-11 (Cred. BM 3443-HO),2003
F101023,"SUMINISTRO DE TUBERIA PVC DE 2"" RD-50",M.L.,F10,Tuberia de agua potable (PVC/concreto),F101,0,FHIS Manual de Rendimientos 2003-11 (Cred. BM 3443-HO),2003
F101024,"SUMINISTRO DE TUBERIA PVC DE 2-1/2"" RD-17",M.L.,F10,Tuberia de agua potable (PVC/concreto),F101,0,FHIS Manual de Rendimientos 2003-11 (Cred. BM 3443-HO),2003
F101025,"SUMINISTRO DE TUBERIA PVC DE 2-1/2"" RD-21",M.L.,F10,Tuberia de agua potable (PVC/concreto),F101,0,FHIS Manual de Rendimientos 2003-11 (Cred. BM 3443-HO),2003
F101026,"SUMINISTRO DE TUBERIA PVC DE 2-1/2"" RD-26",M.L.,F10,Tuberia de agua potable (PVC/concreto),F101,0,FHIS Manual de Rendimientos 2003-11 (Cred. BM 3443-HO),2003
F101027,"SUMINISTRO DE TUBERIA PVC DE 2-1/2"" RD-32.5",M.L.,F10,Tuberia de agua potable (PVC/concreto),F101,0,FHIS Manual de Rendimientos 2003-11 (Cred. BM 3443-HO),2003
F101028,"SUMINISTRO DE TUBERIA PVC DE 3"" RD-17",M.L.,F10,Tuberia de agua potable (PVC/concreto),F101,0,FHIS Manual de Rendimientos 2003-11 (Cred. BM 3443-HO),2003
F101029,"SUMINISTRO DE TUBERIA PVC DE 3"" RD-21",M.L.,F10,Tuberia de agua potable (PVC/concreto),F101,0,FHIS Manual de Rendimientos 2003-11 (Cred. BM 3443-HO),2003
F101030,"SUMINISTRO DE TUBERIA PVC DE 3"" RD-26",M.L.,F10,Tuberia de agua potable (PVC/concreto),F101,0,FHIS Manual de Rendimientos 2003-11 (Cred. BM 3443-HO),2003
F101031,"SUMINISTRO DE TUBERIA PVC DE 3"" RD-32.5",M.L.,F10,Tuberia de agua potable (PVC/concreto),F101,0,FHIS Manual de Rendimientos 2003-11 (Cred. BM 3443-HO),2003
F101032,"SUMINISTRO DE TUBERIA PVC DE 3"" RD-41",M.L.,F10,Tuberia de agua potable (PVC/concreto),F101,0,FHIS Manual de Rendimientos 2003-11 (Cred. BM 3443-HO),2003
F101033,"SUMINISTRO DE TUBERIA PVC DE 3"" RD-50",M.L.,F10,Tuberia de agua potable (PVC/concreto),F101,0,FHIS Manual de Rendimientos 2003-11 (Cred. BM 3443-HO),2003
F101034,"SUMINISTRO DE TUBERIA PVC DE 4"" RD-17",M.L.,F10,Tuberia de agua potable (PVC/concreto),F101,0,FHIS Manual de Rendimientos 2003-11 (Cred. BM 3443-HO),2003
F101035,"SUMINISTRO DE TUBERIA PVC DE 4"" RD-17",M.L.,F10,Tuberia de agua potable (PVC/concreto),F101,0,FHIS Manual de Rendimientos 2003-11 (Cred. BM 3443-HO),2003
F101036,"SUMINISTRO DE TUBERIA PVC DE 4"" RD-21",M.L.,F10,Tuberia de agua potable (PVC/concreto),F101,0,FHIS Manual de Rendimientos 2003-11 (Cred. BM 3443-HO),2003
F101037,"SUMINISTRO DE TUBERIA PVC DE 4"" RD-26",M.L.,F10,Tuberia de agua potable (PVC/concreto),F101,0,FHIS Manual de Rendimientos 2003-11 (Cred. BM 3443-HO),2003
F101038,"SUMINISTRO DE TUBERIA PVC DE 4"" RD-26",M.L.,F10,Tuberia de agua potable (PVC/concreto),F101,0,FHIS Manual de Rendimientos 2003-11 (Cred. BM 3443-HO),2003
F101039,"SUMINISTRO DE TUBERIA PVC DE 4"" RD-32.5",M.L.,F10,Tuberia de agua potable (PVC/concreto),F101,0,FHIS Manual de Rendimientos 2003-11 (Cred. BM 3443-HO),2003
F101040,"SUMINISTRO DE TUBERIA PVC DE 4"" RD-41",M.L.,F10,Tuberia de agua potable (PVC/concreto),F101,0,FHIS Manual de Rendimientos 2003-11 (Cred. BM 3443-HO),2003
F101041,"SUMINISTRO DE TUBERIA PVC DE 4"" RD-50",M.L.,F10,Tuberia de agua potable (PVC/concreto),F101,0,FHIS Manual de Rendimientos 2003-11 (Cred. BM 3443-HO),2003
F101042,"SUMINISTRO DE TUBERIA PVC DE 6"" RD-13.5",M.L.,F10,Tuberia de agua potable (PVC/concreto),F101,0,FHIS Manual de Rendimientos 2003-11 (Cred. BM 3443-HO),2003
F101043,"SUMINISTRO DE TUBERIA PVC DE 6"" RD-17",M.L.,F10,Tuberia de agua potable (PVC/concreto),F101,0,FHIS Manual de Rendimientos 2003-11 (Cred. BM 3443-HO),2003
F101044,"SUMINISTRO DE TUBERIA PVC DE 6"" RD-21",M.L.,F10,Tuberia de agua potable (PVC/concreto),F101,0,FHIS Manual de Rendimientos 2003-11 (Cred. BM 3443-HO),2003
F101045,"SUMINISTRO DE TUBERIA PVC DE 6"" RD-26",M.L.,F10,Tuberia de agua potable (PVC/concreto),F101,0,FHIS Manual de Rendimientos 2003-11 (Cred. BM 3443-HO),2003
F101046,"SUMINISTRO DE TUBERIA PVC DE 6"" RD-32.5",M.L.,F10,Tuberia de agua potable (PVC/concreto),F101,0,FHIS Manual de Rendimientos 2003-11 (Cred. BM 3443-HO),2003
F101047,"SUMINISTRO DE TUBERIA PVC DE 6"" RD-41",M.L.,F10,Tuberia de agua potable (PVC/concreto),F101,0,FHIS Manual de Rendimientos 2003-11 (Cred. BM 3443-HO),2003
F101048,"SUMINISTRO DE TUBERIA PVC DE 6"" RD-50",M.L.,F10,Tuberia de agua potable (PVC/concreto),F101,0,FHIS Manual de Rendimientos 2003-11 (Cred. BM 3443-HO),2003
F101049,"SUMINISTRO DE TUBERIA PVC DE 8"" RD-17",M.L.,F10,Tuberia de agua potable (PVC/concreto),F101,0,FHIS Manual de Rendimientos 2003-11 (Cred. BM 3443-HO),2003
F101050,"SUMINISTRO DE TUBERIA PVC DE 8"" RD-21",M.L.,F10,Tuberia de agua potable (PVC/concreto),F101,0,FHIS Manual de Rendimientos 2003-11 (Cred. BM 3443-HO),2003
F101051,"SUMINISTRO DE TUBERIA PVC DE 8"" RD-26",M.L.,F10,Tuberia de agua potable (PVC/concreto),F101,0,FHIS Manual de Rendimientos 2003-11 (Cred. BM 3443-HO),2003
F101052,"SUMINISTRO DE TUBERIA PVC DE 8"" RD-32.5",M.L.,F10,Tuberia de agua potable (PVC/concreto),F101,0,FHIS Manual de Rendimientos 2003-11 (Cred. BM 3443-HO),2003
F101053,"SUMINISTRO DE TUBERIA PVC DE 8"" RD-41",M.L.,F10,Tuberia de agua potable (PVC/concreto),F101,0,FHIS Manual de Rendimientos 2003-11 (Cred. BM 3443-HO),2003
F101054,"SUMINISTRO DE TUBERIA PVC DE 8"" RD-50",M.L.,F10,Tuberia de agua potable (PVC/concreto),F101,0,FHIS Manual de Rendimientos 2003-11 (Cred. BM 3443-HO),2003
F101055,"SUMINISTRO DE TUBERIA PVC DE 10"" RD-17",M.L.,F10,Tuberia de agua potable (PVC/concreto),F101,0,FHIS Manual de Rendimientos 2003-11 (Cred. BM 3443-HO),2003
F101056,"SUMINISTRO DE TUBERIA PVC DE 10"" RD-21",M.L.,F10,Tuberia de agua potable (PVC/concreto),F101,0,FHIS Manual de Rendimientos 2003-11 (Cred. BM 3443-HO),2003
F101057,"SUMINISTRO DE TUBERIA PVC DE 10"" RD-26",M.L.,F10,Tuberia de agua potable (PVC/concreto),F101,0,FHIS Manual de Rendimientos 2003-11 (Cred. BM 3443-HO),2003
F101058,"SUMINISTRO DE TUBERIA PVC DE 10"" RD-32.5",M.L.,F10,Tuberia de agua potable (PVC/concreto),F101,0,FHIS Manual de Rendimientos 2003-11 (Cred. BM 3443-HO),2003
F101059,"SUMINISTRO DE TUBERIA PVC DE 10"" RD-41",M.L.,F10,Tuberia de agua potable (PVC/concreto),F101,0,FHIS Manual de Rendimientos 2003-11 (Cred. BM 3443-HO),2003
F101060,"SUMINISTRO DE TUBERIA PVC DE 10"" RD-50",M.L.,F10,Tuberia de agua potable (PVC/concreto),F101,0,FHIS Manual de Rendimientos 2003-11 (Cred. BM 3443-HO),2003
F101061,"SUMINISTRO DE TUBERIA PVC DE 12"" RD-17",M.L.,F10,Tuberia de agua potable (PVC/concreto),F101,0,FHIS Manual de Rendimientos 2003-11 (Cred. BM 3443-HO),2003
F101062,"SUMINISTRO DE TUBERIA PVC DE 12"" RD-21",M.L.,F10,Tuberia de agua potable (PVC/concreto),F101,0,FHIS Manual de Rendimientos 2003-11 (Cred. BM 3443-HO),2003
F101063,"SUMINISTRO DE TUBERIA PVC DE 12"" RD-26",M.L.,F10,Tuberia de agua potable (PVC/concreto),F101,0,FHIS Manual de Rendimientos 2003-11 (Cred. BM 3443-HO),2003
F101064,"SUMINISTRO DE TUBERIA PVC DE 12"" RD-32.5",M.L.,F10,Tuberia de agua potable (PVC/concreto),F101,0,FHIS Manual de Rendimientos 2003-11 (Cred. BM 3443-HO),2003
F101065,"SUMINISTRO DE TUBERIA PVC DE 12"" RD-41",M.L.,F10,Tuberia de agua potable (PVC/concreto),F101,0,FHIS Manual de Rendimientos 2003-11 (Cred. BM 3443-HO),2003
F101066,"SUMINISTRO DE TUBERIA PVC DE 12"" RD 50",M.L.,F10,Tuberia de agua potable (PVC/concreto),F101,0,FHIS Manual de Rendimientos 2003-11 (Cred. BM 3443-HO),2003
F101067,"SUMINISTRO DE TUBERIA HG SCH-40 DE 1/2""",M.L.,F10,Tuberia de agua potable (PVC/concreto),F101,0,FHIS Manual de Rendimientos 2003-11 (Cred. BM 3443-HO),2003
F101068,"SUMINISTRO DE TUBERIA HG SCH-40 DE 3/4""",M.L.,F10,Tuberia de agua potable (PVC/concreto),F101,0,FHIS Manual de Rendimientos 2003-11 (Cred. BM 3443-HO),2003
F101069,"SUMINISTRO DE TUBERIA HG SCH-40 DE 1""",M.L.,F10,Tuberia de agua potable (PVC/concreto),F101,0,FHIS Manual de Rendimientos 2003-11 (Cred. BM 3443-HO),2003
F101070,"SUMINISTRO DE TUBERIA HG SCH-40 DE 1-1/2""",M.L.,F10,Tuberia de agua potable (PVC/concreto),F101,0,FHIS Manual de Rendimientos 2003-11 (Cred. BM 3443-HO),2003
F101071,"SUMINISTRO DE TUBERIA HG SCH-40 DE 2""",M.L.,F10,Tuberia de agua potable (PVC/concreto),F101,0,FHIS Manual de Rendimientos 2003-11 (Cred. BM 3443-HO),2003
F101072,"SUMINISTRO DE TUBERIA HG SCH-40 DE 2-1/2""",M.L.,F10,Tuberia de agua potable (PVC/concreto),F101,0,FHIS Manual de Rendimientos 2003-11 (Cred. BM 3443-HO),2003
F101073,"SUMINISTRO DE TUBERIA HG SCH-40 DE 3""",M.L.,F10,Tuberia de agua potable (PVC/concreto),F101,0,FHIS Manual de Rendimientos 2003-11 (Cred. BM 3443-HO),2003
F101074,"SUMINISTRO DE TUBERIA HG SCH-40 DE 4""",M.L.,F10,Tuberia de agua potable (PVC/concreto),F101,0,FHIS Manual de Rendimientos 2003-11 (Cred. BM 3443-HO),2003
F101075,"SUMINISTRO DE TUBERIA HG SCH-40 DE 6""",M.L.,F10,Tuberia de agua potable (PVC/concreto),F101,0,FHIS Manual de Rendimientos 2003-11 (Cred. BM 3443-HO),2003
F101076,"SUMINISTRO DE TUBERIA HG SCH-40 DE 8""",M.L.,F10,Tuberia de agua potable (PVC/concreto),F101,0,FHIS Manual de Rendimientos 2003-11 (Cred. BM 3443-HO),2003
F101077,"SUMINISTRO DE TUBERIA HG SCH-40 DE 10""",M.L.,F10,Tuberia de agua potable (PVC/concreto),F101,0,FHIS Manual de Rendimientos 2003-11 (Cred. BM 3443-HO),2003
F101078,"SUMINISTRO DE TUBERIA HFD DE 12"" (300 MM.)",M.L.,F10,Tuberia de agua potable (PVC/concreto),F101,0,FHIS Manual de Rendimientos 2003-11 (Cred. BM 3443-HO),2003
F101079,TUBERIA PVC DRENAJE CORRUGADA 8 ” (SUM)(INHABILI),M.L.,F10,Tuberia de agua potable (PVC/concreto),F101,0,FHIS Manual de Rendimientos 2003-11 (Cred. BM 3443-HO),2003
F101080,TUBERIA PVC DRENAJE CORRUGADA DE 10 ” (SUMINISTRO),M.L.,F10,Tuberia de agua potable (PVC/concreto),F101,0,FHIS Manual de Rendimientos 2003-11 (Cred. BM 3443-HO),2003
F101081,TUBERIA PVC DRENAJE CORRUGADA DE 12 ” (SUMINISTRO),M.L.,F10,Tuberia de agua potable (PVC/concreto),F101,0,FHIS Manual de Rendimientos 2003-11 (Cred. BM 3443-HO),2003
F101082,"TUBERIA PVC DRENAJE CORRUGADA DE 15"" (SUMINISTRO)",M.L.,F10,Tuberia de agua potable (PVC/concreto),F101,0,FHIS Manual de Rendimientos 2003-11 (Cred. BM 3443-HO),2003
F101083,TUBERIA PVC DRENAJE CORRUGADA DE 18 ” (SUMINISTRO),M.L.,F10,Tuberia de agua potable (PVC/concreto),F101,0,FHIS Manual de Rendimientos 2003-11 (Cred. BM 3443-HO),2003
F101084,SUM. DE TUBERIA PVC PERFILADO HELICOIDAL DE 20 “,M.L.,F10,Tuberia de agua potable (PVC/concreto),F101,0,FHIS Manual de Rendimientos 2003-11 (Cred. BM 3443-HO),2003
F101085,TUBERIA PVC DRENAJE CORRUGADA DE 24 ” (SUMINISTRO),M.L.,F10,Tuberia de agua potable (PVC/concreto),F101,0,FHIS Manual de Rendimientos 2003-11 (Cred. BM 3443-HO),2003
F101086,SUM. DE TUBERIA PVC PERFILADO HELICOIDAL DE 30 “,M.L.,F10,Tuberia de agua potable (PVC/concreto),F101,0,FHIS Manual de Rendimientos 2003-11 (Cred. BM 3443-HO),2003
F101087,"SUM. DE TUB. POLIETILENO ALTA DENSIDAD 42"" (HDP)",M.L.,F10,Tuberia de agua potable (PVC/concreto),F101,0,FHIS Manual de Rendimientos 2003-11 (Cred. BM 3443-HO),2003
F101088,SUM. TUBERIA PVC PERFILADA DOBLE PARED DE 18 “,M.L.,F10,Tuberia de agua potable (PVC/concreto),F101,0,FHIS Manual de Rendimientos 2003-11 (Cred. BM 3443-HO),2003
F101089,SUM. TUBERIA PVC PERFILADA HELICOIDAL DE 36 “,ML,F10,Tuberia de agua potable (PVC/concreto),F101,0,FHIS Manual de Rendimientos 2003-11 (Cred. BM 3443-HO),2003
F101090,"SUM. DE TUB. POLIETILENO ALTA DENSIDAD 12"" (HDP)",M.L.,F10,Tuberia de agua potable (PVC/concreto),F101,0,FHIS Manual de Rendimientos 2003-11 (Cred. BM 3443-HO),2003
F101091,"SUM. DE TUB. POLIETILENO ALTA DENSIDAD 15"" (HDP)",M.L.,F10,Tuberia de agua potable (PVC/concreto),F101,0,FHIS Manual de Rendimientos 2003-11 (Cred. BM 3443-HO),2003
F101092,"SUM. DE TUB. POLIETILENO ALTA DENSIDAD 18"" (HDP)",M.L.,F10,Tuberia de agua potable (PVC/concreto),F101,0,FHIS Manual de Rendimientos 2003-11 (Cred. BM 3443-HO),2003
F101093,"SUM. TUBERIA POLIETILENO ALTA DENSIDAD 24"" (HDP)",M.L.,F10,Tuberia de agua potable (PVC/concreto),F101,0,FHIS Manual de Rendimientos 2003-11 (Cred. BM 3443-HO),2003
F101094,"SUM. TUBERIA POLIETILENO ALTA DENSIDAD 30"" (HDP)",M.L.,F10,Tuberia de agua potable (PVC/concreto),F101,0,FHIS Manual de Rendimientos 2003-11 (Cred. BM 3443-HO),2003
F101095,"SUM. TUBERIA POLIETILENO ALTA DENSIDAD 36"" (HDP)",M.L.,F10,Tuberia de agua potable (PVC/concreto),F101,0,FHIS Manual de Rendimientos 2003-11 (Cred. BM 3443-HO),2003
F101096,"SUM. DE TUB. LIVIANA PARA AGUAS LLUVIAS 48""",M.L.,F10,Tuberia de agua potable (PVC/concreto),F101,0,FHIS Manual de Rendimientos 2003-11 (Cred. BM 3443-HO),2003
F101097,"SUMINISTRO DE TUBERIA PVC DE 15"" RD-41",ML,F10,Tuberia de agua potable (PVC/concreto),F101,0,FHIS Manual de Rendimientos 2003-11 (Cred. BM 3443-HO),2003
F101098,"SUMINISTRO DE TUBERIA DE HG DE 1/2"" LIVIANA",ML,F10,Tuberia de agua potable (PVC/concreto),F101,0,FHIS Manual de Rendimientos 2003-11 (Cred. BM 3443-HO),2003
F101099,"SUMINISTRO DE TUBERIA DE HG DE 3/4"" LIVIANA",ML,F10,Tuberia de agua potable (PVC/concreto),F101,0,FHIS Manual de Rendimientos 2003-11 (Cred. BM 3443-HO),2003
F101100,"SUMINISTRO DE TUBERIA DE HG DE 1"" LIVIANA",ML,F10,Tuberia de agua potable (PVC/concreto),F101,0,FHIS Manual de Rendimientos 2003-11 (Cred. BM 3443-HO),2003
F101101,"SUMINISTRO DE TUBERIA DE HG DE 1 1/2"" LIVIANA",ML,F10,Tuberia de agua potable (PVC/concreto),F101,0,FHIS Manual de Rendimientos 2003-11 (Cred. BM 3443-HO),2003
F101102,"SUMINISTRO DE TUBERIA DE HG DE 2"" LIVIANA",ML,F10,Tuberia de agua potable (PVC/concreto),F101,0,FHIS Manual de Rendimientos 2003-11 (Cred. BM 3443-HO),2003
F101103,"SUMINISTRO DE TUBERIA DE HG DE 2 1/2"" LIVIANA",ML,F10,Tuberia de agua potable (PVC/concreto),F101,0,FHIS Manual de Rendimientos 2003-11 (Cred. BM 3443-HO),2003
F101104,"SUMINISTRO DE TUBERIA DE HG DE 3"" LIVIANA",ML,F10,Tuberia de agua potable (PVC/concreto),F101,0,FHIS Manual de Rendimientos 2003-11 (Cred. BM 3443-HO),2003
F101105,"SUMINISTRO DE TUBERIA DE HG DE 4"" LIVIANA",ML,F10,Tuberia de agua potable (PVC/concreto),F101,0,FHIS Manual de Rendimientos 2003-11 (Cred. BM 3443-HO),2003
F101106,"SUMINISTRO DE TUBERIA DE HG DE 6"" LIVIANA",ML,F10,Tuberia de agua potable (PVC/concreto),F101,0,FHIS Manual de Rendimientos 2003-11 (Cred. BM 3443-HO),2003
F101107,"SUMINISTRO DE TUBERIA DE HG DE 8"" LIVIANA",ML,F10,Tuberia de agua potable (PVC/concreto),F101,0,FHIS Manual de Rendimientos 2003-11 (Cred. BM 3443-HO),2003
F101108,"SUMINISTRO DE TUBERIA DE HG DE 10"" LIVIANA",ML,F10,Tuberia de agua potable (PVC/concreto),F101,0,FHIS Manual de Rendimientos 2003-11 (Cred. BM 3443-HO),2003
F101109,"SUM. TUBERIA POLIETILENO ALTA DENSIDAD DE 60""(HDP)",ML,F10,Tuberia de agua potable (PVC/concreto),F101,0,FHIS Manual de Rendimientos 2003-11 (Cred. BM 3443-HO),2003
F101110,"TUBO DE PVC DE 24"" F949 ASTM (SUM/INST)",ML,F10,Tuberia de agua potable (PVC/concreto),F101,0,FHIS Manual de Rendimientos 2003-11 (Cred. BM 3443-HO),2003
F101111,"TUBO DE PVC DE 30"" F949 ASTM(SUM/INST)",ML,F10,Tuberia de agua potable (PVC/concreto),F101,0,FHIS Manual de Rendimientos 2003-11 (Cred. BM 3443-HO),2003
F101112,"TUBERIA PVC DRENAJE CORRUGADA 6""(SUM)(INHABILITA",M.L.,F10,Tuberia de agua potable (PVC/concreto),F101,0,FHIS Manual de Rendimientos 2003-11 (Cred. BM 3443-HO),2003
F101113,"TUBO DE PVC DE 30"" F949 ASTM (SUM/INST)",ML,F10,Tuberia de agua potable (PVC/concreto),F101,0,FHIS Manual de Rendimientos 2003-11 (Cred. BM 3443-HO),2003
F101114,"TUBO DE PVC PERFILADA HELICOIDAL DE 6"" (SUM/INST)",ML,F10,Tuberia de agua potable (PVC/concreto),F101,0,FHIS Manual de Rendimientos 2003-11 (Cred. BM 3443-HO),2003
F101115,TUBERIA PVC PERFILADO HELICOIDAL DE 8 “(SUM/INST),ML,F10,Tuberia de agua potable (PVC/concreto),F101,0,FHIS Manual de Rendimientos 2003-11 (Cred. BM 3443-HO),2003
F101116,TUBERIA PVC PERFILADO HELICOIDAL DE 4 “(SUM/INST),ML,F10,Tuberia de agua potable (PVC/concreto),F101,0,FHIS Manual de Rendimientos 2003-11 (Cred. BM 3443-HO),2003
F101117,"TUBERIA PVC PERFIL HELICOIDAL 6"" (SUMINISTRO)",ML,F10,Tuberia de agua potable (PVC/concreto),F101,0,FHIS Manual de Rendimientos 2003-11 (Cred. BM 3443-HO),2003
F101118,"TUBERIA PVC PERFIL HELICOIDAL 8"" (SUMINISTRO)",ML.,F10,Tuberia de agua potable (PVC/concreto),F101,0,FHIS Manual de Rendimientos 2003-11 (Cred. BM 3443-HO),2003
F102001,INSTALACION DE TUBERIA PVC ½”,M.L.,F10,Tuberia de agua potable (PVC/concreto),F102,0,FHIS Manual de Rendimientos 2003-11 (Cred. BM 3443-HO),2003
F102002,"INSTALACION DE TUBERIA PVC 3/4""",M.L.,F10,Tuberia de agua potable (PVC/concreto),F102,0,FHIS Manual de Rendimientos 2003-11 (Cred. BM 3443-HO),2003
F102003,"INSTALACION DE TUBERIA PVC 1""",M.L.,F10,Tuberia de agua potable (PVC/concreto),F102,0,FHIS Manual de Rendimientos 2003-11 (Cred. BM 3443-HO),2003
F102004,"INSTALACION DE TUBERIA PVC DE 1-1/2""",M.L.,F10,Tuberia de agua potable (PVC/concreto),F102,0,FHIS Manual de Rendimientos 2003-11 (Cred. BM 3443-HO),2003
F102005,"INSTALACION DE TUBERIA PVC DE 2""",M.L.,F10,Tuberia de agua potable (PVC/concreto),F102,0,FHIS Manual de Rendimientos 2003-11 (Cred. BM 3443-HO),2003
F102006,"INSTALACION DE TUBERIA PVC DE 2-1/2""",M.L.,F10,Tuberia de agua potable (PVC/concreto),F102,0,FHIS Manual de Rendimientos 2003-11 (Cred. BM 3443-HO),2003
F102007,"INSTALACION DE TUBERIA PVC DE 3""",M.L.,F10,Tuberia de agua potable (PVC/concreto),F102,0,FHIS Manual de Rendimientos 2003-11 (Cred. BM 3443-HO),2003
F102008,"INSTALACION DE TUBERIA PVC DE 4""",M.L.,F10,Tuberia de agua potable (PVC/concreto),F102,0,FHIS Manual de Rendimientos 2003-11 (Cred. BM 3443-HO),2003
F102009,"INSTALACION DE TUBERIA PVC DE 6""",M.L.,F10,Tuberia de agua potable (PVC/concreto),F102,0,FHIS Manual de Rendimientos 2003-11 (Cred. BM 3443-HO),2003
F102010,"INSTALACION DE TUBERIA PVC DE 8""",M.L.,F10,Tuberia de agua potable (PVC/concreto),F102,0,FHIS Manual de Rendimientos 2003-11 (Cred. BM 3443-HO),2003
F102011,"INSTALACION DE TUBERIA PVC DE 10""",M.L.,F10,Tuberia de agua potable (PVC/concreto),F102,0,FHIS Manual de Rendimientos 2003-11 (Cred. BM 3443-HO),2003
F102012,"INSTALACION DE TUBERIA PVC DE 12""",M.L.,F10,Tuberia de agua potable (PVC/concreto),F102,0,FHIS Manual de Rendimientos 2003-11 (Cred. BM 3443-HO),2003
F102013,"INSTALACION DE TUBERIA HG SCH-40 DE 1/2""",M.L.,F10,Tuberia de agua potable (PVC/concreto),F102,0,FHIS Manual de Rendimientos 2003-11 (Cred. BM 3443-HO),2003
F102014,"INSTALACION DE TUBERIA HG SCH-40 DE 3/4""",M.L.,F10,Tuberia de agua potable (PVC/concreto),F102,0,FHIS Manual de Rendimientos 2003-11 (Cred. BM 3443-HO),2003
F102015,"INSTALACION DE TUBERIA HG SCH-40 DE 1""",M.L.,F10,Tuberia de agua potable (PVC/concreto),F102,0,FHIS Manual de Rendimientos 2003-11 (Cred. BM 3443-HO),2003
F102016,"INSTALACION DE TUBERIA HG SCH-40 DE 1-1/2""",M.L.,F10,Tuberia de agua potable (PVC/concreto),F102,0,FHIS Manual de Rendimientos 2003-11 (Cred. BM 3443-HO),2003
F102017,"INSTALACION DE TUBERIA HG SCH-40 DE 2""",M.L.,F10,Tuberia de agua potable (PVC/concreto),F102,0,FHIS Manual de Rendimientos 2003-11 (Cred. BM 3443-HO),2003
F102018,"INSTALACION DE TUBERIA HG SCH-40 DE 2-1/2""",M.L.,F10,Tuberia de agua potable (PVC/concreto),F102,0,FHIS Manual de Rendimientos 2003-11 (Cred. BM 3443-HO),2003
F102019,"INSTALACION DE TUBERIA HG SCH-40 DE 3""",M.L.,F10,Tuberia de agua potable (PVC/concreto),F102,0,FHIS Manual de Rendimientos 2003-11 (Cred. BM 3443-HO),2003
F102020,"INSTALACION DE TUBERIA HG SCH-40 DE 4""",M.L.,F10,Tuberia de agua potable (PVC/concreto),F102,0,FHIS Manual de Rendimientos 2003-11 (Cred. BM 3443-HO),2003
F102021,"INSTALACION DE TUBERIA HG SCH-40 DE 6""",M.L.,F10,Tuberia de agua potable (PVC/concreto),F102,0,FHIS Manual de Rendimientos 2003-11 (Cred. BM 3443-HO),2003
F102022,"INSTALACION DE TUBERIA HG SCH-40 DE 8""",M.L.,F10,Tuberia de agua potable (PVC/concreto),F102,0,FHIS Manual de Rendimientos 2003-11 (Cred. BM 3443-HO),2003
F102023,"INSTALACION DE TUBERIA HG SCH-40 DE 10""",M.L.,F10,Tuberia de agua potable (PVC/concreto),F102,0,FHIS Manual de Rendimientos 2003-11 (Cred. BM 3443-HO),2003
F102026,"TUBERIA PVC DRENAJE CORRUGADA 8""(INST)(INHABILITAD",M.L.,F10,Tuberia de agua potable (PVC/concreto),F102,0,FHIS Manual de Rendimientos 2003-11 (Cred. BM 3443-HO),2003
F102027,TUBERIA PVC DRENAJE CORRUGADA DE 10 ” (INSTALACION,M.L.,F10,Tuberia de agua potable (PVC/concreto),F102,0,FHIS Manual de Rendimientos 2003-11 (Cred. BM 3443-HO),2003
F102028,TUBERIA PVC DRENAJE CORRUG. DE 12 ” (INSTALACION),M.L.,F10,Tuberia de agua potable (PVC/concreto),F102,0,FHIS Manual de Rendimientos 2003-11 (Cred. BM 3443-HO),2003
F102029,TUBERIA PVC DRENAJE CORRUG. DE 15 ” (INSTALACION),M.L.,F10,Tuberia de agua potable (PVC/concreto),F102,0,FHIS Manual de Rendimientos 2003-11 (Cred. BM 3443-HO),2003
F102030,TUBERIA PVC DRENAJE CORRUG. DE 18 ” (INSTALACION),M.L.,F10,Tuberia de agua potable (PVC/concreto),F102,0,FHIS Manual de Rendimientos 2003-11 (Cred. BM 3443-HO),2003
F102031,TUBERIA PVC DRENAJE CORRUG. DE 20 ” (INSTALACION),M.L.,F10,Tuberia de agua potable (PVC/concreto),F102,0,FHIS Manual de Rendimientos 2003-11 (Cred. BM 3443-HO),2003
F102032,TUBERIA PVC DRENAJE CORRUG. DE 24 ” (INSTALACION),M.L.,F10,Tuberia de agua potable (PVC/concreto),F102,0,FHIS Manual de Rendimientos 2003-11 (Cred. BM 3443-HO),2003
F102033,INST. TUBERIA PVC PERFILADA HELICOIDAL DE 30 “,M.L.,F10,Tuberia de agua potable (PVC/concreto),F102,0,FHIS Manual de Rendimientos 2003-11 (Cred. BM 3443-HO),2003
F102034,"INST. DE TUB. POLIETILENO ALTA DENSIDAD 12"" (HDP)",M.L.,F10,Tuberia de agua potable (PVC/concreto),F102,0,FHIS Manual de Rendimientos 2003-11 (Cred. BM 3443-HO),2003
F102035,"INST. DE TUB. POLIETILENO ALTA DENSIDAD 15"" (HDP)",M.L.,F10,Tuberia de agua potable (PVC/concreto),F102,0,FHIS Manual de Rendimientos 2003-11 (Cred. BM 3443-HO),2003
F102036,"INST. DE TUB. POLIETILENO ALTA DENSIDAD 18"" (HDP)",M.L.,F10,Tuberia de agua potable (PVC/concreto),F102,0,FHIS Manual de Rendimientos 2003-11 (Cred. BM 3443-HO),2003
F102037,"INST. DE TUB. POLIETILENO ALTA DENSIDAD 24"" (HDP)",M.L.,F10,Tuberia de agua potable (PVC/concreto),F102,0,FHIS Manual de Rendimientos 2003-11 (Cred. BM 3443-HO),2003
F102038,"SUM. DE TUB. POLIETILENO ALTA DENSIDAD 30"" (HDP)",M.L.,F10,Tuberia de agua potable (PVC/concreto),F102,0,FHIS Manual de Rendimientos 2003-11 (Cred. BM 3443-HO),2003
F102039,"INST. DE TUB. POLIETILENO ALTA DENSIDAD 36"" (HDP)",M.L.,F10,Tuberia de agua potable (PVC/concreto),F102,0,FHIS Manual de Rendimientos 2003-11 (Cred. BM 3443-HO),2003
F102040,"INST. DE TUB. POLIETILENO ALTA DENSIDAD 42"" (HDP)",ML,F10,Tuberia de agua potable (PVC/concreto),F102,0,FHIS Manual de Rendimientos 2003-11 (Cred. BM 3443-HO),2003
F102041,"INSTALACION DE TUBERIA PVC DE 15""",M.L.,F10,Tuberia de agua potable (PVC/concreto),F102,0,FHIS Manual de Rendimientos 2003-11 (Cred. BM 3443-HO),2003
F102042,"INST. TUBERIA DE PVC PERFILADA DOBLE PARED DE 18""",ML,F10,Tuberia de agua potable (PVC/concreto),F102,0,FHIS Manual de Rendimientos 2003-11 (Cred. BM 3443-HO),2003
F102043,"INSTALACION DE TUBERIA DE HG DE 3/4"" LIVIANA",ML,F10,Tuberia de agua potable (PVC/concreto),F102,0,FHIS Manual de Rendimientos 2003-11 (Cred. BM 3443-HO),2003
F102044,"INSTALACION DE TUBERIA DE 1"" LIVIANA",ML,F10,Tuberia de agua potable (PVC/concreto),F102,0,FHIS Manual de Rendimientos 2003-11 (Cred. BM 3443-HO),2003
F102045,"INSTALACION DE TUBERIA DE HG DE 1 1/2"" LIVIANA",ML,F10,Tuberia de agua potable (PVC/concreto),F102,0,FHIS Manual de Rendimientos 2003-11 (Cred. BM 3443-HO),2003
F102046,"INSTALACION DE TUBERIA DE HG DE 2"" LIVIANA",ML,F10,Tuberia de agua potable (PVC/concreto),F102,0,FHIS Manual de Rendimientos 2003-11 (Cred. BM 3443-HO),2003
F102047,"INSTALACION DE TUBERIA DE 2 1/2"" LIVIANA",ML,F10,Tuberia de agua potable (PVC/concreto),F102,0,FHIS Manual de Rendimientos 2003-11 (Cred. BM 3443-HO),2003
F102048,"INSTALACION DE TUBERIA DE HG DE 3"" LIVIANA",ML,F10,Tuberia de agua potable (PVC/concreto),F102,0,FHIS Manual de Rendimientos 2003-11 (Cred. BM 3443-HO),2003
F102049,"INSTALACION DE TUBERIA DE HG DE 4"" LIVIANA",ML,F10,Tuberia de agua potable (PVC/concreto),F102,0,FHIS Manual de Rendimientos 2003-11 (Cred. BM 3443-HO),2003
F102050,"INSTALACION DE TUBERIA DE HG DE 6"" LIVIANA",ML,F10,Tuberia de agua potable (PVC/concreto),F102,0,FHIS Manual de Rendimientos 2003-11 (Cred. BM 3443-HO),2003
F102051,"INSTALACION DE TUBERIA DE HG DE 8"" LIVIANA",ML,F10,Tuberia de agua potable (PVC/concreto),F102,0,FHIS Manual de Rendimientos 2003-11 (Cred. BM 3443-HO),2003
F102052,"INSTALACION DE TUBERIA DE HG DE 10"" LIVIANA",ML,F10,Tuberia de agua potable (PVC/concreto),F102,0,FHIS Manual de Rendimientos 2003-11 (Cred. BM 3443-HO),2003
F102053,"INSTALACION DE TUBERIA DE HG DE 1/2"" LIVIANA",ML,F10,Tuberia de agua potable (PVC/concreto),F102,0,FHIS Manual de Rendimientos 2003-11 (Cred. BM 3443-HO),2003
F102054,"INSTALACION TUBERIA LIVIANA DE 48""",M.L.,F10,Tuberia de agua potable (PVC/concreto),F102,0,FHIS Manual de Rendimientos 2003-11 (Cred. BM 3443-HO),2003
F102055,"INSTALACION TUBERIA POLIETILENO ALTA DENSIDAD 60""",ML,F10,Tuberia de agua potable (PVC/concreto),F102,0,FHIS Manual de Rendimientos 2003-11 (Cred. BM 3443-HO),2003
F102056,"TUBERIA PVC DRENAJE CORRUGADA 6""(INST)(INHABILITAD",M.L.,F10,Tuberia de agua potable (PVC/concreto),F102,0,FHIS Manual de Rendimientos 2003-11 (Cred. BM 3443-HO),2003
F102057,"INSTALAC. TUBERIA PVC PERF. HELIC. 6""",ML,F10,Tuberia de agua potable (PVC/concreto),F102,0,FHIS Manual de Rendimientos 2003-11 (Cred. BM 3443-HO),2003
F102058,"INSTALACION TUBERIA PVC PERF. HELIC. 8""",ML.,F10,Tuberia de agua potable (PVC/concreto),F102,0,FHIS Manual de Rendimientos 2003-11 (Cred. BM 3443-HO),2003
F103001,"SUM. E INST. DE TUBERIA DE CONCRETO SIMPLE 4""",M.L.,F10,Tuberia de agua potable (PVC/concreto),F103,0,FHIS Manual de Rendimientos 2003-11 (Cred. BM 3443-HO),2003
F103002,"SUM. E INST. DE TUBERIA DE CONCRETO SIMPLE 6""",M.L.,F10,Tuberia de agua potable (PVC/concreto),F103,0,FHIS Manual de Rendimientos 2003-11 (Cred. BM 3443-HO),2003
F103003,"SUM. E INST. DE TUBERIA DE CONCRETO SIMPLE 8""",M.L.,F10,Tuberia de agua potable (PVC/concreto),F103,0,FHIS Manual de Rendimientos 2003-11 (Cred. BM 3443-HO),2003
F103004,"SUM. EINST. DE TUBERIA DE CONCRETO SIMPLE 10""",M.L.,F10,Tuberia de agua potable (PVC/concreto),F103,0,FHIS Manual de Rendimientos 2003-11 (Cred. BM 3443-HO),2003
F103005,"SUM. E INST. DE TUBERIA DE CONCRETO SIMPLE 12""",M.L.,F10,Tuberia de agua potable (PVC/concreto),F103,0,FHIS Manual de Rendimientos 2003-11 (Cred. BM 3443-HO),2003
F103006,"SUM. E INST. DE TUBERIA DE CONCRETO SIMPLE 15""",M.L.,F10,Tuberia de agua potable (PVC/concreto),F103,0,FHIS Manual de Rendimientos 2003-11 (Cred. BM 3443-HO),2003
F103007,"SUM. E INST. DE TUBERIA DE CONCRETO SIMPLE 18""",M.L.,F10,Tuberia de agua potable (PVC/concreto),F103,0,FHIS Manual de Rendimientos 2003-11 (Cred. BM 3443-HO),2003
F103008,"SUM. E INST. DE TUBERIA DE CON. REF. 24""",M.L.,F10,Tuberia de agua potable (PVC/concreto),F103,0,FHIS Manual de Rendimientos 2003-11 (Cred. BM 3443-HO),2003
F103009,"SUM. E INST. DE TUBERIA DE CONCRETO REFORZADO 30""",M.L.,F10,Tuberia de agua potable (PVC/concreto),F103,0,FHIS Manual de Rendimientos 2003-11 (Cred. BM 3443-HO),2003
F103010,"SUM/INST TUBERIA DE CONCRETO SIMPLE DE 24""",ML,F10,Tuberia de agua potable (PVC/concreto),F103,0,FHIS Manual de Rendimientos 2003-11 (Cred. BM 3443-HO),2003
F103011,"SUM. E INST. DE TUBERIA DE CONCRETO REFORZADO 15""",M.L.,F10,Tuberia de agua potable (PVC/concreto),F103,0,FHIS Manual de Rendimientos 2003-11 (Cred. BM 3443-HO),2003
F103012,"SUM. E INST. DE TUBERIA DE CONCRETO REFORZADO 36""",M.L.,F10,Tuberia de agua potable (PVC/concreto),F103,0,FHIS Manual de Rendimientos 2003-11 (Cred. BM 3443-HO),2003
F103013,"SUM. E INST. TUBERIA DE CONCRETO REFORZADO DE 48""",M.L.,F10,Tuberia de agua potable (PVC/concreto),F103,0,FHIS Manual de Rendimientos 2003-11 (Cred. BM 3443-HO),2003
F103014,"SUM. E INST. DE TUBERIA DE CONCRETO REFORZADO 18""",M.L.,F10,Tuberia de agua potable (PVC/concreto),F103,0,FHIS Manual de Rendimientos 2003-11 (Cred. BM 3443-HO),2003
F103015,"SUM. E INST. TUBERIA CONC REFORZADO 60""",M.L.,F10,Tuberia de agua potable (PVC/concreto),F103,0,FHIS Manual de Rendimientos 2003-11 (Cred. BM 3443-HO),2003
F111002,CAJA DE REGISTRO DE 40X40X60 CM.,UNID,F11,"Saneamiento (cajas, tanque septico, letrina, pozo)",F111,0,FHIS Manual de Rendimientos 2003-11 (Cred. BM 3443-HO),2003
F111003,CAJA DE REGISTRO DE 50X50X50,UNID.,F11,"Saneamiento (cajas, tanque septico, letrina, pozo)",F111,0,FHIS Manual de Rendimientos 2003-11 (Cred. BM 3443-HO),2003
F111004,CAJA DE REGISTRO DE 85X85X65,UNID,F11,"Saneamiento (cajas, tanque septico, letrina, pozo)",F111,0,FHIS Manual de Rendimientos 2003-11 (Cred. BM 3443-HO),2003
F111005,CAJA DE REGISTRO DE 90X90X80,UNID,F11,"Saneamiento (cajas, tanque septico, letrina, pozo)",F111,0,FHIS Manual de Rendimientos 2003-11 (Cred. BM 3443-HO),2003
F111006,CAJA DE REGISTRO 0.80X0.80X0.85m,UND,F11,"Saneamiento (cajas, tanque septico, letrina, pozo)",F111,0,FHIS Manual de Rendimientos 2003-11 (Cred. BM 3443-HO),2003
F111007,CAJA DE REGISTRO DE 70X70X70cm,UND,F11,"Saneamiento (cajas, tanque septico, letrina, pozo)",F111,0,FHIS Manual de Rendimientos 2003-11 (Cred. BM 3443-HO),2003
F112001,TANQUE SEPTICO 10M3 151-180 PERS. PARED DE BLOQUE,UND,F11,"Saneamiento (cajas, tanque septico, letrina, pozo)",F112,0,FHIS Manual de Rendimientos 2003-11 (Cred. BM 3443-HO),2003
F112002,TANQUE SEPTICO 10M3 151-180 PERS. PARED DE LADRILL,UNID,F11,"Saneamiento (cajas, tanque septico, letrina, pozo)",F112,0,FHIS Manual de Rendimientos 2003-11 (Cred. BM 3443-HO),2003
F112003,TANQUE SEPTICO 181-240 PERSONAS PARED DE BLOQUE,UNIDA,F11,"Saneamiento (cajas, tanque septico, letrina, pozo)",F112,0,FHIS Manual de Rendimientos 2003-11 (Cred. BM 3443-HO),2003
F112004,TANQUE SEPTICO 181-240 PERSONAS PARED DE LADRILLO,UNID,F11,"Saneamiento (cajas, tanque septico, letrina, pozo)",F112,0,FHIS Manual de Rendimientos 2003-11 (Cred. BM 3443-HO),2003
F112005,TANQUE SEPTICO 241-300 PERSONAS PARED DE BLOQUE,UNIDA,F11,"Saneamiento (cajas, tanque septico, letrina, pozo)",F112,0,FHIS Manual de Rendimientos 2003-11 (Cred. BM 3443-HO),2003
F112006,TANQUE SEPTICO 241-300 PERSONAS PARED DE LADRILLO,UNID,F11,"Saneamiento (cajas, tanque septico, letrina, pozo)",F112,0,FHIS Manual de Rendimientos 2003-11 (Cred. BM 3443-HO),2003
F112007,TANQUE SEPTICO 4M3 46-60 PERSONAS PARED DE BLOQUE,UNIDA,F11,"Saneamiento (cajas, tanque septico, letrina, pozo)",F112,0,FHIS Manual de Rendimientos 2003-11 (Cred. BM 3443-HO),2003
F112008,TANQUE SEPTICO 4M3 46-60 PERSONAS PARED DE LADRILL,UNID,F11,"Saneamiento (cajas, tanque septico, letrina, pozo)",F112,0,FHIS Manual de Rendimientos 2003-11 (Cred. BM 3443-HO),2003
F112009,TANQUE SEPTICO 6M3 61-90 PERS. PARED DE LADRILLO,UNID,F11,"Saneamiento (cajas, tanque septico, letrina, pozo)",F112,0,FHIS Manual de Rendimientos 2003-11 (Cred. BM 3443-HO),2003
F112010,TANQUE SEPTICO 6M3 61-90 PERSONAS PARED DE BLOQUE,UNIDA,F11,"Saneamiento (cajas, tanque septico, letrina, pozo)",F112,0,FHIS Manual de Rendimientos 2003-11 (Cred. BM 3443-HO),2003
F112011,TANQUE SEPTICO 7M3 91-120 PERS. PARED DE LADRILLO,UNID,F11,"Saneamiento (cajas, tanque septico, letrina, pozo)",F112,0,FHIS Manual de Rendimientos 2003-11 (Cred. BM 3443-HO),2003
F112012,TANQUE SEPTICO 7M3 91-120 PERSONAS PARED DE BLOQUE,UNIDA,F11,"Saneamiento (cajas, tanque septico, letrina, pozo)",F112,0,FHIS Manual de Rendimientos 2003-11 (Cred. BM 3443-HO),2003
F112013,TANQUE SEPTICO 8M3 121-150 PERS. PARED DE BLOQUE,UNIDA,F11,"Saneamiento (cajas, tanque septico, letrina, pozo)",F112,0,FHIS Manual de Rendimientos 2003-11 (Cred. BM 3443-HO),2003
F112014,TANQUE SEPTICO 8M3 121-150 PERS. PARED DE LADRLLO,UNID,F11,"Saneamiento (cajas, tanque septico, letrina, pozo)",F112,0,FHIS Manual de Rendimientos 2003-11 (Cred. BM 3443-HO),2003
F113001,TASA DE FIBRA PARA LETRINA DE F.S.(SUM/INST),UNID,F11,"Saneamiento (cajas, tanque septico, letrina, pozo)",F113,0,FHIS Manual de Rendimientos 2003-11 (Cred. BM 3443-HO),2003
F113002,TASA DE FIBRA DE VIDRIO (INSTALACION),UNID,F11,"Saneamiento (cajas, tanque septico, letrina, pozo)",F113,0,FHIS Manual de Rendimientos 2003-11 (Cred. BM 3443-HO),2003
F113003,TASA DE FIBRA DE VIDRIO (SUMINISTRO),UNID,F11,"Saneamiento (cajas, tanque septico, letrina, pozo)",F113,0,FHIS Manual de Rendimientos 2003-11 (Cred. BM 3443-HO),2003
F113004,CASETA METALICA PARA LETRINA/ SUM E INST,UNID,F11,"Saneamiento (cajas, tanque septico, letrina, pozo)",F113,0,FHIS Manual de Rendimientos 2003-11 (Cred. BM 3443-HO),2003
F113005,CASETA METALICA (INSTALACION),UNID,F11,"Saneamiento (cajas, tanque septico, letrina, pozo)",F113,0,FHIS Manual de Rendimientos 2003-11 (Cred. BM 3443-HO),2003
F113006,CASETA METALICA (SUMINISTRO),UNID,F11,"Saneamiento (cajas, tanque septico, letrina, pozo)",F113,0,FHIS Manual de Rendimientos 2003-11 (Cred. BM 3443-HO),2003
F113007,CASQUETE DE APOYO PARA LETRINA,ML,F11,"Saneamiento (cajas, tanque septico, letrina, pozo)",F113,0,FHIS Manual de Rendimientos 2003-11 (Cred. BM 3443-HO),2003
F113008,VIGA DE APOYO A LOSA DE FIBRA DE VIDRIO,M.L.,F11,"Saneamiento (cajas, tanque septico, letrina, pozo)",F113,0,FHIS Manual de Rendimientos 2003-11 (Cred. BM 3443-HO),2003
F113009,ADEMADO EN FOSA DE LETRINA (PIEDRA),M.L.,F11,"Saneamiento (cajas, tanque septico, letrina, pozo)",F113,0,FHIS Manual de Rendimientos 2003-11 (Cred. BM 3443-HO),2003
F113010,ADEMADO EN FOSA DE LETRINA (BLOQUE),M.L.,F11,"Saneamiento (cajas, tanque septico, letrina, pozo)",F113,0,FHIS Manual de Rendimientos 2003-11 (Cred. BM 3443-HO),2003
F113011,ADEMADO EN FOSA LETRINA (LADRILLO),M.L.,F11,"Saneamiento (cajas, tanque septico, letrina, pozo)",F113,0,FHIS Manual de Rendimientos 2003-11 (Cred. BM 3443-HO),2003
F113012,INCINERADOR SEGUN DISEÑO MSP (1.3X1.02X1.2),UNID,F11,"Saneamiento (cajas, tanque septico, letrina, pozo)",F113,0,FHIS Manual de Rendimientos 2003-11 (Cred. BM 3443-HO),2003
F113013,"FOSA DE CENIZAS/INC. INC. BROCAL, LOSA Y EXCAVA.",UNID,F11,"Saneamiento (cajas, tanque septico, letrina, pozo)",F113,0,FHIS Manual de Rendimientos 2003-11 (Cred. BM 3443-HO),2003
F113014,"TUBERIA PVC 2"" P/VENTILACION M.S. W-96(SUM/INST)",UNID,F11,"Saneamiento (cajas, tanque septico, letrina, pozo)",F113,0,FHIS Manual de Rendimientos 2003-11 (Cred. BM 3443-HO),2003
F113015,ADEMADO DE ZANJOS EN ALCANTARILLADOS,M2,F11,"Saneamiento (cajas, tanque septico, letrina, pozo)",F113,0,FHIS Manual de Rendimientos 2003-11 (Cred. BM 3443-HO),2003
F113016,CANAL DE PVC ( SUM / INST ),M.L.,F11,"Saneamiento (cajas, tanque septico, letrina, pozo)",F113,0,FHIS Manual de Rendimientos 2003-11 (Cred. BM 3443-HO),2003
F113017,LETRI. F. S. / CASETA ALUMINIZADA / FIBRA VIDRIO,UNID,F11,"Saneamiento (cajas, tanque septico, letrina, pozo)",F113,0,FHIS Manual de Rendimientos 2003-11 (Cred. BM 3443-HO),2003
F113018,LOSA DE LETRINA,M2,F11,"Saneamiento (cajas, tanque septico, letrina, pozo)",F113,0,FHIS Manual de Rendimientos 2003-11 (Cred. BM 3443-HO),2003
F113019,CHIMENEA DE LAMINA DE ZINC,UNID,F11,"Saneamiento (cajas, tanque septico, letrina, pozo)",F113,0,FHIS Manual de Rendimientos 2003-11 (Cred. BM 3443-HO),2003
F113020,PUERTA DE MADERA,UNID,F11,"Saneamiento (cajas, tanque septico, letrina, pozo)",F113,0,FHIS Manual de Rendimientos 2003-11 (Cred. BM 3443-HO),2003
F113021,ASIENTO PARA LETRINA,UNID,F11,"Saneamiento (cajas, tanque septico, letrina, pozo)",F113,0,FHIS Manual de Rendimientos 2003-11 (Cred. BM 3443-HO),2003
F113022,TECHO PARA LETRINA,M2,F11,"Saneamiento (cajas, tanque septico, letrina, pozo)",F113,0,FHIS Manual de Rendimientos 2003-11 (Cred. BM 3443-HO),2003
F113023,PARED DE ADOBE DE BARRO,M2,F11,"Saneamiento (cajas, tanque septico, letrina, pozo)",F113,0,FHIS Manual de Rendimientos 2003-11 (Cred. BM 3443-HO),2003
F113024,REPELLO PARED ADOBE (CAL/CEM)2.5cms(INHABILITADA),M2,F11,"Saneamiento (cajas, tanque septico, letrina, pozo)",F113,1,FHIS Manual de Rendimientos 2003-11 (Cred. BM 3443-HO),2003
F113025,ASIENTO PARA LETRINA DE CIERRE HIDRAULICO,UNID,F11,"Saneamiento (cajas, tanque septico, letrina, pozo)",F113,0,FHIS Manual de Rendimientos 2003-11 (Cred. BM 3443-HO),2003
F113026,VENTILA PARA LETRINA DE FOSA SIMPLE(INHABILITADA),UND,F11,"Saneamiento (cajas, tanque septico, letrina, pozo)",F113,1,FHIS Manual de Rendimientos 2003-11 (Cred. BM 3443-HO),2003
F113027,VENTILA PARA LETRINA DE FOSA SIMPLE,UND,F11,"Saneamiento (cajas, tanque septico, letrina, pozo)",F113,0,FHIS Manual de Rendimientos 2003-11 (Cred. BM 3443-HO),2003
F113028,REPELLO EN PARED DE ADOBE(CAL/CEMENTO)2.5cms,M2,F11,"Saneamiento (cajas, tanque septico, letrina, pozo)",F113,0,FHIS Manual de Rendimientos 2003-11 (Cred. BM 3443-HO),2003
F113029,"VENTILA PARA LETRINA DE FOSA SIMPLE 6""",UND,F11,"Saneamiento (cajas, tanque septico, letrina, pozo)",F113,0,FHIS Manual de Rendimientos 2003-11 (Cred. BM 3443-HO),2003
F113030,ASIENTO LETRINA DE FOSA SIMPLE (FIBRA DE VIDRIO),UND,F11,"Saneamiento (cajas, tanque septico, letrina, pozo)",F113,0,FHIS Manual de Rendimientos 2003-11 (Cred. BM 3443-HO),2003
F113031,ASIENTO PARA LETRINA F.S. CON TAPA PLASTICA,UNID,F11,"Saneamiento (cajas, tanque septico, letrina, pozo)",F113,0,FHIS Manual de Rendimientos 2003-11 (Cred. BM 3443-HO),2003
F113032,ASIENTO LETRINA DE MORTERO/ SENTADERA Y TAPADERA,UND,F11,"Saneamiento (cajas, tanque septico, letrina, pozo)",F113,0,FHIS Manual de Rendimientos 2003-11 (Cred. BM 3443-HO),2003
F113033,"FIJADOR DE VARILLA DE 1/4"" EN LARGUEROS DE 2""X3""",UND,F11,"Saneamiento (cajas, tanque septico, letrina, pozo)",F113,0,FHIS Manual de Rendimientos 2003-11 (Cred. BM 3443-HO),2003
F113034,"VENTILA PVC 4"" PARA LETRINA DE FOSA SIMPLE",UND,F11,"Saneamiento (cajas, tanque septico, letrina, pozo)",F113,0,FHIS Manual de Rendimientos 2003-11 (Cred. BM 3443-HO),2003
F113035,TASA DE FIBRA DE VIDRIO SIN PLANCHA(SUM/INST),UND,F11,"Saneamiento (cajas, tanque septico, letrina, pozo)",F113,0,FHIS Manual de Rendimientos 2003-11 (Cred. BM 3443-HO),2003
F113036,"VENTILA P/FOSA SÉPTICA TUBO H.G D=2"", L=0.60MT",UND,F11,"Saneamiento (cajas, tanque septico, letrina, pozo)",F113,0,FHIS Manual de Rendimientos 2003-11 (Cred. BM 3443-HO),2003
F114001,POZO ABSO 4.5X»1.9 MTS. NO INC. EXCAV. Y ACARREO,UNID,F11,"Saneamiento (cajas, tanque septico, letrina, pozo)",F114,0,FHIS Manual de Rendimientos 2003-11 (Cred. BM 3443-HO),2003
F114002,"SUM. E INST. TUBERIA PVC 4"" RD-41 PERFORADA",M.L.,F11,"Saneamiento (cajas, tanque septico, letrina, pozo)",F114,0,FHIS Manual de Rendimientos 2003-11 (Cred. BM 3443-HO),2003
F114003,"SUM. E INST. TUBERIA PVC 3"" RD-41 PERFORADA",M.L.,F11,"Saneamiento (cajas, tanque septico, letrina, pozo)",F114,0,FHIS Manual de Rendimientos 2003-11 (Cred. BM 3443-HO),2003
F114004,"SUM. E INST. DE TUBERÍA PVC DOBLE PARED 4""",ML,F11,"Saneamiento (cajas, tanque septico, letrina, pozo)",F114,0,FHIS Manual de Rendimientos 2003-11 (Cred. BM 3443-HO),2003
F114005,"SUM. E INST. TUBERIA PVC DOBLE PARED 6""",M.L.,F11,"Saneamiento (cajas, tanque septico, letrina, pozo)",F114,0,FHIS Manual de Rendimientos 2003-11 (Cred. BM 3443-HO),2003
F114006,"SUM. E INST. TUBERÍA PVC 8"" RD-41",ML,F11,"Saneamiento (cajas, tanque septico, letrina, pozo)",F114,0,FHIS Manual de Rendimientos 2003-11 (Cred. BM 3443-HO),2003
F115001,ACCESORIOS HIDROSANITARIOS EN CESAR AC/95,UNID,F11,"Saneamiento (cajas, tanque septico, letrina, pozo)",F115,0,FHIS Manual de Rendimientos 2003-11 (Cred. BM 3443-HO),2003
F115002,ACCESORIOS MODULO SANITARIO KINDER,S.S.,F11,"Saneamiento (cajas, tanque septico, letrina, pozo)",F115,0,FHIS Manual de Rendimientos 2003-11 (Cred. BM 3443-HO),2003
F115003,ACCESORIOS PARA TUBERIA EN SISTEMA DE TRATAMIENTO,GLB,F11,"Saneamiento (cajas, tanque septico, letrina, pozo)",F115,0,FHIS Manual de Rendimientos 2003-11 (Cred. BM 3443-HO),2003
F115004,ACCESORIOS HIDROSANITARIOS PARA MEDIO MODULO SANIT,GLB,F11,"Saneamiento (cajas, tanque septico, letrina, pozo)",F115,0,FHIS Manual de Rendimientos 2003-11 (Cred. BM 3443-HO),2003
F115005,ACCESORIOS HIDROSANITARIOS ADMISTRATIVO 10.5X8m,GLB,F11,"Saneamiento (cajas, tanque septico, letrina, pozo)",F115,0,FHIS Manual de Rendimientos 2003-11 (Cred. BM 3443-HO),2003
F116001,TAPADERA DE CONCRETO DE 0.45X0.45X0.05m,UND,F11,"Saneamiento (cajas, tanque septico, letrina, pozo)",F116,0,FHIS Manual de Rendimientos 2003-11 (Cred. BM 3443-HO),2003
F116002,"TAPADERA DE CONCRETO 85X38X5cm,CONC 1:2:3",UND,F11,"Saneamiento (cajas, tanque septico, letrina, pozo)",F116,0,FHIS Manual de Rendimientos 2003-11 (Cred. BM 3443-HO),2003
F116003,"TAPADERA DE CONCRETO 40X40X5cm, CONC 1:2:3",UND,F11,"Saneamiento (cajas, tanque septico, letrina, pozo)",F116,0,FHIS Manual de Rendimientos 2003-11 (Cred. BM 3443-HO),2003
F121001,CONTRAMARCO DE MADERA,UNID,F12,"Ventaneria, contramarcos, divisiones y balcones",F121,0,FHIS Manual de Rendimientos 2003-11 (Cred. BM 3443-HO),2003
F121002,PIZARRON INTEGRAL MARCO DE MADERA PORTA-BORRADO,M2,F12,"Ventaneria, contramarcos, divisiones y balcones",F121,0,FHIS Manual de Rendimientos 2003-11 (Cred. BM 3443-HO),2003
F121003,PUERTA DE TABLERO DOBLE HOJA DE PINO,UNID,F12,"Ventaneria, contramarcos, divisiones y balcones",F121,0,FHIS Manual de Rendimientos 2003-11 (Cred. BM 3443-HO),2003
F121004,PUERTA DE TABLERO P-1 (1.00X2.10m)(INHABILITADA),UNID,F12,"Ventaneria, contramarcos, divisiones y balcones",F121,1,FHIS Manual de Rendimientos 2003-11 (Cred. BM 3443-HO),2003
F121005,PUERTA DE TAMBOR P-4,UNID,F12,"Ventaneria, contramarcos, divisiones y balcones",F121,0,FHIS Manual de Rendimientos 2003-11 (Cred. BM 3443-HO),2003
F121006,PUERTA DE TAMBOR P-5,UNID,F12,"Ventaneria, contramarcos, divisiones y balcones",F121,0,FHIS Manual de Rendimientos 2003-11 (Cred. BM 3443-HO),2003
F121007,PUERTA DE TAMBOR P-10 P/FARMACIA PARTIDA X MITAD,UNID,F12,"Ventaneria, contramarcos, divisiones y balcones",F121,0,FHIS Manual de Rendimientos 2003-11 (Cred. BM 3443-HO),2003
F121008,PUERTA DE TAMBOR P-2,UNID,F12,"Ventaneria, contramarcos, divisiones y balcones",F121,0,FHIS Manual de Rendimientos 2003-11 (Cred. BM 3443-HO),2003
F121009,PUERTA DE TAMBOR P-3,UNID,F12,"Ventaneria, contramarcos, divisiones y balcones",F121,0,FHIS Manual de Rendimientos 2003-11 (Cred. BM 3443-HO),2003
F121010,PUERTA DE TAMBOR P-8,UNID,F12,"Ventaneria, contramarcos, divisiones y balcones",F121,0,FHIS Manual de Rendimientos 2003-11 (Cred. BM 3443-HO),2003
F121011,"PUERTA LAMI.TROQUE. 0.9X2.1, AULA ESPE. SIN CONTRA",UNID,F12,"Ventaneria, contramarcos, divisiones y balcones",F121,0,FHIS Manual de Rendimientos 2003-11 (Cred. BM 3443-HO),2003
F121012,PUERTA METALICA P-1 (2.1X1 MTS.),UNID,F12,"Ventaneria, contramarcos, divisiones y balcones",F121,0,FHIS Manual de Rendimientos 2003-11 (Cred. BM 3443-HO),2003
F121013,PUERTA METALICA P-2 (2.1 X 1 M),UNID,F12,"Ventaneria, contramarcos, divisiones y balcones",F121,0,FHIS Manual de Rendimientos 2003-11 (Cred. BM 3443-HO),2003
F121014,PUERTA METALICA P-3 (2.1 X 0.8 M),UNID,F12,"Ventaneria, contramarcos, divisiones y balcones",F121,0,FHIS Manual de Rendimientos 2003-11 (Cred. BM 3443-HO),2003
F121015,PUERTA METALICA P-4 (2.1 X 0.68 M),UNID,F12,"Ventaneria, contramarcos, divisiones y balcones",F121,0,FHIS Manual de Rendimientos 2003-11 (Cred. BM 3443-HO),2003
F121016,"PUERTA METALICA (1X2.10m), (INHABILITADA)",UNID,F12,"Ventaneria, contramarcos, divisiones y balcones",F121,1,FHIS Manual de Rendimientos 2003-11 (Cred. BM 3443-HO),2003
F121017,"PUERTA METALICA P-7(0.80X2.15m),TUBO IND 3/4""",UNID,F12,"Ventaneria, contramarcos, divisiones y balcones",F121,0,FHIS Manual de Rendimientos 2003-11 (Cred. BM 3443-HO),2003
F121018,PUERTA METALICA P-9,UNID,F12,"Ventaneria, contramarcos, divisiones y balcones",F121,0,FHIS Manual de Rendimientos 2003-11 (Cred. BM 3443-HO),2003
F121019,"PUERTA METALICA,LAM.TROQ. 1.50X2.1,DOBLE HOJA, CEB",UND,F12,"Ventaneria, contramarcos, divisiones y balcones",F121,0,FHIS Manual de Rendimientos 2003-11 (Cred. BM 3443-HO),2003
F121020,"PUERTA METALICA P-3,LAM.LISA. 0.80X1.80,CEB",UND,F12,"Ventaneria, contramarcos, divisiones y balcones",F121,0,FHIS Manual de Rendimientos 2003-11 (Cred. BM 3443-HO),2003
F121021,"PUERTA METALICA P-1,LAM TROQ 0.90X2.10m, CEB",UND,F12,"Ventaneria, contramarcos, divisiones y balcones",F121,0,FHIS Manual de Rendimientos 2003-11 (Cred. BM 3443-HO),2003
F121022,"BISAGRAS DE 3"" (SUMINISTRO)",PAR,F12,"Ventaneria, contramarcos, divisiones y balcones",F121,0,FHIS Manual de Rendimientos 2003-11 (Cred. BM 3443-HO),2003
F121023,TACOS FISHER Y TORNILLOS (SUMINISTRO),UNID,F12,"Ventaneria, contramarcos, divisiones y balcones",F121,0,FHIS Manual de Rendimientos 2003-11 (Cred. BM 3443-HO),2003
F121024,LLAVIN DE PELOTA C/LLAVE (SUMINISTRO),UNID,F12,"Ventaneria, contramarcos, divisiones y balcones",F121,0,FHIS Manual de Rendimientos 2003-11 (Cred. BM 3443-HO),2003
F121025,PUERTA Y HERRAJE (INSTALACION),UNID,F12,"Ventaneria, contramarcos, divisiones y balcones",F121,0,FHIS Manual de Rendimientos 2003-11 (Cred. BM 3443-HO),2003
F121026,"PUERTA,LAMINA LISA, 0.90×1.80m (CEB) P-5",UND,F12,"Ventaneria, contramarcos, divisiones y balcones",F121,0,FHIS Manual de Rendimientos 2003-11 (Cred. BM 3443-HO),2003
F121027,PUERTA METALICA P/BAÑO 1.00X2.00m,UND,F12,"Ventaneria, contramarcos, divisiones y balcones",F121,0,FHIS Manual de Rendimientos 2003-11 (Cred. BM 3443-HO),2003
F121028,"PUERTA DE ZARANDA Y TELA METALICA,TUB.IND. 1""X1""",UND,F12,"Ventaneria, contramarcos, divisiones y balcones",F121,0,FHIS Manual de Rendimientos 2003-11 (Cred. BM 3443-HO),2003
F121029,PUERTA LAMINA TROQUELADA DE 1X2.10m (ECSA),UND,F12,"Ventaneria, contramarcos, divisiones y balcones",F121,0,FHIS Manual de Rendimientos 2003-11 (Cred. BM 3443-HO),2003
F121030,"PUERTA METALICA,2.10X1.20m,LAM LISA,TUB IND 1""X1""",UND,F12,"Ventaneria, contramarcos, divisiones y balcones",F121,0,FHIS Manual de Rendimientos 2003-11 (Cred. BM 3443-HO),2003
F121031,"PUERTA (1X2.10m) DE TUBO INDUSTRIAL DE 3/4""",UND,F12,"Ventaneria, contramarcos, divisiones y balcones",F121,0,FHIS Manual de Rendimientos 2003-11 (Cred. BM 3443-HO),2003
F121032,"PUERTA METALICA (2.11X1.20m),LAMINA TROQ,C/VENTANA",UND,F12,"Ventaneria, contramarcos, divisiones y balcones",F121,0,FHIS Manual de Rendimientos 2003-11 (Cred. BM 3443-HO),2003
F121033,"PUERTA METALICA(1.2X2.1m),LAMINA TROQUELADA",UND,F12,"Ventaneria, contramarcos, divisiones y balcones",F121,0,FHIS Manual de Rendimientos 2003-11 (Cred. BM 3443-HO),2003
F121034,"PUERTA METALICA,1.60X2.10m DOBLE HOJA, KINDER",UND,F12,"Ventaneria, contramarcos, divisiones y balcones",F121,0,FHIS Manual de Rendimientos 2003-11 (Cred. BM 3443-HO),2003
F121035,PUERTA METALICA 0.70X2.11m,UND,F12,"Ventaneria, contramarcos, divisiones y balcones",F121,0,FHIS Manual de Rendimientos 2003-11 (Cred. BM 3443-HO),2003
F121036,PUERTA DE ALUMINIO Y VIDRIO,UND,F12,"Ventaneria, contramarcos, divisiones y balcones",F121,0,FHIS Manual de Rendimientos 2003-11 (Cred. BM 3443-HO),2003
F121037,"MARCO DE CANALETA DE 2""X4"" PARA PUERTA DE METAL",UND,F12,"Ventaneria, contramarcos, divisiones y balcones",F121,0,FHIS Manual de Rendimientos 2003-11 (Cred. BM 3443-HO),2003
F121038,PUERTA DE TABLERO P-1 (1.00X2.10m),UND,F12,"Ventaneria, contramarcos, divisiones y balcones",F121,0,FHIS Manual de Rendimientos 2003-11 (Cred. BM 3443-HO),2003
F121039,"PUERTA METALICA 1.08X2.10m, LAM. TROQUELADA 1/16""",UND,F12,"Ventaneria, contramarcos, divisiones y balcones",F121,0,FHIS Manual de Rendimientos 2003-11 (Cred. BM 3443-HO),2003
F121040,"PUERTA METALICA, 0.60X2.11m",UND,F12,"Ventaneria, contramarcos, divisiones y balcones",F121,0,FHIS Manual de Rendimientos 2003-11 (Cred. BM 3443-HO),2003
F121041,PUERTA METALICA P/006 1.00X2.10M,UND,F12,"Ventaneria, contramarcos, divisiones y balcones",F121,0,FHIS Manual de Rendimientos 2003-11 (Cred. BM 3443-HO),2003
F121042,PUERTA TERMOFORMADA 2.1X0.70m C/CONTRAMARCO/LLAVIN,UND,F12,"Ventaneria, contramarcos, divisiones y balcones",F121,0,FHIS Manual de Rendimientos 2003-11 (Cred. BM 3443-HO),2003
F121043,"PUERTA 1.20X2.10m, LAM.TROQUELADA 1/16"" C/VENTANA",UND,F12,"Ventaneria, contramarcos, divisiones y balcones",F121,0,FHIS Manual de Rendimientos 2003-11 (Cred. BM 3443-HO),2003
F121044,"PUERTA TERMOFORMADA 2.03X0.90,C/CONTRAMARCO Y LLAV",UND,F12,"Ventaneria, contramarcos, divisiones y balcones",F121,0,FHIS Manual de Rendimientos 2003-11 (Cred. BM 3443-HO),2003
F121045,PUERTA TERMOFORMADA 2.03X0.80m C/CONTRAMARCO Y LLA,UND,F12,"Ventaneria, contramarcos, divisiones y balcones",F121,0,FHIS Manual de Rendimientos 2003-11 (Cred. BM 3443-HO),2003
F121046,PUERTA DE TABLERO PARA AULA OCTOGONAL,UND.,F12,"Ventaneria, contramarcos, divisiones y balcones",F121,0,FHIS Manual de Rendimientos 2003-11 (Cred. BM 3443-HO),2003
F121047,PUERTA DE MADERA PARA LETRINAS DE 1.90X0.90m,UND,F12,"Ventaneria, contramarcos, divisiones y balcones",F121,0,FHIS Manual de Rendimientos 2003-11 (Cred. BM 3443-HO),2003
F121048,PUERTA DE MADERA PARA LETRINA 1.80X0.70m,UND,F12,"Ventaneria, contramarcos, divisiones y balcones",F121,0,FHIS Manual de Rendimientos 2003-11 (Cred. BM 3443-HO),2003
F122001,ZARANDA Y TELA META.(SUM/INST)(INHABILITADA),M2,F12,"Ventaneria, contramarcos, divisiones y balcones",F122,1,FHIS Manual de Rendimientos 2003-11 (Cred. BM 3443-HO),2003
F122002,VENTANA DE CELOSIA TRANSPARENT(NO INCLUYE RESANES),M2,F12,"Ventaneria, contramarcos, divisiones y balcones",F122,0,FHIS Manual de Rendimientos 2003-11 (Cred. BM 3443-HO),2003
F122003,VENTANA DE ALUMINIO Y VIDRIO FIJO,M2,F12,"Ventaneria, contramarcos, divisiones y balcones",F122,0,FHIS Manual de Rendimientos 2003-11 (Cred. BM 3443-HO),2003
F122004,"VENTANA DE MADERA LISA N?4, ZAR. TIPO FHIS",M2,F12,"Ventaneria, contramarcos, divisiones y balcones",F122,0,FHIS Manual de Rendimientos 2003-11 (Cred. BM 3443-HO),2003
F122005,VENTANA DE TABLERO V-8,UNID,F12,"Ventaneria, contramarcos, divisiones y balcones",F122,0,FHIS Manual de Rendimientos 2003-11 (Cred. BM 3443-HO),2003
F122006,VENTANA DE TABLERO POR M2,M2,F12,"Ventaneria, contramarcos, divisiones y balcones",F122,0,FHIS Manual de Rendimientos 2003-11 (Cred. BM 3443-HO),2003
F122007,VENTANA DE TUBO INDUSTRIAL,M2,F12,"Ventaneria, contramarcos, divisiones y balcones",F122,0,FHIS Manual de Rendimientos 2003-11 (Cred. BM 3443-HO),2003
F122008,VENTANA MARCO DE ALUMINIO Y CELOSIA ALUMINIO ANOD,M2,F12,"Ventaneria, contramarcos, divisiones y balcones",F122,0,FHIS Manual de Rendimientos 2003-11 (Cred. BM 3443-HO),2003
F122009,"VENTANA MALLA EXPANDIDA,MARCO ANGULO2""X2""X1/4""",M2,F12,"Ventaneria, contramarcos, divisiones y balcones",F122,0,FHIS Manual de Rendimientos 2003-11 (Cred. BM 3443-HO),2003
F122010,VENTANA DE CELOSIA (INCLUYE RESANES),M2,F12,"Ventaneria, contramarcos, divisiones y balcones",F122,0,FHIS Manual de Rendimientos 2003-11 (Cred. BM 3443-HO),2003
F122011,"VENTANA DE ALUMINIO, CELOSIA DE VIDRIO NEVADO",M2,F12,"Ventaneria, contramarcos, divisiones y balcones",F122,0,FHIS Manual de Rendimientos 2003-11 (Cred. BM 3443-HO),2003
F122012,"ZARANDA Y TELA METALICA,VENTANA TUBO IND(SUM/INST)",M2,F12,"Ventaneria, contramarcos, divisiones y balcones",F122,0,FHIS Manual de Rendimientos 2003-11 (Cred. BM 3443-HO),2003
F122013,TELA METALICA C/MARCO PARA VENTANA DE CELOCIA,M2,F12,"Ventaneria, contramarcos, divisiones y balcones",F122,0,FHIS Manual de Rendimientos 2003-11 (Cred. BM 3443-HO),2003
F122014,INSTALACION DE VENTANA DE CELOSIA,M2,F12,"Ventaneria, contramarcos, divisiones y balcones",F122,0,FHIS Manual de Rendimientos 2003-11 (Cred. BM 3443-HO),2003
F122015,VENTANA DE MADERA AULA OCTOGONAL,M2.,F12,"Ventaneria, contramarcos, divisiones y balcones",F122,0,FHIS Manual de Rendimientos 2003-11 (Cred. BM 3443-HO),2003
F123001,BALCONES (SUMINISTRO/INSTALACIONES),M2,F12,"Ventaneria, contramarcos, divisiones y balcones",F123,0,FHIS Manual de Rendimientos 2003-11 (Cred. BM 3443-HO),2003
F123002,"BALCONES AULA ESPECIAL, ANG 2X1 1/2,PLA,VAR 1/2 L",M2,F12,"Ventaneria, contramarcos, divisiones y balcones",F123,0,FHIS Manual de Rendimientos 2003-11 (Cred. BM 3443-HO),2003
F123003,BALCONES TUBO INDUSTRIAL C/S,M2,F12,"Ventaneria, contramarcos, divisiones y balcones",F123,0,FHIS Manual de Rendimientos 2003-11 (Cred. BM 3443-HO),2003
F123004,"BALCON,VAR 1/2"",MARCO ANG2""X2""X1/4"",PLA 1""(CEB)",M2,F12,"Ventaneria, contramarcos, divisiones y balcones",F123,0,FHIS Manual de Rendimientos 2003-11 (Cred. BM 3443-HO),2003
F123005,"BALCON VAR.1/2""LISA,ANG.1""X1"",PLAT.1""X1/4""SIN MALL",M2,F12,"Ventaneria, contramarcos, divisiones y balcones",F123,0,FHIS Manual de Rendimientos 2003-11 (Cred. BM 3443-HO),2003
F123006,"BALCON VAR.1/2""LISA,ANG.1""X1"",PLAT.1""X1/4""CON MALL",M2,F12,"Ventaneria, contramarcos, divisiones y balcones",F123,0,FHIS Manual de Rendimientos 2003-11 (Cred. BM 3443-HO),2003
F123007,"BALCON,VAR LISA 1/2#, AMARRE PLATINA 1/2""",M2,F12,"Ventaneria, contramarcos, divisiones y balcones",F123,0,FHIS Manual de Rendimientos 2003-11 (Cred. BM 3443-HO),2003
F123008,"BALCON MARCO ANG 1""X1"",BARROTES VAR. 1/2""@10cms",M2,F12,"Ventaneria, contramarcos, divisiones y balcones",F123,0,FHIS Manual de Rendimientos 2003-11 (Cred. BM 3443-HO),2003
F123009,"BALCON DE TUBO INDUST. ANGULO DE 1"" X 3/16""",M2,F12,"Ventaneria, contramarcos, divisiones y balcones",F123,0,FHIS Manual de Rendimientos 2003-11 (Cred. BM 3443-HO),2003
F124001,PIZARRA DE FORMICA 2.4X1.20(SUM/INST),UNID,F12,"Ventaneria, contramarcos, divisiones y balcones",F124,0,FHIS Manual de Rendimientos 2003-11 (Cred. BM 3443-HO),2003
F124003,"PIZARRON INTEGCONC,6X1.32m,C/PORTA (INHABILITADO)",UND,F12,"Ventaneria, contramarcos, divisiones y balcones",F124,0,FHIS Manual de Rendimientos 2003-11 (Cred. BM 3443-HO),2003
F124004,PIZARRA ACRILICA INTEGRADA 1.32X4.88m,UND,F12,"Ventaneria, contramarcos, divisiones y balcones",F124,0,FHIS Manual de Rendimientos 2003-11 (Cred. BM 3443-HO),2003
F124006,"PIZARRON INTEGRADO D/CONC. 6X1.32m,C/MARCO DE MADE",UND,F12,"Ventaneria, contramarcos, divisiones y balcones",F124,0,FHIS Manual de Rendimientos 2003-11 (Cred. BM 3443-HO),2003
F125001,DIVISION METALICA PARA BAÑOS,ML,F12,"Ventaneria, contramarcos, divisiones y balcones",F125,0,FHIS Manual de Rendimientos 2003-11 (Cred. BM 3443-HO),2003
F125002,CANCEL METALICO PARA DIVISION DE BAÑOS LATERAL,UND,F12,"Ventaneria, contramarcos, divisiones y balcones",F125,0,FHIS Manual de Rendimientos 2003-11 (Cred. BM 3443-HO),2003
F125003,CANCEL METALICO PARA DIVISION DE BAÑOS FRONTAL,UND,F12,"Ventaneria, contramarcos, divisiones y balcones",F125,0,FHIS Manual de Rendimientos 2003-11 (Cred. BM 3443-HO),2003
F125004,PORTALONCHERAS DE MADERA 1.80X1.85X0.40m,UND,F12,"Ventaneria, contramarcos, divisiones y balcones",F125,0,FHIS Manual de Rendimientos 2003-11 (Cred. BM 3443-HO),2003
F125005,CAMBIO DE DIRECCION DE PUERTA METALICA,UND,F12,"Ventaneria, contramarcos, divisiones y balcones",F125,0,FHIS Manual de Rendimientos 2003-11 (Cred. BM 3443-HO),2003
F130001,APOYOS DE NEOPRENO,UNID,F13,Apoyos estructurales (neopreno),F130,0,FHIS Manual de Rendimientos 2003-11 (Cred. BM 3443-HO),2003
F130002,BARANDAL PRETIL(T. SOPTRAVI)20X25 6#8 Y #4 @ 30 CM,M.L.,F13,Apoyos estructurales (neopreno),F130,0,FHIS Manual de Rendimientos 2003-11 (Cred. BM 3443-HO),2003
F130003,CURADO DE LOSA,M2,F13,Apoyos estructurales (neopreno),F130,0,FHIS Manual de Rendimientos 2003-11 (Cred. BM 3443-HO),2003
F130004,DESENCOFRADO ELEMENTOS DE CONCRETO,M2,F13,Apoyos estructurales (neopreno),F130,0,FHIS Manual de Rendimientos 2003-11 (Cred. BM 3443-HO),2003
F130005,ENCOFRADO DE LOSA MONOLITICA PARA PUENTE,M2,F13,Apoyos estructurales (neopreno),F130,0,FHIS Manual de Rendimientos 2003-11 (Cred. BM 3443-HO),2003
F130006,ENCOFRADO DE LOSA SUPERIOR,M2,F13,Apoyos estructurales (neopreno),F130,0,FHIS Manual de Rendimientos 2003-11 (Cred. BM 3443-HO),2003
F130007,"IMBORNALES ( PVC 4"" RD 50)",UNID,F13,Apoyos estructurales (neopreno),F130,0,FHIS Manual de Rendimientos 2003-11 (Cred. BM 3443-HO),2003
F130008,JUNTA ASFALTICA PARA LOSA (ESPESOR 15 CMS),ML,F13,Apoyos estructurales (neopreno),F130,0,FHIS Manual de Rendimientos 2003-11 (Cred. BM 3443-HO),2003
F130009,"LOSA CONC. e=14 cms,Nº 3 a/c 25 cm y Nº4 a/c 25 C",M2,F13,Apoyos estructurales (neopreno),F130,0,FHIS Manual de Rendimientos 2003-11 (Cred. BM 3443-HO),2003
F130010,LOSA CONC. e=10 CMS #4 a/c 20 CMS Y #4 a/c 30 CMS,M2,F13,Apoyos estructurales (neopreno),F130,0,FHIS Manual de Rendimientos 2003-11 (Cred. BM 3443-HO),2003
F130011,LOSA CONC. e=14 CMS Nº3 a/c 30 CM y Nº 5 a/c 10 CM,M2,F13,Apoyos estructurales (neopreno),F130,0,FHIS Manual de Rendimientos 2003-11 (Cred. BM 3443-HO),2003
F130012,"LOSA CONC. e=30 CMS, #4 a/c 20 CM Y #6 a/c 20 CM",M2,F13,Apoyos estructurales (neopreno),F130,0,FHIS Manual de Rendimientos 2003-11 (Cred. BM 3443-HO),2003
F130013,LOSA CONCRETO e=10 CMS Nº3 a/c 15 CMS a/s,M2,F13,Apoyos estructurales (neopreno),F130,0,FHIS Manual de Rendimientos 2003-11 (Cred. BM 3443-HO),2003
F130014,LOSA CONCRETO e=10 CMS Nº5 a/c 10 CMS a/s,M2,F13,Apoyos estructurales (neopreno),F130,0,FHIS Manual de Rendimientos 2003-11 (Cred. BM 3443-HO),2003
F130015,LOSA CONCRETO e=12 CMS Nº4 a/c 24 CMS a/s,M2,F13,Apoyos estructurales (neopreno),F130,0,FHIS Manual de Rendimientos 2003-11 (Cred. BM 3443-HO),2003
F130016,LOSA CONCRETO e=12 CMS Nº5 a/c 20 CMS a/s,M2,F13,Apoyos estructurales (neopreno),F130,0,FHIS Manual de Rendimientos 2003-11 (Cred. BM 3443-HO),2003
F130017,LOSA CONCRETO e=14 CMS Nº5 a/c 10 CMS a/s,M2,F13,Apoyos estructurales (neopreno),F130,0,FHIS Manual de Rendimientos 2003-11 (Cred. BM 3443-HO),2003
F130018,LOSA CONCRETO e=15 CMS Nº4 a/c 15 CMS a/s,M2,F13,Apoyos estructurales (neopreno),F130,0,FHIS Manual de Rendimientos 2003-11 (Cred. BM 3443-HO),2003
F130019,LOSA CONCRETO e=16 CMS Nº4 a/c 15 CMS a/s,M2,F13,Apoyos estructurales (neopreno),F130,0,FHIS Manual de Rendimientos 2003-11 (Cred. BM 3443-HO),2003
F130020,LOSA CONCRETO e=20 CMS Nº3 a/c 15 CMS a/s,M2,F13,Apoyos estructurales (neopreno),F130,0,FHIS Manual de Rendimientos 2003-11 (Cred. BM 3443-HO),2003
F130021,LOSA CONCRETO e=20 CMS Nº3 a/c 30 CMS a/s,M2,F13,Apoyos estructurales (neopreno),F130,0,FHIS Manual de Rendimientos 2003-11 (Cred. BM 3443-HO),2003
F130022,LOSA CONCRETO e=20 CMS Nº4 a/c 30 CMS a/s,M2,F13,Apoyos estructurales (neopreno),F130,0,FHIS Manual de Rendimientos 2003-11 (Cred. BM 3443-HO),2003
F130023,LOSA CONCRETO e=5 CMS Nº2 a/c 30 CMS a/s,M2,F13,Apoyos estructurales (neopreno),F130,0,FHIS Manual de Rendimientos 2003-11 (Cred. BM 3443-HO),2003
F130024,LOSA CONCRETO e=8 CMS Nº3 a/c 20 CMS a/s,M2,F13,Apoyos estructurales (neopreno),F130,0,FHIS Manual de Rendimientos 2003-11 (Cred. BM 3443-HO),2003
F130025,LOSA DE CONCRETO E= 10 CM #4 @14 CM A.S.,M2,F13,Apoyos estructurales (neopreno),F130,0,FHIS Manual de Rendimientos 2003-11 (Cred. BM 3443-HO),2003
F130026,"LOSA DE CONCRETO e=10 cms, Nº 3 a/c 10 cm a/s",M2,F13,Apoyos estructurales (neopreno),F130,0,FHIS Manual de Rendimientos 2003-11 (Cred. BM 3443-HO),2003
F130027,"LOSA DE CONCRETO e=10 cms, Nº 3 a/c 20 cm a/s",M2,F13,Apoyos estructurales (neopreno),F130,0,FHIS Manual de Rendimientos 2003-11 (Cred. BM 3443-HO),2003
F130028,"LOSA DE CONCRETO e=10 cms, Nº 3 a/c 30 cm a/s",M2,F13,Apoyos estructurales (neopreno),F130,0,FHIS Manual de Rendimientos 2003-11 (Cred. BM 3443-HO),2003
F130029,"LOSA DE CONCRETO e=15 cms, Nº 2 a/c 10 cm a/s",M2,F13,Apoyos estructurales (neopreno),F130,0,FHIS Manual de Rendimientos 2003-11 (Cred. BM 3443-HO),2003
F130030,"LOSA DE CONCRETO e=15 cms, Nº 3 a/c 15 cm a/s",M2,F13,Apoyos estructurales (neopreno),F130,0,FHIS Manual de Rendimientos 2003-11 (Cred. BM 3443-HO),2003
F130031,"LOSA DE CONCRETO e=15 cms, Nº 3 a/c 24 cm a/s",M2,F13,Apoyos estructurales (neopreno),F130,0,FHIS Manual de Rendimientos 2003-11 (Cred. BM 3443-HO),2003
F130032,LOSA DE CONCRETO E=20 cm. #4 @ 10 A.S.,M2,F13,Apoyos estructurales (neopreno),F130,0,FHIS Manual de Rendimientos 2003-11 (Cred. BM 3443-HO),2003
F130033,LOSA DE LIBRERO 0.6X0.1 MTS. (Pulida),M.L.,F13,Apoyos estructurales (neopreno),F130,0,FHIS Manual de Rendimientos 2003-11 (Cred. BM 3443-HO),2003
F130034,LOSA PUENTE e=17 CM (1 VIA) c/ac (TIPO SOPTRAVI),M2,F13,Apoyos estructurales (neopreno),F130,0,FHIS Manual de Rendimientos 2003-11 (Cred. BM 3443-HO),2003
F130035,LOSA PUENTE e=19 CM (1 VIA) c/ac (TIPO SOPTRAVI),M2,F13,Apoyos estructurales (neopreno),F130,0,FHIS Manual de Rendimientos 2003-11 (Cred. BM 3443-HO),2003
F130036,LOSA PUENTE e=21 CM (1 VIA) c/ac (TIPO SOPTRAVI),M2,F13,Apoyos estructurales (neopreno),F130,0,FHIS Manual de Rendimientos 2003-11 (Cred. BM 3443-HO),2003
F130037,LOSA PUENTE e=24 CM (1 VIA) c/ac (TIPO SOPTRAVI),M2,F13,Apoyos estructurales (neopreno),F130,0,FHIS Manual de Rendimientos 2003-11 (Cred. BM 3443-HO),2003
F130038,LOSA PUENTE e=28 CM (1 VIA) c/ac (TIPO SOPTRAVI),M2,F13,Apoyos estructurales (neopreno),F130,0,FHIS Manual de Rendimientos 2003-11 (Cred. BM 3443-HO),2003
F130039,LOSA PUENTE e=32 CM (1 VIA) c/ac (TIPO SOPTRAVI),M2,F13,Apoyos estructurales (neopreno),F130,0,FHIS Manual de Rendimientos 2003-11 (Cred. BM 3443-HO),2003
F130040,LOSA PUENTE e=36 CM (1 VIA) c/ac (TIPO SOPTRAVI),M2,F13,Apoyos estructurales (neopreno),F130,0,FHIS Manual de Rendimientos 2003-11 (Cred. BM 3443-HO),2003
F130041,LOSA PUENTE e=40 CM (1 VIA) c/ac (TIPO SOPTRAVI),M2,F13,Apoyos estructurales (neopreno),F130,0,FHIS Manual de Rendimientos 2003-11 (Cred. BM 3443-HO),2003
F130042,LOSA VIG. BOVE. 20 CMS PROHCOSA (INC. ENCO.)INHABI,M2,F13,Apoyos estructurales (neopreno),F130,0,FHIS Manual de Rendimientos 2003-11 (Cred. BM 3443-HO),2003
F130043,POSTE PETRIL(TIPO SOPTRAVI)20X25 5#8 Y #4 @ 14 CM,M.L.,F13,Apoyos estructurales (neopreno),F130,0,FHIS Manual de Rendimientos 2003-11 (Cred. BM 3443-HO),2003
F130044,PRUEBA DE CONTROL DE CALIDAD DE CONCRETO,UNID,F13,Apoyos estructurales (neopreno),F130,0,FHIS Manual de Rendimientos 2003-11 (Cred. BM 3443-HO),2003
F130045,PLACA DE CONCRETO PREFABRICADA,M2,F13,Apoyos estructurales (neopreno),F130,0,FHIS Manual de Rendimientos 2003-11 (Cred. BM 3443-HO),2003
F130046,LOSA CONCRETO e=20cm REF #3 @ 20cm AS,M2,F13,Apoyos estructurales (neopreno),F130,0,FHIS Manual de Rendimientos 2003-11 (Cred. BM 3443-HO),2003
F130047,LOSA NERVADA DE VIGUETA Y BOVEDILLA (35),M2,F13,Apoyos estructurales (neopreno),F130,0,FHIS Manual de Rendimientos 2003-11 (Cred. BM 3443-HO),2003
F130048,LOSA NERVADA DE VIGUETA Y BOVEDILLA (65),M2,F13,Apoyos estructurales (neopreno),F130,0,FHIS Manual de Rendimientos 2003-11 (Cred. BM 3443-HO),2003
F130049,"LOSA CANALETA 4"",e=5cm,REF.TEMP. #2@30cm,LAM.ZINC",M2,F13,Apoyos estructurales (neopreno),F130,0,FHIS Manual de Rendimientos 2003-11 (Cred. BM 3443-HO),2003
F130050,"LOSA CANALETA DOBLE 6""@0.50cm,LAMI CAL26.#2@30cm",M2,F13,Apoyos estructurales (neopreno),F130,0,FHIS Manual de Rendimientos 2003-11 (Cred. BM 3443-HO),2003
F130051,"LOSA e= 12cm, CONCRETO 1:2:2, #3 @ 20cm A.S.",M2,F13,Apoyos estructurales (neopreno),F130,0,FHIS Manual de Rendimientos 2003-11 (Cred. BM 3443-HO),2003
F130052,"LOSA e=12cm, CONC 1:2:2, #4@20, A.S.",M2,F13,Apoyos estructurales (neopreno),F130,0,FHIS Manual de Rendimientos 2003-11 (Cred. BM 3443-HO),2003
F130053,LOSA VIG. BOVE. 20 CMS PROHCOSA (INC. ENCO.),M2,F13,Apoyos estructurales (neopreno),F130,0,FHIS Manual de Rendimientos 2003-11 (Cred. BM 3443-HO),2003
F130054,LOSA DE ENTREPISO DE VIGUETA (8J-75) Y BOVEDILLA,M2,F13,Apoyos estructurales (neopreno),F130,0,FHIS Manual de Rendimientos 2003-11 (Cred. BM 3443-HO),2003
F130055,"LOSA INFERIOR TANQUE ELEVADO 30,000GAL, CONCRETO",M2,F13,Apoyos estructurales (neopreno),F130,0,FHIS Manual de Rendimientos 2003-11 (Cred. BM 3443-HO),2003
F130056,"LOSA DE CONCRETO 1:2:2, e=15cm, #4@0.25m,",M2,F13,Apoyos estructurales (neopreno),F130,0,FHIS Manual de Rendimientos 2003-11 (Cred. BM 3443-HO),2003
F130057,"LOSA DE CIMENTACION,e=19cm,REF SUP/INF #3@25",M2,F13,Apoyos estructurales (neopreno),F130,0,FHIS Manual de Rendimientos 2003-11 (Cred. BM 3443-HO),2003
F130058,"LOSA DE CIMENTACION,e=16cm,REF.SUP/INF #3@25cm",M2,F13,Apoyos estructurales (neopreno),F130,0,FHIS Manual de Rendimientos 2003-11 (Cred. BM 3443-HO),2003
F130059,"LOSA DE CONCRETO,e=5cm, #3@30cm. A.S,LAMINA CAL.26",M2,F13,Apoyos estructurales (neopreno),F130,0,FHIS Manual de Rendimientos 2003-11 (Cred. BM 3443-HO),2003
F130060,"LOSA DE CONCRETO e=12cm, #4@20cm A.S.",M2,F13,Apoyos estructurales (neopreno),F130,0,FHIS Manual de Rendimientos 2003-11 (Cred. BM 3443-HO),2003
F141001,POSTE DE MADERA RUSTICA 3X3X10´,UNID,F14,"Cercos, malla ciclon y postes",F141,0,FHIS Manual de Rendimientos 2003-11 (Cred. BM 3443-HO),2003
F141002,POSTE DE MADERA RUSTICA DE 3X3X6´,UNID,F14,"Cercos, malla ciclon y postes",F141,0,FHIS Manual de Rendimientos 2003-11 (Cred. BM 3443-HO),2003
F141003,POSTE CONC. DE 15X15 CM.X2.5 M. 3 No.3 Y No.2,UNID,F14,"Cercos, malla ciclon y postes",F141,0,FHIS Manual de Rendimientos 2003-11 (Cred. BM 3443-HO),2003
F141004,POSTE CONC. DE 15X15 CM.X3 M. (210 KG/CM2),UNID,F14,"Cercos, malla ciclon y postes",F141,0,FHIS Manual de Rendimientos 2003-11 (Cred. BM 3443-HO),2003
F141005,"POSTE MADERA RUSTICA CURADA 4""X4""X8'",UNID,F14,"Cercos, malla ciclon y postes",F141,0,FHIS Manual de Rendimientos 2003-11 (Cred. BM 3443-HO),2003
F141006,CERCO PERIMETRAL,GLB,F14,"Cercos, malla ciclon y postes",F141,0,FHIS Manual de Rendimientos 2003-11 (Cred. BM 3443-HO),2003
F141007,POSTE DE MADERA CURADA 30' CLASE 5 (SUMINISTRO),UND,F14,"Cercos, malla ciclon y postes",F141,0,FHIS Manual de Rendimientos 2003-11 (Cred. BM 3443-HO),2003
F141008,POSTE DE MADERA CURADA 35' CLASE 5 (SUMINISTRO),UND,F14,"Cercos, malla ciclon y postes",F141,0,FHIS Manual de Rendimientos 2003-11 (Cred. BM 3443-HO),2003
F141009,POSTE DE MADERA CURADA 40' CLASE 4 (SUMINISTRO),UND,F14,"Cercos, malla ciclon y postes",F141,0,FHIS Manual de Rendimientos 2003-11 (Cred. BM 3443-HO),2003
F142001,MALLA CICLON 4' (DOBLE REF. Var#2) (SUM/INST),M.L.,F14,"Cercos, malla ciclon y postes",F142,0,FHIS Manual de Rendimientos 2003-11 (Cred. BM 3443-HO),2003
F142002,MALLA CICLON 5' DOBLE REF.Var#2(SUM/INST),M.L.,F14,"Cercos, malla ciclon y postes",F142,0,FHIS Manual de Rendimientos 2003-11 (Cred. BM 3443-HO),2003
F142003,INST MALLA CICLON DE 5´CON HG 1½”(INHABILITADA),M.L.,F14,"Cercos, malla ciclon y postes",F142,1,FHIS Manual de Rendimientos 2003-11 (Cred. BM 3443-HO),2003
F142004,MALLA CICLON 6' DOBLE REFUERZO Var #2(INST/SUM),M.L.,F14,"Cercos, malla ciclon y postes",F142,0,FHIS Manual de Rendimientos 2003-11 (Cred. BM 3443-HO),2003
F142005,MALLA CICLON 7' (DOBLE REF.Var#2) (SUM/INST),M.L.,F14,"Cercos, malla ciclon y postes",F142,0,FHIS Manual de Rendimientos 2003-11 (Cred. BM 3443-HO),2003
F142006,MALLA CICLON 8' (DOBLE REF. Var#2) (SUM/INST),M.L.,F14,"Cercos, malla ciclon y postes",F142,0,FHIS Manual de Rendimientos 2003-11 (Cred. BM 3443-HO),2003
F142007,INST. MALLA 6' DOB.REF.(INHABILITADA),M.L.,F14,"Cercos, malla ciclon y postes",F142,1,FHIS Manual de Rendimientos 2003-11 (Cred. BM 3443-HO),2003
F142008,MALLA 6' DOB. REF.#2 HG 1-1/2 A 2.5M(INHABILITADA),M.L.,F14,"Cercos, malla ciclon y postes",F142,1,FHIS Manual de Rendimientos 2003-11 (Cred. BM 3443-HO),2003
F142009,"MALLA CICLON DE 5' CON HG 1 1/2""(SUM/INST)",ML,F14,"Cercos, malla ciclon y postes",F142,0,FHIS Manual de Rendimientos 2003-11 (Cred. BM 3443-HO),2003
F142010,"MALLA 8' DOBLE REF. #2, HG-2"" A 2.5 M.(SUM./INST.)",M.L.,F14,"Cercos, malla ciclon y postes",F142,0,FHIS Manual de Rendimientos 2003-11 (Cred. BM 3443-HO),2003
F142011,CERCO DE MALLA CICLON DE 5' C/ PORTON,UND,F14,"Cercos, malla ciclon y postes",F142,0,FHIS Manual de Rendimientos 2003-11 (Cred. BM 3443-HO),2003
F142012,"MALLA CICLON 6’/TUBO HG 1-1/2"", REF. VARILLA 1/4""",M.L.,F14,"Cercos, malla ciclon y postes",F142,0,FHIS Manual de Rendimientos 2003-11 (Cred. BM 3443-HO),2003
F143001,ALAMBRE PUAS PARA CERCO DE BLOQUE/LAD.(SUM/INST),M.L.,F14,"Cercos, malla ciclon y postes",F143,0,FHIS Manual de Rendimientos 2003-11 (Cred. BM 3443-HO),2003
F143002,INSTALACION ALAMBRE PUAS P/ M.L. (INHABILITADA),M.L.,F14,"Cercos, malla ciclon y postes",F143,1,FHIS Manual de Rendimientos 2003-11 (Cred. BM 3443-HO),2003
F143003,ALAMBRE DE PUAS (SUMINISTRO E INSTALACION),ML,F14,"Cercos, malla ciclon y postes",F143,0,FHIS Manual de Rendimientos 2003-11 (Cred. BM 3443-HO),2003
F144001,"PORTON MALLA CICLON 6’X3 M. LONG. Y TUBO HG 1-1/2""",UNID,F14,"Cercos, malla ciclon y postes",F144,0,FHIS Manual de Rendimientos 2003-11 (Cred. BM 3443-HO),2003
F144002,"PORTON MALLA CICLON 6' Y TUBO HG 1-1/2""",UNID,F14,"Cercos, malla ciclon y postes",F144,0,FHIS Manual de Rendimientos 2003-11 (Cred. BM 3443-HO),2003
F144003,"PORTON MALLA CICLON 5', 2X1.5 M. Y (INHABILITADA)",UNID,F14,"Cercos, malla ciclon y postes",F144,1,FHIS Manual de Rendimientos 2003-11 (Cred. BM 3443-HO),2003
F144004,"PORTON METALICO P-12, 2.10×3.0m",UNID,F14,"Cercos, malla ciclon y postes",F144,0,FHIS Manual de Rendimientos 2003-11 (Cred. BM 3443-HO),2003
F144006,"PORTON MALLA CICLON 5' TUBO LIVIANO 1-1/2""",UNID,F14,"Cercos, malla ciclon y postes",F144,0,FHIS Manual de Rendimientos 2003-11 (Cred. BM 3443-HO),2003
F144007,PORTON METALICO DOBLE HOJA 3.85 X 2.75 M,UND,F14,"Cercos, malla ciclon y postes",F144,0,FHIS Manual de Rendimientos 2003-11 (Cred. BM 3443-HO),2003
F145001,REMATE CONC. 5X10 P/AMARRE DE CERCO DE MALLA),M.L.,F14,"Cercos, malla ciclon y postes",F145,0,FHIS Manual de Rendimientos 2003-11 (Cred. BM 3443-HO),2003
F145002,REMATE DE10 X 15 CERCO DE MALLA SIN REFUERZO,ML,F14,"Cercos, malla ciclon y postes",F145,0,FHIS Manual de Rendimientos 2003-11 (Cred. BM 3443-HO),2003
F146001,BORDILLO,ML,F14,"Cercos, malla ciclon y postes",F146,0,FHIS Manual de Rendimientos 2003-11 (Cred. BM 3443-HO),2003
F151001,EMPEDRADO 20 CM. MORTERO 1:3 (30%MOR. 70% PIEDRA),M2,F15,"Pavimentos, adoquin, bordillo y sellos",F151,0,FHIS Manual de Rendimientos 2003-11 (Cred. BM 3443-HO),2003
F151002,EMPEDRADO CON PIEDRA TALLADA 20X25 CM. E= 20,M2,F15,"Pavimentos, adoquin, bordillo y sellos",F151,0,FHIS Manual de Rendimientos 2003-11 (Cred. BM 3443-HO),2003
F151003,ENCHAPE DE PIEDRA DE RIO E=20 cm,M2,F15,"Pavimentos, adoquin, bordillo y sellos",F151,0,FHIS Manual de Rendimientos 2003-11 (Cred. BM 3443-HO),2003
F152001,ADOQUINADO 3000 PSI,M2,F15,"Pavimentos, adoquin, bordillo y sellos",F152,0,FHIS Manual de Rendimientos 2003-11 (Cred. BM 3443-HO),2003
F152002,ADOQUINADO NO INCLUYE ADOQUIN,M2,F15,"Pavimentos, adoquin, bordillo y sellos",F152,0,FHIS Manual de Rendimientos 2003-11 (Cred. BM 3443-HO),2003
F152003,"ADOQUINADO (ADOQUIN 4,000 LBS/PULG2)",M2,F15,"Pavimentos, adoquin, bordillo y sellos",F152,0,FHIS Manual de Rendimientos 2003-11 (Cred. BM 3443-HO),2003
F152004,VIBRADO DE ADOQUIN CON COMPACTADORA DE PLATO,M2,F15,"Pavimentos, adoquin, bordillo y sellos",F152,0,FHIS Manual de Rendimientos 2003-11 (Cred. BM 3443-HO),2003
F153001,SELLO ASFALTICO (SUMINISTRO E APLICACION),M2,F15,"Pavimentos, adoquin, bordillo y sellos",F153,0,FHIS Manual de Rendimientos 2003-11 (Cred. BM 3443-HO),2003
F153002,CARPETA ASFALTICA 5cm (SUM/IMPRIMACION/COLOCACION),M2,F15,"Pavimentos, adoquin, bordillo y sellos",F153,0,FHIS Manual de Rendimientos 2003-11 (Cred. BM 3443-HO),2003
F153003,ASFALTO (AC-20) MEZCLA EN CALIENTE C/ACARRERO,M3,F15,"Pavimentos, adoquin, bordillo y sellos",F153,0,FHIS Manual de Rendimientos 2003-11 (Cred. BM 3443-HO),2003
F153004,COLOCACION DE MEZCLA ASFALTICA EN CALIENTE,M3,F15,"Pavimentos, adoquin, bordillo y sellos",F153,0,FHIS Manual de Rendimientos 2003-11 (Cred. BM 3443-HO),2003
F154001,BORDILLO DE CONCRETO DE 10X8 CM.,M.L.,F15,"Pavimentos, adoquin, bordillo y sellos",F154,0,FHIS Manual de Rendimientos 2003-11 (Cred. BM 3443-HO),2003
F154002,BORDILLO DE PIEDRA TALLADA,M.L.,F15,"Pavimentos, adoquin, bordillo y sellos",F154,0,FHIS Manual de Rendimientos 2003-11 (Cred. BM 3443-HO),2003
F154003,BORDILLO DE CONCRETO CON CUNETA INTEGRAL,M.L.,F15,"Pavimentos, adoquin, bordillo y sellos",F154,0,FHIS Manual de Rendimientos 2003-11 (Cred. BM 3443-HO),2003
F154004,BORDILLO RECTO LAD. RAFON (2 HILADAS) REP Y PUL,M.L.,F15,"Pavimentos, adoquin, bordillo y sellos",F154,0,FHIS Manual de Rendimientos 2003-11 (Cred. BM 3443-HO),2003
F154005,BORDILLO DE 10 X 12 Cms. 1:2:2,M.L.,F15,"Pavimentos, adoquin, bordillo y sellos",F154,0,FHIS Manual de Rendimientos 2003-11 (Cred. BM 3443-HO),2003
F154006,BORDILLO RECT. 0.30×0.15m CONC. 1:2:2,ML,F15,"Pavimentos, adoquin, bordillo y sellos",F154,0,FHIS Manual de Rendimientos 2003-11 (Cred. BM 3443-HO),2003
F154007,BORDILLO DE CONCRETO DE 15×15 cms,ML,F15,"Pavimentos, adoquin, bordillo y sellos",F154,0,FHIS Manual de Rendimientos 2003-11 (Cred. BM 3443-HO),2003
F154008,"BORDILLO 5.00X5.00cm, CONCRETO 1:2:2 CON COLORANTE",ML,F15,"Pavimentos, adoquin, bordillo y sellos",F154,0,FHIS Manual de Rendimientos 2003-11 (Cred. BM 3443-HO),2003
F154009,"BORDILLO DE CONCRETO DE 10X10cm, CONC 1:3:5",ML,F15,"Pavimentos, adoquin, bordillo y sellos",F154,0,FHIS Manual de Rendimientos 2003-11 (Cred. BM 3443-HO),2003
F154010,"BORDILLO DE CONCRETO DE 10X10cm, CONC 1:2:4",ML,F15,"Pavimentos, adoquin, bordillo y sellos",F154,0,FHIS Manual de Rendimientos 2003-11 (Cred. BM 3443-HO),2003
F154011,BORDILLO DE CONCRETO 15X15CM f’c=4000 lb/plg2,M3,F15,"Pavimentos, adoquin, bordillo y sellos",F154,0,FHIS Manual de Rendimientos 2003-11 (Cred. BM 3443-HO),2003
F154012,"BORDILLO CONC. SIMPLE 10X10cm,1:3:5 C/COLORANTE RO",ML,F15,"Pavimentos, adoquin, bordillo y sellos",F154,0,FHIS Manual de Rendimientos 2003-11 (Cred. BM 3443-HO),2003
F154013,BORDILLO CONCR. SIMPL. 10X10 CMS;1:2:4 C/ COLORANT,ML,F15,"Pavimentos, adoquin, bordillo y sellos",F154,0,FHIS Manual de Rendimientos 2003-11 (Cred. BM 3443-HO),2003
F156001,"PAVIMENTO CONCRETO DE 4,000 Lb/pulg2 , e=20cms",M2,F15,"Pavimentos, adoquin, bordillo y sellos",F156,0,FHIS Manual de Rendimientos 2003-11 (Cred. BM 3443-HO),2003
F157001,REFUERZO ESTRUCTURAL EN PAVIMENTOS (GEOSINTETICOS),M2,F15,"Pavimentos, adoquin, bordillo y sellos",F157,0,FHIS Manual de Rendimientos 2003-11 (Cred. BM 3443-HO),2003
F157002,GEOMALLA ESTRUCTURAL UNIAXIAL UX-1400HS(SUM/INST),M2,F15,"Pavimentos, adoquin, bordillo y sellos",F157,0,FHIS Manual de Rendimientos 2003-11 (Cred. BM 3443-HO),2003
F157003,GEOMALLA ESTRUCTURAL UNIAXIAL UX-1500HS (SUM/INST),M2,F15,"Pavimentos, adoquin, bordillo y sellos",F157,0,FHIS Manual de Rendimientos 2003-11 (Cred. BM 3443-HO),2003
F161001,"BASE DE POZO INSPEC D= 2.2,E=20, Nº3 @ 25 CM. A.S.",UNID,F16,"Alcantarillado sanitario (pozos, PVC, pruebas)",F161,0,FHIS Manual de Rendimientos 2003-11 (Cred. BM 3443-HO),2003
F161002,"BASE DE POZO INSPE. D=2.2E=20, Nº 3 @ 20 CM. A.S.",UNID,F16,"Alcantarillado sanitario (pozos, PVC, pruebas)",F161,0,FHIS Manual de Rendimientos 2003-11 (Cred. BM 3443-HO),2003
F161003,PARED DE POZO d=1.8 EXTERNO DOBLE PARED,M.L.,F16,"Alcantarillado sanitario (pozos, PVC, pruebas)",F161,0,FHIS Manual de Rendimientos 2003-11 (Cred. BM 3443-HO),2003
F161004,PARED DE POZO d=1.5 EXTERNO,M.L.,F16,"Alcantarillado sanitario (pozos, PVC, pruebas)",F161,0,FHIS Manual de Rendimientos 2003-11 (Cred. BM 3443-HO),2003
F161005,CONO DE REDUCCION,UNID,F16,"Alcantarillado sanitario (pozos, PVC, pruebas)",F161,0,FHIS Manual de Rendimientos 2003-11 (Cred. BM 3443-HO),2003
F161006,TAPADERA Y CASQUETE PARA POZO,UNID,F16,"Alcantarillado sanitario (pozos, PVC, pruebas)",F161,0,FHIS Manual de Rendimientos 2003-11 (Cred. BM 3443-HO),2003
F161007,HECHURA MEDIA CAÑA BASE POZO,UNID,F16,"Alcantarillado sanitario (pozos, PVC, pruebas)",F161,0,FHIS Manual de Rendimientos 2003-11 (Cred. BM 3443-HO),2003
F161008,TAPADERA METALICA PARA POZO,UNID,F16,"Alcantarillado sanitario (pozos, PVC, pruebas)",F161,0,FHIS Manual de Rendimientos 2003-11 (Cred. BM 3443-HO),2003
F161009,TAPADERA METALICA PARA TANQUE,UND,F16,"Alcantarillado sanitario (pozos, PVC, pruebas)",F161,0,FHIS Manual de Rendimientos 2003-11 (Cred. BM 3443-HO),2003
F161010,ENGRAMADO DE TALUD EN LAGUNA DE OXIDACION,M2,F16,"Alcantarillado sanitario (pozos, PVC, pruebas)",F161,0,FHIS Manual de Rendimientos 2003-11 (Cred. BM 3443-HO),2003
F161011,REPELLO 1:2 AFINADO INTERIOR PARED DEL CILINDRO,M.L.,F16,"Alcantarillado sanitario (pozos, PVC, pruebas)",F161,0,FHIS Manual de Rendimientos 2003-11 (Cred. BM 3443-HO),2003
F161012,REPELLO EXTERIOR DEL CILINDRO 1:3 »= 1.8,M.L.,F16,"Alcantarillado sanitario (pozos, PVC, pruebas)",F161,0,FHIS Manual de Rendimientos 2003-11 (Cred. BM 3443-HO),2003
F161013,REPELLO 1:2 Y AFINADO INTERIOR DEL CONO,UNID,F16,"Alcantarillado sanitario (pozos, PVC, pruebas)",F161,0,FHIS Manual de Rendimientos 2003-11 (Cred. BM 3443-HO),2003
F161014,REPELLO EXTERIOR DEL CONO H= 0.8 (1:3),UNID,F16,"Alcantarillado sanitario (pozos, PVC, pruebas)",F161,0,FHIS Manual de Rendimientos 2003-11 (Cred. BM 3443-HO),2003
F161015,POZO DE ALCANTARILLADO DE 1 M. NO INC. EXC. Y ACA.,UNID,F16,"Alcantarillado sanitario (pozos, PVC, pruebas)",F161,0,FHIS Manual de Rendimientos 2003-11 (Cred. BM 3443-HO),2003
F161016,POZO DE ALCANT. 1.5M.NO INC.EXC.YACA.(INHABILITAD,UNID,F16,"Alcantarillado sanitario (pozos, PVC, pruebas)",F161,0,FHIS Manual de Rendimientos 2003-11 (Cred. BM 3443-HO),2003
F161017,POZO DE ALCANT 2M. NO INC. EXC. Y ACA.(INHABILITAD,UNID,F16,"Alcantarillado sanitario (pozos, PVC, pruebas)",F161,0,FHIS Manual de Rendimientos 2003-11 (Cred. BM 3443-HO),2003
F161018,POZO DE ALCANT 2.5M NO INC EXC Y ACA(INHABILITADA),UNID,F16,"Alcantarillado sanitario (pozos, PVC, pruebas)",F161,1,FHIS Manual de Rendimientos 2003-11 (Cred. BM 3443-HO),2003
F161019,POZO DE ALCANT 3 M NO INC EXC Y ACA(INHABILITADA),UNID,F16,"Alcantarillado sanitario (pozos, PVC, pruebas)",F161,1,FHIS Manual de Rendimientos 2003-11 (Cred. BM 3443-HO),2003
F161020,POZO DE ALCANT 3.5 M NO INC EXC Y ACA,UNID,F16,"Alcantarillado sanitario (pozos, PVC, pruebas)",F161,0,FHIS Manual de Rendimientos 2003-11 (Cred. BM 3443-HO),2003
F161021,POZO DE ALCANT 4 M NO INC EXC Y ACA.(INHABILITADA),UNID,F16,"Alcantarillado sanitario (pozos, PVC, pruebas)",F161,1,FHIS Manual de Rendimientos 2003-11 (Cred. BM 3443-HO),2003
F161101,"POZO ALCANTARILLADO PLUVIAL, H=5.75m,D(int)=1.60m",UND,F16,"Alcantarillado sanitario (pozos, PVC, pruebas)",F161,0,FHIS Manual de Rendimientos 2003-11 (Cred. BM 3443-HO),2003
F161102,"POZO ALCANTARILLADO PLUVIAL,H=5.00m,D(int)=1.60M",UND,F16,"Alcantarillado sanitario (pozos, PVC, pruebas)",F161,0,FHIS Manual de Rendimientos 2003-11 (Cred. BM 3443-HO),2003
F161103,"POZO ALCANTARILLADO PLUVIAL,H=5.60m,D(int)=1.60m",UND,F16,"Alcantarillado sanitario (pozos, PVC, pruebas)",F161,0,FHIS Manual de Rendimientos 2003-11 (Cred. BM 3443-HO),2003
F161104,"POZO ALCANTARILLADO PLUVIAL,H=4.00m,D(int)=1.60m",UND,F16,"Alcantarillado sanitario (pozos, PVC, pruebas)",F161,0,FHIS Manual de Rendimientos 2003-11 (Cred. BM 3443-HO),2003
F161105,"POZO ALCANTARILLADO PLUVIAL,H=4.50m,D(int)=1.60m",UND,F16,"Alcantarillado sanitario (pozos, PVC, pruebas)",F161,0,FHIS Manual de Rendimientos 2003-11 (Cred. BM 3443-HO),2003
F161106,"POZO ALCANTARILLADO PLUVIAL,H=4.75m,D(int)=1.60m",UND,F16,"Alcantarillado sanitario (pozos, PVC, pruebas)",F161,0,FHIS Manual de Rendimientos 2003-11 (Cred. BM 3443-HO),2003
F161107,"POZO ALCANTARILLADO PLUVIAL,H=3.35m,D(int)=1.60m",UND,F16,"Alcantarillado sanitario (pozos, PVC, pruebas)",F161,0,FHIS Manual de Rendimientos 2003-11 (Cred. BM 3443-HO),2003
F161108,"POZO ALCANTARILLADO PLUVIAL,H=3.35m,D(int)=1.60m",UND,F16,"Alcantarillado sanitario (pozos, PVC, pruebas)",F161,0,FHIS Manual de Rendimientos 2003-11 (Cred. BM 3443-HO),2003
F161109,"POZO DE INSPECCION H=1.50m, DIAMETRO INTERNO=1.20m",UND,F16,"Alcantarillado sanitario (pozos, PVC, pruebas)",F161,0,FHIS Manual de Rendimientos 2003-11 (Cred. BM 3443-HO),2003
F161110,"POZO DE INSPECCION H=2.00m, DIAMETRO INTERNO=1.20m",UND,F16,"Alcantarillado sanitario (pozos, PVC, pruebas)",F161,0,FHIS Manual de Rendimientos 2003-11 (Cred. BM 3443-HO),2003
F161111,"POZO DE INSPECCION H=2.50m, DIAMETRO INTERNO=1.20m",UND,F16,"Alcantarillado sanitario (pozos, PVC, pruebas)",F161,0,FHIS Manual de Rendimientos 2003-11 (Cred. BM 3443-HO),2003
F161112,"POZO DE INSPECCION H=3.00m, DIAMETRO INTERNO=1.20m",UND,F16,"Alcantarillado sanitario (pozos, PVC, pruebas)",F161,0,FHIS Manual de Rendimientos 2003-11 (Cred. BM 3443-HO),2003
F161113,"POZO DE INSPECCION H=3.50m, DIAMETRO INTERNO=1.20m",UND,F16,"Alcantarillado sanitario (pozos, PVC, pruebas)",F161,0,FHIS Manual de Rendimientos 2003-11 (Cred. BM 3443-HO),2003
F161114,"POZO DE INSPECCION H=4.00m, DIAMETRO INTERNO=1.20m",UND,F16,"Alcantarillado sanitario (pozos, PVC, pruebas)",F161,0,FHIS Manual de Rendimientos 2003-11 (Cred. BM 3443-HO),2003
F161115,"POZO DE INSPECCION H=4.50m, DIAMETRO INTERNO=1.20m",UND,F16,"Alcantarillado sanitario (pozos, PVC, pruebas)",F161,0,FHIS Manual de Rendimientos 2003-11 (Cred. BM 3443-HO),2003
F161116,"POZO DE INSPECCION H=5.00m, DIAMETRO INTERNO=1.20m",UND,F16,"Alcantarillado sanitario (pozos, PVC, pruebas)",F161,0,FHIS Manual de Rendimientos 2003-11 (Cred. BM 3443-HO),2003
F162001,ESTRUCTURA PARA CAIDA DE POZO,UND,F16,"Alcantarillado sanitario (pozos, PVC, pruebas)",F162,0,FHIS Manual de Rendimientos 2003-11 (Cred. BM 3443-HO),2003
F163001,"YEE DE PVC DE 6""X4"" (SUM/INST)",UNID,F16,"Alcantarillado sanitario (pozos, PVC, pruebas)",F163,0,FHIS Manual de Rendimientos 2003-11 (Cred. BM 3443-HO),2003
F163002,"YEE PVC DE 8""X4""(SUMINISTRO/INSTALACION)",UNID,F16,"Alcantarillado sanitario (pozos, PVC, pruebas)",F163,0,FHIS Manual de Rendimientos 2003-11 (Cred. BM 3443-HO),2003
F163003,"YEE PVC DE 8""X6"" (SUMINISTRO E INSTALACION)",UNID,F16,"Alcantarillado sanitario (pozos, PVC, pruebas)",F163,0,FHIS Manual de Rendimientos 2003-11 (Cred. BM 3443-HO),2003
F163004,"YEE PVC DE 10""X4""(SUMINISTRO/INSTALACION)",UNID,F16,"Alcantarillado sanitario (pozos, PVC, pruebas)",F163,0,FHIS Manual de Rendimientos 2003-11 (Cred. BM 3443-HO),2003
F163005,"YEE PVC DE 10""X6""(SUMINISTRO/INSTALACION)",UNID,F16,"Alcantarillado sanitario (pozos, PVC, pruebas)",F163,0,FHIS Manual de Rendimientos 2003-11 (Cred. BM 3443-HO),2003
F163006,"YEE PVC DE 12""X4"" (SUMINISTRO/INSTALACION)",UNID,F16,"Alcantarillado sanitario (pozos, PVC, pruebas)",F163,0,FHIS Manual de Rendimientos 2003-11 (Cred. BM 3443-HO),2003
F163007,"YEE PVC DE 12""X6"" (SUMINISTRO/INSTALACION)",UNID,F16,"Alcantarillado sanitario (pozos, PVC, pruebas)",F163,0,FHIS Manual de Rendimientos 2003-11 (Cred. BM 3443-HO),2003
F164001,"PRUEBA HIDROSTATICA ALCANTARILLADO SANITARIO 4-12""",M.L.,F16,"Alcantarillado sanitario (pozos, PVC, pruebas)",F164,0,FHIS Manual de Rendimientos 2003-11 (Cred. BM 3443-HO),2003
F164002,PRUEBA HIDROSTATICA ALCANTARILLADO SANITARIO 15-24,ML,F16,"Alcantarillado sanitario (pozos, PVC, pruebas)",F164,0,FHIS Manual de Rendimientos 2003-11 (Cred. BM 3443-HO),2003
F164003,"PRUEBA HIDROSTÁTICA TUBERIA 48""",M.L.,F16,"Alcantarillado sanitario (pozos, PVC, pruebas)",F164,0,FHIS Manual de Rendimientos 2003-11 (Cred. BM 3443-HO),2003
F171001,PINTURA ACRILICA PROPORCION 1:1,M2,F17,Pinturas,F171,0,FHIS Manual de Rendimientos 2003-11 (Cred. BM 3443-HO),2003
F171002,APLICACION DE SELLADOR EN PARED NUEVA,M2,F17,Pinturas,F171,0,FHIS Manual de Rendimientos 2003-11 (Cred. BM 3443-HO),2003
F171003,PINTURA PREPARADA LATEX SATINADA(BASE DE AGUA)C/SE,M2,F17,Pinturas,F171,0,FHIS Manual de Rendimientos 2003-11 (Cred. BM 3443-HO),2003
F171004,PINTURA CON BARNIZ,M2,F17,Pinturas,F171,0,FHIS Manual de Rendimientos 2003-11 (Cred. BM 3443-HO),2003
F172001,PINTURA DE ACEITE,M2,F17,Pinturas,F172,0,FHIS Manual de Rendimientos 2003-11 (Cred. BM 3443-HO),2003
F172002,PINTURA EN VENTANA DE TUBO INDUSTRIAL,M2,F17,Pinturas,F172,0,FHIS Manual de Rendimientos 2003-11 (Cred. BM 3443-HO),2003
F172003,PINTADO DE PUERTA METALICA,UND,F17,Pinturas,F172,0,FHIS Manual de Rendimientos 2003-11 (Cred. BM 3443-HO),2003
F172004,"PINTADO DE VIGA DE MADERA DE 3""X8""",ML,F17,Pinturas,F172,0,FHIS Manual de Rendimientos 2003-11 (Cred. BM 3443-HO),2003
F172005,PINTURA PARA SEÑALIZACIÓN DE TRANSITO,ML,F17,Pinturas,F172,0,FHIS Manual de Rendimientos 2003-11 (Cred. BM 3443-HO),2003
F173001,PINTURA ANTICORROSIVA,M2,F17,Pinturas,F173,0,FHIS Manual de Rendimientos 2003-11 (Cred. BM 3443-HO),2003
F173002,"PINTURA Y REMOVEDOR EN CANALETA 2""X6""",ML,F17,Pinturas,F173,0,FHIS Manual de Rendimientos 2003-11 (Cred. BM 3443-HO),2003
F174001,PINTURA PARA PIZARRON,M2,F17,Pinturas,F174,0,FHIS Manual de Rendimientos 2003-11 (Cred. BM 3443-HO),2003
F180001,DIRECCION POR MAESTRO DE OBRA,GLB,F18,Direccion tecnica de obra,F180,0,FHIS Manual de Rendimientos 2003-11 (Cred. BM 3443-HO),2003
F180002,DIRECCION POR MAESTRO DE OBRA,JDR,F18,Direccion tecnica de obra,F180,0,FHIS Manual de Rendimientos 2003-11 (Cred. BM 3443-HO),2003
F180003,ASESOR TECNICO,GLB,F18,Direccion tecnica de obra,F180,0,FHIS Manual de Rendimientos 2003-11 (Cred. BM 3443-HO),2003
F191001,"CUNETA MAMP.E=25A=40P=40,66%PIED,34%MORT. 1:4",M.L.,F19,Cunetas y rejillas,F191,0,FHIS Manual de Rendimientos 2003-11 (Cred. BM 3443-HO),2003
F191002,"CUNETA MAMP.E=25A=50P=40,66%PIED,34%MORT.1:4",M.L.,F19,Cunetas y rejillas,F191,0,FHIS Manual de Rendimientos 2003-11 (Cred. BM 3443-HO),2003
F191003,"CUNETA MAMP.E=25A=50P=60, 66%PIED, 34%MORT 1:4",M.L.,F19,Cunetas y rejillas,F191,0,FHIS Manual de Rendimientos 2003-11 (Cred. BM 3443-HO),2003
F191004,CUNETA RECTAN. MAMPOST. E= 25 A= 30 P= 80 EMP. 15,M.L.,F19,Cunetas y rejillas,F191,0,FHIS Manual de Rendimientos 2003-11 (Cred. BM 3443-HO),2003
F191005,CUNETA RECTAN. MAMPOST. E= 25 A= 30 P= 90 EMP. 1C,M.L.,F19,Cunetas y rejillas,F191,0,FHIS Manual de Rendimientos 2003-11 (Cred. BM 3443-HO),2003
F191006,CUNETA RECTAN. MAMPOST. E= 25 A= 40 P= 100 EMP. 15,M.L.,F19,Cunetas y rejillas,F191,0,FHIS Manual de Rendimientos 2003-11 (Cred. BM 3443-HO),2003
F191007,CUNETA RECTAN. MAMPOST. E= 25 A= 40 P= 30 EMPLANT.,M.L.,F19,Cunetas y rejillas,F191,0,FHIS Manual de Rendimientos 2003-11 (Cred. BM 3443-HO),2003
F191008,CUNETA RECTAN. MAMPOST. E= 25 A= 40 P= 80 EMP. 15,M.L.,F19,Cunetas y rejillas,F191,0,FHIS Manual de Rendimientos 2003-11 (Cred. BM 3443-HO),2003
F191009,CUNETA RECTAN. MAMPOST. E= 25 A= 40 P= 90 EMP. 15,M.L.,F19,Cunetas y rejillas,F191,0,FHIS Manual de Rendimientos 2003-11 (Cred. BM 3443-HO),2003
F191010,CUNETA RECTAN. MAMPOST. E= 25 A= 50 P= 100 EMP. 15,M.L.,F19,Cunetas y rejillas,F191,0,FHIS Manual de Rendimientos 2003-11 (Cred. BM 3443-HO),2003
F191011,CUNETA RECTAN. MAMPOST. E= 25 A= 50 P= 30 EMPLANT.,M.L.,F19,Cunetas y rejillas,F191,0,FHIS Manual de Rendimientos 2003-11 (Cred. BM 3443-HO),2003
F191012,CUNETA RECTAN. MAMPOST. E= 25 A= 50 P= 80 EMP.,M.L.,F19,Cunetas y rejillas,F191,0,FHIS Manual de Rendimientos 2003-11 (Cred. BM 3443-HO),2003
F191013,CUNETA RECTAN. MAMPOST. E= 25 A= 60 P= 100 EMP- 15,M.L.,F19,Cunetas y rejillas,F191,0,FHIS Manual de Rendimientos 2003-11 (Cred. BM 3443-HO),2003
F191014,CUNETA RECTAN. MAMPOST. E= 25 A= 60 P= 80 EMP. 15,M.L.,F19,Cunetas y rejillas,F191,0,FHIS Manual de Rendimientos 2003-11 (Cred. BM 3443-HO),2003
F191015,CUNETA RECTAN. MAMPOST. E= 25 A= 60 P= 90 EMP. 15,M.L.,F19,Cunetas y rejillas,F191,0,FHIS Manual de Rendimientos 2003-11 (Cred. BM 3443-HO),2003
F191016,CUNETA RECTAN. MAMPOSTERIA E= 25 A= 30 A= 40 EMPL.,M.L.,F19,Cunetas y rejillas,F191,0,FHIS Manual de Rendimientos 2003-11 (Cred. BM 3443-HO),2003
F191017,CUNETA RECTAN. MAMPOSTERIA E= 25 A= 30 P= 30 EMPL.,M.L.,F19,Cunetas y rejillas,F191,0,FHIS Manual de Rendimientos 2003-11 (Cred. BM 3443-HO),2003
F191018,CUNETA RECTAN. MAMPOSTERIA E= 25 A= 30 P= 50 EMPL.,M.L.,F19,Cunetas y rejillas,F191,0,FHIS Manual de Rendimientos 2003-11 (Cred. BM 3443-HO),2003
F191019,CUNETA RECTAN. MAMPOSTERIA E= 25 A= 30 P= 60 EMPL.,M.L.,F19,Cunetas y rejillas,F191,0,FHIS Manual de Rendimientos 2003-11 (Cred. BM 3443-HO),2003
F191020,CUNETA RECTAN. MAMPOSTERIA E= 25 A= 30 P= 70 EMPL.,M.L.,F19,Cunetas y rejillas,F191,0,FHIS Manual de Rendimientos 2003-11 (Cred. BM 3443-HO),2003
F191021,CUNETA RECTAN. MAMPOSTERIA E= 25 A= 40 P= 60 EMPL.,M.L.,F19,Cunetas y rejillas,F191,0,FHIS Manual de Rendimientos 2003-11 (Cred. BM 3443-HO),2003
F191022,CUNETA RECTAN. MAMPOSTERIA E= 25 A= 40 P= 70 EMPL.,M.L.,F19,Cunetas y rejillas,F191,0,FHIS Manual de Rendimientos 2003-11 (Cred. BM 3443-HO),2003
F191023,CUNETA RECTAN. MAMPOSTERIA E= 25 A= 50 P= 50 EMP.,M.L.,F19,Cunetas y rejillas,F191,0,FHIS Manual de Rendimientos 2003-11 (Cred. BM 3443-HO),2003
F191024,CUNETA RECTAN. MAMPOSTERIA E= 25 A= 50 P= 70 EMP.,M.L.,F19,Cunetas y rejillas,F191,0,FHIS Manual de Rendimientos 2003-11 (Cred. BM 3443-HO),2003
F191025,CUNETA RECTAN. MAMPOSTERIA E= 25 A= 50 P= 90 EMP.,M.L.,F19,Cunetas y rejillas,F191,0,FHIS Manual de Rendimientos 2003-11 (Cred. BM 3443-HO),2003
F191026,CUNETA RECTAN. MAMPOSTERIA E= 25 A= 60 P= 30 EMP.,M.L.,F19,Cunetas y rejillas,F191,0,FHIS Manual de Rendimientos 2003-11 (Cred. BM 3443-HO),2003
F191027,CUNETA RECTAN. MAMPOSTERIA E= 25 A= 60 P= 40 EMP.,M.L.,F19,Cunetas y rejillas,F191,0,FHIS Manual de Rendimientos 2003-11 (Cred. BM 3443-HO),2003
F191028,CUNETA RECTAN. MAMPOSTERIA E= 25 A= 60 P= 50 EMP.,M.L.,F19,Cunetas y rejillas,F191,0,FHIS Manual de Rendimientos 2003-11 (Cred. BM 3443-HO),2003
F191029,CUNETA RECTAN. MAMPOSTERIA E= 25 A= 60 P= 60 EMP.,M.L.,F19,Cunetas y rejillas,F191,0,FHIS Manual de Rendimientos 2003-11 (Cred. BM 3443-HO),2003
F191030,CUNETA RECTAN. MAMPOSTERIA E= 25 A= 60 P= 70 EMP.,M.L.,F19,Cunetas y rejillas,F191,0,FHIS Manual de Rendimientos 2003-11 (Cred. BM 3443-HO),2003
F191031,CUNETA RECTAN. MAMPOSTERIA E= 25 A=40 P= 50 EMPLA.,M.L.,F19,Cunetas y rejillas,F191,0,FHIS Manual de Rendimientos 2003-11 (Cred. BM 3443-HO),2003
F191032,CUNETA RECTAN. MAMPOSTERIA E=25 A= 30 P= 100,M.L.,F19,Cunetas y rejillas,F191,0,FHIS Manual de Rendimientos 2003-11 (Cred. BM 3443-HO),2003
F191033,"CUNETA TRAPEZOIDAL MAMPOSTE. MORTERO 1:6, b=15cm",ML,F19,Cunetas y rejillas,F191,0,FHIS Manual de Rendimientos 2003-11 (Cred. BM 3443-HO),2003
F191034,"CUNETA TRAPEZOIDAL MAMPOST,MORTERO 1:6, b=25cm",ML,F19,Cunetas y rejillas,F191,0,FHIS Manual de Rendimientos 2003-11 (Cred. BM 3443-HO),2003
F191035,"CUNETA TRAPEZOIDAL MAMPOS,MORTERO 1:6,b=35cm",ML,F19,Cunetas y rejillas,F191,0,FHIS Manual de Rendimientos 2003-11 (Cred. BM 3443-HO),2003
F191036,"CUNETA TRAPEZOIDAL MAMPOS,MORTERO 1:6,b=30cm",ML,F19,Cunetas y rejillas,F191,0,FHIS Manual de Rendimientos 2003-11 (Cred. BM 3443-HO),2003
F191037,"CUNETA TRAPEZOIDAL MAMPOS, MORTERO 1:6, b=40cm",ML,F19,Cunetas y rejillas,F191,0,FHIS Manual de Rendimientos 2003-11 (Cred. BM 3443-HO),2003
F194001,"REJILLA METALICA A=0.50m,VAR.1/2"",ANGULO 1""",ML,F19,Cunetas y rejillas,F194,0,FHIS Manual de Rendimientos 2003-11 (Cred. BM 3443-HO),2003
F201001,SERVICIO SANITARIO (INC. ACCESORIOS)(SUM/INST),UNID,F20,Aparatos sanitarios,F201,0,FHIS Manual de Rendimientos 2003-11 (Cred. BM 3443-HO),2003
F201002,CONEXION PARA SANITARIO/SIN APARATO,UNID,F20,Aparatos sanitarios,F201,0,FHIS Manual de Rendimientos 2003-11 (Cred. BM 3443-HO),2003
F201003,FIJADOR METALICO PARA TAZA DEL INODORO,UNID,F20,Aparatos sanitarios,F201,0,FHIS Manual de Rendimientos 2003-11 (Cred. BM 3443-HO),2003
F201004,SERVICIO SANITARIO BLANCO OVALADO (SUM/INST),UNID.,F20,Aparatos sanitarios,F201,0,FHIS Manual de Rendimientos 2003-11 (Cred. BM 3443-HO),2003
F201005,ACCESORIOS DE TANQUE SERVICIO SANITARIO (SUM/INS),UND,F20,Aparatos sanitarios,F201,0,FHIS Manual de Rendimientos 2003-11 (Cred. BM 3443-HO),2003
F201006,INODORO DE FLUXOMETRO (SUM/INST),UND,F20,Aparatos sanitarios,F201,0,FHIS Manual de Rendimientos 2003-11 (Cred. BM 3443-HO),2003
F202001,LAVAMANOS (INC. ACCESORIOS) (SUM/INST),UNID,F20,Aparatos sanitarios,F202,0,FHIS Manual de Rendimientos 2003-11 (Cred. BM 3443-HO),2003
F202002,CONEXION PARA LAVAMANO/SIN APARATO,UNID,F20,Aparatos sanitarios,F202,0,FHIS Manual de Rendimientos 2003-11 (Cred. BM 3443-HO),2003
F202003,LAVAMANOS DE CONCRETO (C.E.B.),ML,F20,Aparatos sanitarios,F202,0,FHIS Manual de Rendimientos 2003-11 (Cred. BM 3443-HO),2003
F202004,LAVABO COLOR BLANCO (SUM/INST),UNID.,F20,Aparatos sanitarios,F202,0,FHIS Manual de Rendimientos 2003-11 (Cred. BM 3443-HO),2003
F202005,LAVAMANO AQUALYN CON ACCESORIOS,UNID,F20,Aparatos sanitarios,F202,0,FHIS Manual de Rendimientos 2003-11 (Cred. BM 3443-HO),2003
F202006,MUEBLE PARA LAVAMANOS DE CONCRETO A=0.50m,ML,F20,Aparatos sanitarios,F202,0,FHIS Manual de Rendimientos 2003-11 (Cred. BM 3443-HO),2003
F202007,MUEBLE Y LAVATRASTOS DE CONCRETO P/COCINA 0.65X2m,UND,F20,Aparatos sanitarios,F202,0,FHIS Manual de Rendimientos 2003-11 (Cred. BM 3443-HO),2003
F203001,URINARIO DE PORCELANA (INC. ACCESOR.)(SUM/INST.),UNID,F20,Aparatos sanitarios,F203,0,FHIS Manual de Rendimientos 2003-11 (Cred. BM 3443-HO),2003
F203002,URINARIO COLECTIVO 3 M.L.(INHABILITADA),UNID,F20,Aparatos sanitarios,F203,1,FHIS Manual de Rendimientos 2003-11 (Cred. BM 3443-HO),2003
F203003,TOCADOR DE CONCRETO,ML,F20,Aparatos sanitarios,F203,0,FHIS Manual de Rendimientos 2003-11 (Cred. BM 3443-HO),2003
F203004,URINARIO DE CONCRETO (CEB)(INHABILITADA),M.L.,F20,Aparatos sanitarios,F203,1,FHIS Manual de Rendimientos 2003-11 (Cred. BM 3443-HO),2003
F203005,URINARIO COLECTIVO L=1.15 MTS,UNID,F20,Aparatos sanitarios,F203,0,FHIS Manual de Rendimientos 2003-11 (Cred. BM 3443-HO),2003
F203006,URINARIO DE CONCRETO(CEB),ML,F20,Aparatos sanitarios,F203,0,FHIS Manual de Rendimientos 2003-11 (Cred. BM 3443-HO),2003
F203007,URINARIO COLECTIVO DE CONCRETO (3m),UND,F20,Aparatos sanitarios,F203,0,FHIS Manual de Rendimientos 2003-11 (Cred. BM 3443-HO),2003
F204001,DUCHA (INC. BORDILLO REPE. Y PUL.)(SUM/INST),UNID,F20,Aparatos sanitarios,F204,0,FHIS Manual de Rendimientos 2003-11 (Cred. BM 3443-HO),2003
F204002,REGADERA (SUMINISTRO/INSTALACION),UNID,F20,Aparatos sanitarios,F204,0,FHIS Manual de Rendimientos 2003-11 (Cred. BM 3443-HO),2003
F205001,LAVAPLATO DE CONC. CON AGUA POT. Y ALCANTARILLADO,UNID,F20,Aparatos sanitarios,F205,0,FHIS Manual de Rendimientos 2003-11 (Cred. BM 3443-HO),2003
F205002,LAVAPLATOS DE CONCRETO SIN AGUA POTABLE,UNID,F20,Aparatos sanitarios,F205,0,FHIS Manual de Rendimientos 2003-11 (Cred. BM 3443-HO),2003
F205003,LAVAPLATO ACERO INOXIDABLE 1.35X0.5 INC. PARED LAD,UNID,F20,Aparatos sanitarios,F205,0,FHIS Manual de Rendimientos 2003-11 (Cred. BM 3443-HO),2003
F205004,MUEBLE DE CONCRETO COCINETA 0.60X1.35 C/LAVATRASTE,UND,F20,Aparatos sanitarios,F205,0,FHIS Manual de Rendimientos 2003-11 (Cred. BM 3443-HO),2003
F206002,PILA CON RIVAL 1.30X0.90X1.00 EN MODULO SANITARIO,UNID,F20,Aparatos sanitarios,F206,0,FHIS Manual de Rendimientos 2003-11 (Cred. BM 3443-HO),2003
F206003,PILA CON RIVAL 1.85X1.30X1.00 A/P Y ALC(inhabilita,UNID.,F20,Aparatos sanitarios,F206,0,FHIS Manual de Rendimientos 2003-11 (Cred. BM 3443-HO),2003
F206004,PILA CON RIVAL CON AGUA POT. Y ALCANTAR. 1X1.3X0.9,UNID,F20,Aparatos sanitarios,F206,0,FHIS Manual de Rendimientos 2003-11 (Cred. BM 3443-HO),2003
F206005,PILA CON RIVAL SIN AGUA POT. NI ALCANTA. 1X1.3X0.9,UNID,F20,Aparatos sanitarios,F206,0,FHIS Manual de Rendimientos 2003-11 (Cred. BM 3443-HO),2003
F206006,PILA C/RIVAL C/ A/P SIN ALC (1.85X1.30)(INHABILITA,UNID,F20,Aparatos sanitarios,F206,0,FHIS Manual de Rendimientos 2003-11 (Cred. BM 3443-HO),2003
F206007,PILA PARA ALMACENAR AGUA (TAPADERA DE MADERA),UNID,F20,Aparatos sanitarios,F206,0,FHIS Manual de Rendimientos 2003-11 (Cred. BM 3443-HO),2003
F206008,PILA PARA ALMACENAR AGUA C. AMBIENTALES 2X2X0.6,UNID,F20,Aparatos sanitarios,F206,0,FHIS Manual de Rendimientos 2003-11 (Cred. BM 3443-HO),2003
F206009,"PILETA DE ASEO H= 0.50, A= 0.90, L= 0.50",UNID,F20,Aparatos sanitarios,F206,0,FHIS Manual de Rendimientos 2003-11 (Cred. BM 3443-HO),2003
F206010,"PILETA DE ASEO H=0.45, A=0.50, L=0.65m",UND,F20,Aparatos sanitarios,F206,0,FHIS Manual de Rendimientos 2003-11 (Cred. BM 3443-HO),2003
F206011,"PILA CON RIVAL 1.85X1.30X1.0m,CON A/P Y DRENAJE",UND,F20,Aparatos sanitarios,F206,0,FHIS Manual de Rendimientos 2003-11 (Cred. BM 3443-HO),2003
F206012,"PILA C/RIVAL 1.85X1.3X1.0m,CON A/P,SIN CONEX DRENA",UND,F20,Aparatos sanitarios,F206,0,FHIS Manual de Rendimientos 2003-11 (Cred. BM 3443-HO),2003
F207001,"SIFON DE 3"" HG EN PISO",UND,F20,Aparatos sanitarios,F207,0,FHIS Manual de Rendimientos 2003-11 (Cred. BM 3443-HO),2003
F211001,"CIRCUITO DE ILUM. HASTA 20 AMP, POLIDUCTO ½",M.L.,F21,Instalacion electrica e iluminacion,F211,0,FHIS Manual de Rendimientos 2003-11 (Cred. BM 3443-HO),2003
F211002,"CIRCUITO DE ILUM. HASTA 20 AMP, PVC ELECTRICO ½",M.L.,F21,Instalacion electrica e iluminacion,F211,0,FHIS Manual de Rendimientos 2003-11 (Cred. BM 3443-HO),2003
F211003,"CIRCUIT. DE ILUM. HASTA 20 AMP.,TUBERIA EMT ½",M.L.,F21,Instalacion electrica e iluminacion,F211,0,FHIS Manual de Rendimientos 2003-11 (Cred. BM 3443-HO),2003
F211004,"CABLE THHN 14, (SUM/INST)",ML,F21,Instalacion electrica e iluminacion,F211,0,FHIS Manual de Rendimientos 2003-11 (Cred. BM 3443-HO),2003
F211005,"CABLE 12 AWG, (SUM/INST)",ML,F21,Instalacion electrica e iluminacion,F211,0,FHIS Manual de Rendimientos 2003-11 (Cred. BM 3443-HO),2003
F211006,"CABLE THHN 8, (SUM/INST)",ML,F21,Instalacion electrica e iluminacion,F211,0,FHIS Manual de Rendimientos 2003-11 (Cred. BM 3443-HO),2003
F211007,"TUBERIA EMT 1/2"",(SUM/INST)",ML,F21,Instalacion electrica e iluminacion,F211,0,FHIS Manual de Rendimientos 2003-11 (Cred. BM 3443-HO),2003
F211008,"TUBERIA DE PVC DE 1/2"" ELECTRICA (SUM/INST)",ML,F21,Instalacion electrica e iluminacion,F211,0,FHIS Manual de Rendimientos 2003-11 (Cred. BM 3443-HO),2003
F211009,"TUBERIA PVC DE 1"" ELECTRICA, (SUM/INST)",ML,F21,Instalacion electrica e iluminacion,F211,0,FHIS Manual de Rendimientos 2003-11 (Cred. BM 3443-HO),2003
F211010,"ALIMENTADOR 3X3/0,1X6 THHN,PVC 2 1/2",ML,F21,Instalacion electrica e iluminacion,F211,0,FHIS Manual de Rendimientos 2003-11 (Cred. BM 3443-HO),2003
F211011,"ALIMENTADOR 3/8,1X10 THHN DUCTO PVC 1 1/4""",ML,F21,Instalacion electrica e iluminacion,F211,0,FHIS Manual de Rendimientos 2003-11 (Cred. BM 3443-HO),2003
F211012,"POLIDUCTO DE 2"" DIAM. (SUMINISTRO)",ML,F21,Instalacion electrica e iluminacion,F211,0,FHIS Manual de Rendimientos 2003-11 (Cred. BM 3443-HO),2003
F211013,CIRCUITO DE ILUMINACION HASTA 20 Amp POLIDUCTO 3/4,ML,F21,Instalacion electrica e iluminacion,F211,0,FHIS Manual de Rendimientos 2003-11 (Cred. BM 3443-HO),2003
F211014,"TUBO EMT DE 3/4"" (SUM/INST)",ML,F21,Instalacion electrica e iluminacion,F211,0,FHIS Manual de Rendimientos 2003-11 (Cred. BM 3443-HO),2003
F211015,"TUBERIA DE 1/2"" DE EMT C/GRAPAS Y TORNILLO",ML,F21,Instalacion electrica e iluminacion,F211,0,FHIS Manual de Rendimientos 2003-11 (Cred. BM 3443-HO),2003
F211016,"TUBERIA ELECTRICA PVC DE 1/2"" (SUM/INST) ENTERRADA",ML,F21,Instalacion electrica e iluminacion,F211,0,FHIS Manual de Rendimientos 2003-11 (Cred. BM 3443-HO),2003
F211017,"TUBERIA DE PVC DE 1"" (SUM/INST)",ML,F21,Instalacion electrica e iluminacion,F211,0,FHIS Manual de Rendimientos 2003-11 (Cred. BM 3443-HO),2003
F211018,CABLE ELECTRICO DE COBRE No. 2 PARA ATERRIZAJE,ML,F21,Instalacion electrica e iluminacion,F211,0,FHIS Manual de Rendimientos 2003-11 (Cred. BM 3443-HO),2003
F211019,VARILLA DE COBRE PARA SISTEMA DE ATERRIZAJE,UND,F21,Instalacion electrica e iluminacion,F211,0,FHIS Manual de Rendimientos 2003-11 (Cred. BM 3443-HO),2003
F211020,ZANJO PARA SISTEMA DE ATERRIZAJE CUBIERTO DE CONC.,ML,F21,Instalacion electrica e iluminacion,F211,0,FHIS Manual de Rendimientos 2003-11 (Cred. BM 3443-HO),2003
F211021,"TUBERIA PVC ELECTRICA DE 3/4"" ENTERRADA (SUM/INST",ML,F21,Instalacion electrica e iluminacion,F211,0,FHIS Manual de Rendimientos 2003-11 (Cred. BM 3443-HO),2003
F211022,ATERRIZAJE DEL CENTRO DE CARGA C/VARILLA DE COBRE,UND,F21,Instalacion electrica e iluminacion,F211,0,FHIS Manual de Rendimientos 2003-11 (Cred. BM 3443-HO),2003
F211023,"CIRCUITO DE ILUM. HASTA 15 AMP, POLIDUCTO 3/4""",ML,F21,Instalacion electrica e iluminacion,F211,0,FHIS Manual de Rendimientos 2003-11 (Cred. BM 3443-HO),2003
F211101,POSTE DE MADERA DE 30' CLASE 5(SUM/INST),UND,F21,Instalacion electrica e iluminacion,F211,0,FHIS Manual de Rendimientos 2003-11 (Cred. BM 3443-HO),2003
F211102,LINEA SECUNDARIA MONOFASICA AEREA(SUM/INST),ML,F21,Instalacion electrica e iluminacion,F211,0,FHIS Manual de Rendimientos 2003-11 (Cred. BM 3443-HO),2003
F211103,RETENIDA SENCILLA E-I-1,UND,F21,Instalacion electrica e iluminacion,F211,0,FHIS Manual de Rendimientos 2003-11 (Cred. BM 3443-HO),2003
F211104,EQUIPAMIENTO FOTOVOLTAICO PARA BOMBEO,GLB,F21,Instalacion electrica e iluminacion,F211,0,FHIS Manual de Rendimientos 2003-11 (Cred. BM 3443-HO),2003
F211105,LINEA DE ALIMENTACION 3THHN AL #2 AWG (SUM/INST),ML,F21,Instalacion electrica e iluminacion,F211,0,FHIS Manual de Rendimientos 2003-11 (Cred. BM 3443-HO),2003
F211106,PANEL DE DISTRIBUCION PRINCIPAL P-1,UND,F21,Instalacion electrica e iluminacion,F211,0,FHIS Manual de Rendimientos 2003-11 (Cred. BM 3443-HO),2003
F211107,PANEL DE DISTRIBUCION PRINCIPAL (P-2),UND,F21,Instalacion electrica e iluminacion,F211,0,FHIS Manual de Rendimientos 2003-11 (Cred. BM 3443-HO),2003
F211108,TIMBRE (SUM/INST),UND,F21,Instalacion electrica e iluminacion,F211,0,FHIS Manual de Rendimientos 2003-11 (Cred. BM 3443-HO),2003
F211109,BREAKER EN CENTRO DE CARGA EXISTENTE(SUM/INST),UND,F21,Instalacion electrica e iluminacion,F211,0,FHIS Manual de Rendimientos 2003-11 (Cred. BM 3443-HO),2003
F211110,"CAJA ELECTRICA 4""X4"" (SUMINISTRO E INTALACION)",UND,F21,Instalacion electrica e iluminacion,F211,0,FHIS Manual de Rendimientos 2003-11 (Cred. BM 3443-HO),2003
F211111,REVISION DE SISTEMA ELECTRICO,GLB,F21,Instalacion electrica e iluminacion,F211,0,FHIS Manual de Rendimientos 2003-11 (Cred. BM 3443-HO),2003
F211112,"CAJA ELECTRICA DE 2""X4"" CON TAPADERA",UND,F21,Instalacion electrica e iluminacion,F211,0,FHIS Manual de Rendimientos 2003-11 (Cred. BM 3443-HO),2003
F211113,"CAJA ELECTRICA 2""X4"" CON CEPO DE COBRE P/ATERRIZAJ",UND,F21,Instalacion electrica e iluminacion,F211,0,FHIS Manual de Rendimientos 2003-11 (Cred. BM 3443-HO),2003
F211114,CANASTA PARA PROTECCION DE ACRILICO LUMINARIA,UND,F21,Instalacion electrica e iluminacion,F211,0,FHIS Manual de Rendimientos 2003-11 (Cred. BM 3443-HO),2003
F211115,SISTEMA FOTOVOLTAICO INSTALADO Wp 30/40 (SUMINISTR,UND,F21,Instalacion electrica e iluminacion,F211,0,FHIS Manual de Rendimientos 2003-11 (Cred. BM 3443-HO),2003
F211116,SISTEMA FOTOVOLTAICO INSTALADO Wp 50/60 (SUMINISTR,UND,F21,Instalacion electrica e iluminacion,F211,0,FHIS Manual de Rendimientos 2003-11 (Cred. BM 3443-HO),2003
F211117,SISTEMA FOTOVOLTAICO INSTALADO Wp 70/80 (SUMINISTR,UND,F21,Instalacion electrica e iluminacion,F211,0,FHIS Manual de Rendimientos 2003-11 (Cred. BM 3443-HO),2003
F211118,"SERVICIO POST VENTA SFV’s PROSOL,(2 VISITAS)",GLB,F21,Instalacion electrica e iluminacion,F211,0,FHIS Manual de Rendimientos 2003-11 (Cred. BM 3443-HO),2003
F211119,"SERVICIO POST VENTA SFV’s PROSOL,(1 VISITA)",GLB,F21,Instalacion electrica e iluminacion,F211,0,FHIS Manual de Rendimientos 2003-11 (Cred. BM 3443-HO),2003
F211120,"CONTRAPARTE PROSO/PIR/FHIS, SFVS,150 watt, ESCUELA",GLB,F21,Instalacion electrica e iluminacion,F211,0,FHIS Manual de Rendimientos 2003-11 (Cred. BM 3443-HO),2003
F211121,"CONTRAPARTE PROSO/PIR/FHIS Y ALCALDIA, SFV’s ESCUE",GLB,F21,Instalacion electrica e iluminacion,F211,0,FHIS Manual de Rendimientos 2003-11 (Cred. BM 3443-HO),2003
F211201,ESTRUCTURA DE REMATE DOBLE EN NEUTRO(**),UND,F21,Instalacion electrica e iluminacion,F211,0,FHIS Manual de Rendimientos 2003-11 (Cred. BM 3443-HO),2003
F211202,ESTRUCTURA PRIMARIA DE PASO Y EN DERIVACION(**),UND,F21,Instalacion electrica e iluminacion,F211,0,FHIS Manual de Rendimientos 2003-11 (Cred. BM 3443-HO),2003
F211203,ESTRUCTURA PRIMARIA EN DOBLE REMATE 60-90(**),UND,F21,Instalacion electrica e iluminacion,F211,0,FHIS Manual de Rendimientos 2003-11 (Cred. BM 3443-HO),2003
F211204,ESTRUCTURA PRIMARIA EN DOBLE REMATE 30/60(**),UND,F21,Instalacion electrica e iluminacion,F211,0,FHIS Manual de Rendimientos 2003-11 (Cred. BM 3443-HO),2003
F211205,CABLE TW 1/0 PARA LINEA SECUNDARIA (SUM/INST)(**),ML,F21,Instalacion electrica e iluminacion,F211,0,FHIS Manual de Rendimientos 2003-11 (Cred. BM 3443-HO),2003
F211206,CABLE ACSR 1/0 PARA LINEA PRIMARIA(SUM/INST)(**),M,F21,Instalacion electrica e iluminacion,F211,0,FHIS Manual de Rendimientos 2003-11 (Cred. BM 3443-HO),2003
F211207,CABLE ACSR #2 (SUM/INST)(**),ML,F21,Instalacion electrica e iluminacion,F211,0,FHIS Manual de Rendimientos 2003-11 (Cred. BM 3443-HO),2003
F211208,RETENIDA SENCILLA(**),UND,F21,Instalacion electrica e iluminacion,F211,0,FHIS Manual de Rendimientos 2003-11 (Cred. BM 3443-HO),2003
F211209,LUMINARIA DE VAPOR DE SODIO(**),UND,F21,Instalacion electrica e iluminacion,F211,0,FHIS Manual de Rendimientos 2003-11 (Cred. BM 3443-HO),2003
F211210,TRANSFORMADOR DE 15 KVA(**),UND,F21,Instalacion electrica e iluminacion,F211,0,FHIS Manual de Rendimientos 2003-11 (Cred. BM 3443-HO),2003
F211211,ESTRUCTURA PARA SECUNDARIO (B-11-2A)(**),UND,F21,Instalacion electrica e iluminacion,F211,0,FHIS Manual de Rendimientos 2003-11 (Cred. BM 3443-HO),2003
F211212,ESTRUCTURA PARA SECUNDARIO (B-11-1B)(**),UND,F21,Instalacion electrica e iluminacion,F211,0,FHIS Manual de Rendimientos 2003-11 (Cred. BM 3443-HO),2003
F211213,ESTRUCTURA PARA SECUNDARIO REMATE SENCILLO(**),UND,F21,Instalacion electrica e iluminacion,F211,0,FHIS Manual de Rendimientos 2003-11 (Cred. BM 3443-HO),2003
F211214,ESTRUCTURA PARA SECUNDARIO (B-II-4A)(**),UND,F21,Instalacion electrica e iluminacion,F211,0,FHIS Manual de Rendimientos 2003-11 (Cred. BM 3443-HO),2003
F211215,ESTRUCTURA PARA SECUNDARIO (B-II-2A)(**),UND,F21,Instalacion electrica e iluminacion,F211,0,FHIS Manual de Rendimientos 2003-11 (Cred. BM 3443-HO),2003
F211216,ESTRUCTURA PARA SECUNDARIO (B-II-1A)(**),UND,F21,Instalacion electrica e iluminacion,F211,0,FHIS Manual de Rendimientos 2003-11 (Cred. BM 3443-HO),2003
F211217,ESTRUCTURA DE REMATE SENCILLO EN NEUTRO(**),UND,F21,Instalacion electrica e iluminacion,F211,0,FHIS Manual de Rendimientos 2003-11 (Cred. BM 3443-HO),2003
F211218,ESTRUCTURA PRIMARIA UNA FASE REMATE SENCILLO(**),UND,F21,Instalacion electrica e iluminacion,F211,0,FHIS Manual de Rendimientos 2003-11 (Cred. BM 3443-HO),2003
F211219,ESTRUCTURA PRIMARIA EN UNA FASE 5-30(**),UND,F21,Instalacion electrica e iluminacion,F211,0,FHIS Manual de Rendimientos 2003-11 (Cred. BM 3443-HO),2003
F211220,ESTRUCTURA PRIMARIA UNA FASE 0o-5o(**),UND,F21,Instalacion electrica e iluminacion,F211,0,FHIS Manual de Rendimientos 2003-11 (Cred. BM 3443-HO),2003
F211221,POSTE DE MADERA DE 35' CLASE 4(**),UND,F21,Instalacion electrica e iluminacion,F211,0,FHIS Manual de Rendimientos 2003-11 (Cred. BM 3443-HO),2003
F211222,POSTE DE MADERA DE 30' CLASE 6(**),UND,F21,Instalacion electrica e iluminacion,F211,0,FHIS Manual de Rendimientos 2003-11 (Cred. BM 3443-HO),2003
F211223,POSTE DE MADERA DE 35' CLASE 5(**),UND,F21,Instalacion electrica e iluminacion,F211,0,FHIS Manual de Rendimientos 2003-11 (Cred. BM 3443-HO),2003
F211224,ESTRUCTURA DE PASO PARA NEUTRO(B-I-1)(**),UND,F21,Instalacion electrica e iluminacion,F211,0,FHIS Manual de Rendimientos 2003-11 (Cred. BM 3443-HO),2003
F211225,TRANSFORMADOR DE 37.5 KVA(**),UND,F21,Instalacion electrica e iluminacion,F211,0,FHIS Manual de Rendimientos 2003-11 (Cred. BM 3443-HO),2003
F211226,CABLE TW 3/0 (SUMINISTRO/INSTALACION)(**),UND,F21,Instalacion electrica e iluminacion,F211,0,FHIS Manual de Rendimientos 2003-11 (Cred. BM 3443-HO),2003
F211227,ESTRUCTURA (A – II -1) 15 Kv(**),UND,F21,Instalacion electrica e iluminacion,F211,0,FHIS Manual de Rendimientos 2003-11 (Cred. BM 3443-HO),2003
F211228,ESTRUCTURA (A – II – 2) 15 kV(**),UND,F21,Instalacion electrica e iluminacion,F211,0,FHIS Manual de Rendimientos 2003-11 (Cred. BM 3443-HO),2003
F211229,ESTRUCTURA (A – II – 4) 15 KV(**),UND,F21,Instalacion electrica e iluminacion,F211,0,FHIS Manual de Rendimientos 2003-11 (Cred. BM 3443-HO),2003
F211230,ESTRUCTURA (A – II – 5) 15 KV(**),UND,F21,Instalacion electrica e iluminacion,F211,0,FHIS Manual de Rendimientos 2003-11 (Cred. BM 3443-HO),2003
F211231,ESTRUCTURA (A – II – 6) 15KV(**),UND,F21,Instalacion electrica e iluminacion,F211,0,FHIS Manual de Rendimientos 2003-11 (Cred. BM 3443-HO),2003
F211232,ESTRUCTURA (A – III – 1) 15KV(**),UND,F21,Instalacion electrica e iluminacion,F211,0,FHIS Manual de Rendimientos 2003-11 (Cred. BM 3443-HO),2003
F211233,ESTRUCTURA (A – III – 2) 15 KV(**),UND,F21,Instalacion electrica e iluminacion,F211,0,FHIS Manual de Rendimientos 2003-11 (Cred. BM 3443-HO),2003
F211234,ESTRUCTURA (A – III – 4) 15 KV(**),UND,F21,Instalacion electrica e iluminacion,F211,0,FHIS Manual de Rendimientos 2003-11 (Cred. BM 3443-HO),2003
F211235,ESTRUCTURA (A – III – 5) 15 KV(**),UND,F21,Instalacion electrica e iluminacion,F211,0,FHIS Manual de Rendimientos 2003-11 (Cred. BM 3443-HO),2003
F211236,ESTRUCTURA (A – III – 6) 15 KV(**),UND,F21,Instalacion electrica e iluminacion,F211,0,FHIS Manual de Rendimientos 2003-11 (Cred. BM 3443-HO),2003
F211237,ESTRUCTURA SECUNDARIA LINEA DE PASO(S-III-1)(**),UND,F21,Instalacion electrica e iluminacion,F211,0,FHIS Manual de Rendimientos 2003-11 (Cred. BM 3443-HO),2003
F211238,"ESTRUCTURA SECUNDARIA,REMATE SENCILLO(S-III-2)(**)",UND,F21,Instalacion electrica e iluminacion,F211,0,FHIS Manual de Rendimientos 2003-11 (Cred. BM 3443-HO),2003
F211239,"ESTRUCTURA SECUNDARIA,DOBLE REMATE (S-III-3)(**)",UND,F21,Instalacion electrica e iluminacion,F211,0,FHIS Manual de Rendimientos 2003-11 (Cred. BM 3443-HO),2003
F211240,"ESTRUCTURA SECUNDAR,2 REMATE(45o-90o)(S-III-4)(**)",UND,F21,Instalacion electrica e iluminacion,F211,0,FHIS Manual de Rendimientos 2003-11 (Cred. BM 3443-HO),2003
F211241,"ESTRUCTURA SECUNDARIA,TRIPLE REMATE(S-III-5)(**)",UND,F21,Instalacion electrica e iluminacion,F211,0,FHIS Manual de Rendimientos 2003-11 (Cred. BM 3443-HO),2003
F211242,"ESTRUCT SECUN,REMATE PROLON NEUTRO(S-III-6)(**)",UND,F21,Instalacion electrica e iluminacion,F211,0,FHIS Manual de Rendimientos 2003-11 (Cred. BM 3443-HO),2003
F211243,ESTRUCTURA SECUNDARIA LINEA DE PASO(S-II-1)(**),UND,F21,Instalacion electrica e iluminacion,F211,0,FHIS Manual de Rendimientos 2003-11 (Cred. BM 3443-HO),2003
F211244,"ESTRUCTURA SECUNDARIA,REMATE SENC(S – II – 2)(**)",UND,F21,Instalacion electrica e iluminacion,F211,0,FHIS Manual de Rendimientos 2003-11 (Cred. BM 3443-HO),2003
F211245,"ESTRUCTURA SECUNDARIA,DOBLE REMATE(S-II-3)(**)",UND,F21,Instalacion electrica e iluminacion,F211,0,FHIS Manual de Rendimientos 2003-11 (Cred. BM 3443-HO),2003
F211246,"ESTRUCTURA SECUNDA,DOBLE REM(45o-90o)(S-II-4)(**)",UND,F21,Instalacion electrica e iluminacion,F211,0,FHIS Manual de Rendimientos 2003-11 (Cred. BM 3443-HO),2003
F211247,"ESTRUCTURA SECUNDARIA,TRIPLE REMATE (S-II-5)(**)",UND,F21,Instalacion electrica e iluminacion,F211,0,FHIS Manual de Rendimientos 2003-11 (Cred. BM 3443-HO),2003
F211248,"ESTRUCT SECUND,TRIPLE REM PROLO NEUTRO(S-II-6)(**)",UND,F21,Instalacion electrica e iluminacion,F211,0,FHIS Manual de Rendimientos 2003-11 (Cred. BM 3443-HO),2003
F211249,TRANSFORMADOR 15 KV 34.5-19.92 KV/240-120V(**),UND,F21,Instalacion electrica e iluminacion,F211,0,FHIS Manual de Rendimientos 2003-11 (Cred. BM 3443-HO),2003
F211250,RETENIDA DOBLE TANGENTE O BISECTRIZ(E-I-2)(**),UND,F21,Instalacion electrica e iluminacion,F211,0,FHIS Manual de Rendimientos 2003-11 (Cred. BM 3443-HO),2003
F211251,CABLE WP No.2 (SUM/INST)(**),ML,F21,Instalacion electrica e iluminacion,F211,0,FHIS Manual de Rendimientos 2003-11 (Cred. BM 3443-HO),2003
F211252,ESTRUCTURA REMATE SENCILLO (A-II-4) 50KV(**),UND,F21,Instalacion electrica e iluminacion,F211,0,FHIS Manual de Rendimientos 2003-11 (Cred. BM 3443-HO),2003
F211253,ESTRUCTURA DE PASO (A-II-1) 50KV(**),UND,F21,Instalacion electrica e iluminacion,F211,0,FHIS Manual de Rendimientos 2003-11 (Cred. BM 3443-HO),2003
F211254,ESTRUCTURA DE DOBLE REMATE(A-II-6) 50KV(**),UND,F21,Instalacion electrica e iluminacion,F211,0,FHIS Manual de Rendimientos 2003-11 (Cred. BM 3443-HO),2003
F211255,ESTRUCTURA DE RETENIDA SENCILLA (E-1) 50KV(**),UND,F21,Instalacion electrica e iluminacion,F211,0,FHIS Manual de Rendimientos 2003-11 (Cred. BM 3443-HO),2003
F211256,POSTE DE CONCRETO DE 35' (SUM/INST)(**),UND,F21,Instalacion electrica e iluminacion,F211,0,FHIS Manual de Rendimientos 2003-11 (Cred. BM 3443-HO),2003
F211257,TRANSFORMADOR DE 50 KVA (SUM/INST)(**),UND,F21,Instalacion electrica e iluminacion,F211,0,FHIS Manual de Rendimientos 2003-11 (Cred. BM 3443-HO),2003
F211258,ESTRUCTURA A-I-1 (p/34.5 KV),UNID,F21,Instalacion electrica e iluminacion,F211,0,FHIS Manual de Rendimientos 2003-11 (Cred. BM 3443-HO),2003
F211259,ESTRUCTURA A-I-1A (p/34.5 KV),UNID,F21,Instalacion electrica e iluminacion,F211,0,FHIS Manual de Rendimientos 2003-11 (Cred. BM 3443-HO),2003
F211260,ESTRUCTURA A-I-2 (p/34.5 KV),UND,F21,Instalacion electrica e iluminacion,F211,0,FHIS Manual de Rendimientos 2003-11 (Cred. BM 3443-HO),2003
F211261,ESTRUCTURA A-I-2A (p/34.5 KV),UND,F21,Instalacion electrica e iluminacion,F211,0,FHIS Manual de Rendimientos 2003-11 (Cred. BM 3443-HO),2003
F211262,ESTRUCTURA A-I-3 (p/34.5 KV),UND,F21,Instalacion electrica e iluminacion,F211,0,FHIS Manual de Rendimientos 2003-11 (Cred. BM 3443-HO),2003
F211263,ESTRUCTURA A-I-4 (p/34.5 KV),UND,F21,Instalacion electrica e iluminacion,F211,0,FHIS Manual de Rendimientos 2003-11 (Cred. BM 3443-HO),2003
F211264,ESTRUCTURA A-I-4A (p/34.5 KV),UND,F21,Instalacion electrica e iluminacion,F211,0,FHIS Manual de Rendimientos 2003-11 (Cred. BM 3443-HO),2003
F211265,ESTRUCTURA A-I-4B (p/34.5 KV),UND,F21,Instalacion electrica e iluminacion,F211,0,FHIS Manual de Rendimientos 2003-11 (Cred. BM 3443-HO),2003
F211266,ESTRUCTURA A-I-4C (p/34.5 KV),UND,F21,Instalacion electrica e iluminacion,F211,0,FHIS Manual de Rendimientos 2003-11 (Cred. BM 3443-HO),2003
F211267,ESTRUCTURA A-I-5 (p/34.5 KV),UND,F21,Instalacion electrica e iluminacion,F211,0,FHIS Manual de Rendimientos 2003-11 (Cred. BM 3443-HO),2003
F211268,ESTRUCTURA A-I-5A (p/34.5 KV),UND,F21,Instalacion electrica e iluminacion,F211,0,FHIS Manual de Rendimientos 2003-11 (Cred. BM 3443-HO),2003
F211269,ESTRUCTURA A – I – 6 (p/34.5 KV),UNID,F21,Instalacion electrica e iluminacion,F211,0,FHIS Manual de Rendimientos 2003-11 (Cred. BM 3443-HO),2003
F211270,ESTRUCTURA A-I-7 (p/34.5 KV),UND,F21,Instalacion electrica e iluminacion,F211,0,FHIS Manual de Rendimientos 2003-11 (Cred. BM 3443-HO),2003
F211271,ESTRUCTURA A-I-8 (p/34.5 KV),UND,F21,Instalacion electrica e iluminacion,F211,0,FHIS Manual de Rendimientos 2003-11 (Cred. BM 3443-HO),2003
F211272,ESTRUCTURA A-I-1 (p/13.8 KV),UND,F21,Instalacion electrica e iluminacion,F211,0,FHIS Manual de Rendimientos 2003-11 (Cred. BM 3443-HO),2003
F211273,ESTRUCTURA A-I-1A (p/13.8 KV),UND,F21,Instalacion electrica e iluminacion,F211,0,FHIS Manual de Rendimientos 2003-11 (Cred. BM 3443-HO),2003
F211274,ESTRUCTURA A-I-2 (p/13.8 KV),UND,F21,Instalacion electrica e iluminacion,F211,0,FHIS Manual de Rendimientos 2003-11 (Cred. BM 3443-HO),2003
F211275,ESTRUCTURA A-I-2A (p/13.8 KV),UND,F21,Instalacion electrica e iluminacion,F211,0,FHIS Manual de Rendimientos 2003-11 (Cred. BM 3443-HO),2003
F211276,ESTRUCTURA A-I-3 (p/13.8 KV),UND,F21,Instalacion electrica e iluminacion,F211,0,FHIS Manual de Rendimientos 2003-11 (Cred. BM 3443-HO),2003
F211277,ESTRUCTURA A-I-4 (p/13.8 KV),UND,F21,Instalacion electrica e iluminacion,F211,0,FHIS Manual de Rendimientos 2003-11 (Cred. BM 3443-HO),2003
F211278,ESTRUCTURA A-I-4A (p/13.8 KV),UND,F21,Instalacion electrica e iluminacion,F211,0,FHIS Manual de Rendimientos 2003-11 (Cred. BM 3443-HO),2003
F211279,ESTRUCTURA A-I-4B (p/13.8 KV),UND,F21,Instalacion electrica e iluminacion,F211,0,FHIS Manual de Rendimientos 2003-11 (Cred. BM 3443-HO),2003
F211280,ESTRUCTURA A-I-4C (p/13.8 KV),UND,F21,Instalacion electrica e iluminacion,F211,0,FHIS Manual de Rendimientos 2003-11 (Cred. BM 3443-HO),2003
F211281,ESTRUCTURA A-I-5 (p/13.8 KV),UND,F21,Instalacion electrica e iluminacion,F211,0,FHIS Manual de Rendimientos 2003-11 (Cred. BM 3443-HO),2003
F211282,ESTRUCTURA A-I-5A (p/13.8 KV),UND,F21,Instalacion electrica e iluminacion,F211,0,FHIS Manual de Rendimientos 2003-11 (Cred. BM 3443-HO),2003
F211283,ESTRUCTURA A-I-6 (p/13.8 KV),UND,F21,Instalacion electrica e iluminacion,F211,0,FHIS Manual de Rendimientos 2003-11 (Cred. BM 3443-HO),2003
F211284,ESTRUCTURA A-I-7 (p/13.8 KV),UND,F21,Instalacion electrica e iluminacion,F211,0,FHIS Manual de Rendimientos 2003-11 (Cred. BM 3443-HO),2003
F211285,ESTRUCTURA A-I-8 (p/13.8 KV),UND,F21,Instalacion electrica e iluminacion,F211,0,FHIS Manual de Rendimientos 2003-11 (Cred. BM 3443-HO),2003
F211286,ESTRUCTURA A-II-1 (p/34.5 KV),UND,F21,Instalacion electrica e iluminacion,F211,0,FHIS Manual de Rendimientos 2003-11 (Cred. BM 3443-HO),2003
F211287,ESTRUCTURA A-II-2 (p/34.5 KV),UND,F21,Instalacion electrica e iluminacion,F211,0,FHIS Manual de Rendimientos 2003-11 (Cred. BM 3443-HO),2003
F211288,ESTRUCTURA A-II-3 (p/34.5 KV),UND,F21,Instalacion electrica e iluminacion,F211,0,FHIS Manual de Rendimientos 2003-11 (Cred. BM 3443-HO),2003
F211289,ESTRUCTURA A-II-4 (p/34.5 KV),UND,F21,Instalacion electrica e iluminacion,F211,0,FHIS Manual de Rendimientos 2003-11 (Cred. BM 3443-HO),2003
F211290,ESTRUCTURA A-II-4A (p/34.5 KV),UND,F21,Instalacion electrica e iluminacion,F211,0,FHIS Manual de Rendimientos 2003-11 (Cred. BM 3443-HO),2003
F211291,ESTRUCTURA A-II-4B (p/34.5 KV),UND,F21,Instalacion electrica e iluminacion,F211,0,FHIS Manual de Rendimientos 2003-11 (Cred. BM 3443-HO),2003
F211292,ESTRUCTURA A-II-4C (p/34.5 KV),UND,F21,Instalacion electrica e iluminacion,F211,0,FHIS Manual de Rendimientos 2003-11 (Cred. BM 3443-HO),2003
F211293,ESTRUCTURA A-II-5 (p/34.5 KV),UND,F21,Instalacion electrica e iluminacion,F211,0,FHIS Manual de Rendimientos 2003-11 (Cred. BM 3443-HO),2003
F211294,ESTRUCTURA A-II-6 (p/34.5 KV),UND,F21,Instalacion electrica e iluminacion,F211,0,FHIS Manual de Rendimientos 2003-11 (Cred. BM 3443-HO),2003
F211295,ESTRUCTURA A-II-6R (p/34.5 KV),UND,F21,Instalacion electrica e iluminacion,F211,0,FHIS Manual de Rendimientos 2003-11 (Cred. BM 3443-HO),2003
F211296,ESTRUCTURA A-II-7 (p/34.5 KV),UND,F21,Instalacion electrica e iluminacion,F211,0,FHIS Manual de Rendimientos 2003-11 (Cred. BM 3443-HO),2003
F211297,ESTRUCTURA A-II-7A (p/34.5 KV),UND,F21,Instalacion electrica e iluminacion,F211,0,FHIS Manual de Rendimientos 2003-11 (Cred. BM 3443-HO),2003
F211298,ESTRUCTURA A-II-8 (p/34.5 KV),UND,F21,Instalacion electrica e iluminacion,F211,0,FHIS Manual de Rendimientos 2003-11 (Cred. BM 3443-HO),2003
F211299,ESTRUCTURA A-II-8A (p/34.5 KV),UND,F21,Instalacion electrica e iluminacion,F211,0,FHIS Manual de Rendimientos 2003-11 (Cred. BM 3443-HO),2003
F211300,ESTRUCTURA A-II-1 (p/13.8 KV),UND,F21,Instalacion electrica e iluminacion,F211,0,FHIS Manual de Rendimientos 2003-11 (Cred. BM 3443-HO),2003
F211301,ESTRUCTURA A-II-2 (p/13.8 KV),UND,F21,Instalacion electrica e iluminacion,F211,0,FHIS Manual de Rendimientos 2003-11 (Cred. BM 3443-HO),2003
F211302,ESTRUCTURA A-II-3 (p/13.8 KV),UND,F21,Instalacion electrica e iluminacion,F211,0,FHIS Manual de Rendimientos 2003-11 (Cred. BM 3443-HO),2003
F211303,ESTRUCTURA A-II-4 (p/13.8 KV),UND,F21,Instalacion electrica e iluminacion,F211,0,FHIS Manual de Rendimientos 2003-11 (Cred. BM 3443-HO),2003
F211304,ESTRUCTURA A-II-4A (p/13.8 KV),UND,F21,Instalacion electrica e iluminacion,F211,0,FHIS Manual de Rendimientos 2003-11 (Cred. BM 3443-HO),2003
F211305,ESTRUCTURA A-II-4B (p/13.8 KV),UND,F21,Instalacion electrica e iluminacion,F211,0,FHIS Manual de Rendimientos 2003-11 (Cred. BM 3443-HO),2003
F211306,ESTRUCTURA A-II-4C (p/13.8 KV),UND,F21,Instalacion electrica e iluminacion,F211,0,FHIS Manual de Rendimientos 2003-11 (Cred. BM 3443-HO),2003
F211307,ESTRUCTURA A-II-5 (p/13.8 KV),UND,F21,Instalacion electrica e iluminacion,F211,0,FHIS Manual de Rendimientos 2003-11 (Cred. BM 3443-HO),2003
F211308,ESTRUCTURA A-II-6 (p/13.8 KV),UND,F21,Instalacion electrica e iluminacion,F211,0,FHIS Manual de Rendimientos 2003-11 (Cred. BM 3443-HO),2003
F211309,ESTRUCTURA A-II-6R (p/13.8 KV),UND,F21,Instalacion electrica e iluminacion,F211,0,FHIS Manual de Rendimientos 2003-11 (Cred. BM 3443-HO),2003
F211310,ESTRUCTURA A-II-7 (p/13.8 KV),UND,F21,Instalacion electrica e iluminacion,F211,0,FHIS Manual de Rendimientos 2003-11 (Cred. BM 3443-HO),2003
F211311,ESTRUCTURA A-II-7A (p/13.8 KV),UND,F21,Instalacion electrica e iluminacion,F211,0,FHIS Manual de Rendimientos 2003-11 (Cred. BM 3443-HO),2003
F211312,ESTRUCTURA A-II-8 (p/13.8 KV),UND,F21,Instalacion electrica e iluminacion,F211,0,FHIS Manual de Rendimientos 2003-11 (Cred. BM 3443-HO),2003
F211313,ESTRUCTURA A-II-8A (p/13.8 KV),UND,F21,Instalacion electrica e iluminacion,F211,0,FHIS Manual de Rendimientos 2003-11 (Cred. BM 3443-HO),2003
F211314,ESTRUCTURA A-III-1 (p/34.5 KV),UND,F21,Instalacion electrica e iluminacion,F211,0,FHIS Manual de Rendimientos 2003-11 (Cred. BM 3443-HO),2003
F211315,ESTRUCTURA A-III-2 (p/34.5 KV),UND,F21,Instalacion electrica e iluminacion,F211,0,FHIS Manual de Rendimientos 2003-11 (Cred. BM 3443-HO),2003
F211316,ESTRUCTURA A-III-3 (p/34.5 KV),UND,F21,Instalacion electrica e iluminacion,F211,0,FHIS Manual de Rendimientos 2003-11 (Cred. BM 3443-HO),2003
F211317,ESTRUCTURA A-III-4 (p/34.5 KV),UND,F21,Instalacion electrica e iluminacion,F211,0,FHIS Manual de Rendimientos 2003-11 (Cred. BM 3443-HO),2003
F211318,ESTRUCTURA A-III-4A (p/34.5 KV),UND,F21,Instalacion electrica e iluminacion,F211,0,FHIS Manual de Rendimientos 2003-11 (Cred. BM 3443-HO),2003
F211319,ESTRUCTURA A-III-4B (p/34.5 KV),UND,F21,Instalacion electrica e iluminacion,F211,0,FHIS Manual de Rendimientos 2003-11 (Cred. BM 3443-HO),2003
F211320,ESTRUCTURA A-III-5 (p/34.5 KV),UND,F21,Instalacion electrica e iluminacion,F211,0,FHIS Manual de Rendimientos 2003-11 (Cred. BM 3443-HO),2003
F211321,ESTRUCTURA A-III-6 (p/34.5 KV),UND,F21,Instalacion electrica e iluminacion,F211,0,FHIS Manual de Rendimientos 2003-11 (Cred. BM 3443-HO),2003
F211322,ESTRUCTURA A-III-6R (p/34.5 KV),UND,F21,Instalacion electrica e iluminacion,F211,0,FHIS Manual de Rendimientos 2003-11 (Cred. BM 3443-HO),2003
F211323,ESTRUCTURA A-III-7 (p/34.5 KV),UND,F21,Instalacion electrica e iluminacion,F211,0,FHIS Manual de Rendimientos 2003-11 (Cred. BM 3443-HO),2003
F211324,ESTRUCTURA A-III-7A (p/34.5 KV),UND,F21,Instalacion electrica e iluminacion,F211,0,FHIS Manual de Rendimientos 2003-11 (Cred. BM 3443-HO),2003
F211325,ESTRUCTURA A-III-7B (p/34.5 KV),UND,F21,Instalacion electrica e iluminacion,F211,0,FHIS Manual de Rendimientos 2003-11 (Cred. BM 3443-HO),2003
F211327,ESTRUCTURA A-III-8A (p/34.5 KV),UND,F21,Instalacion electrica e iluminacion,F211,0,FHIS Manual de Rendimientos 2003-11 (Cred. BM 3443-HO),2003
F211328,ESTRUCTURA A-III-8B (p/34.5 KV),UND,F21,Instalacion electrica e iluminacion,F211,0,FHIS Manual de Rendimientos 2003-11 (Cred. BM 3443-HO),2003
F211329,ESTRUCTURA A-III-1 (p/13.8 KV),UND,F21,Instalacion electrica e iluminacion,F211,0,FHIS Manual de Rendimientos 2003-11 (Cred. BM 3443-HO),2003
F211330,ESTRUCTURA A-III-2 (p/13.8 KV),UND,F21,Instalacion electrica e iluminacion,F211,0,FHIS Manual de Rendimientos 2003-11 (Cred. BM 3443-HO),2003
F211331,ESTRUCTURA A-III-3 (p/13.8 KV),UND,F21,Instalacion electrica e iluminacion,F211,0,FHIS Manual de Rendimientos 2003-11 (Cred. BM 3443-HO),2003
F211332,ESTRUCTURA A-III-4 (p/13.8 KV),UND,F21,Instalacion electrica e iluminacion,F211,0,FHIS Manual de Rendimientos 2003-11 (Cred. BM 3443-HO),2003
F211333,ESTRUCTURA A-III-4A (p/13.8 KV),UND,F21,Instalacion electrica e iluminacion,F211,0,FHIS Manual de Rendimientos 2003-11 (Cred. BM 3443-HO),2003
F211334,ESTRUCTURA A-III-4B (p/13.8 KV),UND,F21,Instalacion electrica e iluminacion,F211,0,FHIS Manual de Rendimientos 2003-11 (Cred. BM 3443-HO),2003
F211335,ESTRUCTURA A-III-5 (p/13.8 KV),UND,F21,Instalacion electrica e iluminacion,F211,0,FHIS Manual de Rendimientos 2003-11 (Cred. BM 3443-HO),2003
F211336,ESTRUCTURA A-III-6 (p/13.8 KV),UND,F21,Instalacion electrica e iluminacion,F211,0,FHIS Manual de Rendimientos 2003-11 (Cred. BM 3443-HO),2003
F211337,ESTRUCTURA A-III-6R (p/13.8 KV),UND,F21,Instalacion electrica e iluminacion,F211,0,FHIS Manual de Rendimientos 2003-11 (Cred. BM 3443-HO),2003
F211338,ESTRUCTURA A-III-7 (p/13.8 KV),UND,F21,Instalacion electrica e iluminacion,F211,0,FHIS Manual de Rendimientos 2003-11 (Cred. BM 3443-HO),2003
F211339,ESTRUCTURA A-III-7A (p/13.8 KV),UND,F21,Instalacion electrica e iluminacion,F211,0,FHIS Manual de Rendimientos 2003-11 (Cred. BM 3443-HO),2003
F211340,ESTRUCTURA A-III-7B (p/13.8 KV),UND,F21,Instalacion electrica e iluminacion,F211,0,FHIS Manual de Rendimientos 2003-11 (Cred. BM 3443-HO),2003
F211341,ESTRUCTURA A-III-8 (p/13.8 KV),UND,F21,Instalacion electrica e iluminacion,F211,0,FHIS Manual de Rendimientos 2003-11 (Cred. BM 3443-HO),2003
F211342,ESTRUCTURA A-III-8A (p/13.8 KV),UND,F21,Instalacion electrica e iluminacion,F211,0,FHIS Manual de Rendimientos 2003-11 (Cred. BM 3443-HO),2003
F211343,ESTRUCTURA A-III-8B (p/13.8 KV),UND,F21,Instalacion electrica e iluminacion,F211,0,FHIS Manual de Rendimientos 2003-11 (Cred. BM 3443-HO),2003
F211344,ESTRUCTURA TM-1-1F,UND,F21,Instalacion electrica e iluminacion,F211,0,FHIS Manual de Rendimientos 2003-11 (Cred. BM 3443-HO),2003
F211345,ESTRUCTURA TM-2-1F,UND,F21,Instalacion electrica e iluminacion,F211,0,FHIS Manual de Rendimientos 2003-11 (Cred. BM 3443-HO),2003
F211346,ESTRUCTURA TM-2T-1F,UND,F21,Instalacion electrica e iluminacion,F211,0,FHIS Manual de Rendimientos 2003-11 (Cred. BM 3443-HO),2003
F211347,ESTRUCTURA TM-2R-1F,UND,F21,Instalacion electrica e iluminacion,F211,0,FHIS Manual de Rendimientos 2003-11 (Cred. BM 3443-HO),2003
F211348,ESTRUCTURA TM-1-2F,UND,F21,Instalacion electrica e iluminacion,F211,0,FHIS Manual de Rendimientos 2003-11 (Cred. BM 3443-HO),2003
F211349,ESTRUCTURA TM-2-2F,UND,F21,Instalacion electrica e iluminacion,F211,0,FHIS Manual de Rendimientos 2003-11 (Cred. BM 3443-HO),2003
F211350,ESTRUCTURA TM-2T-2F,UND,F21,Instalacion electrica e iluminacion,F211,0,FHIS Manual de Rendimientos 2003-11 (Cred. BM 3443-HO),2003
F211351,ESTRUCTURA TM-2R-2F,UND,F21,Instalacion electrica e iluminacion,F211,0,FHIS Manual de Rendimientos 2003-11 (Cred. BM 3443-HO),2003
F211352,ESTRUCTURA TH-2T-2F,UND,F21,Instalacion electrica e iluminacion,F211,0,FHIS Manual de Rendimientos 2003-11 (Cred. BM 3443-HO),2003
F211353,ESTRUCTURA HM-I-2F,UND,F21,Instalacion electrica e iluminacion,F211,0,FHIS Manual de Rendimientos 2003-11 (Cred. BM 3443-HO),2003
F211354,ESTRUCTURA HM-2R-2F,UND,F21,Instalacion electrica e iluminacion,F211,0,FHIS Manual de Rendimientos 2003-11 (Cred. BM 3443-HO),2003
F211355,ESTRUCTURA TM-1-3F,UND,F21,Instalacion electrica e iluminacion,F211,0,FHIS Manual de Rendimientos 2003-11 (Cred. BM 3443-HO),2003
F211356,ESTRUCTURA TM-2-3F,UND,F21,Instalacion electrica e iluminacion,F211,0,FHIS Manual de Rendimientos 2003-11 (Cred. BM 3443-HO),2003
F211357,ESTRUCTURA TM-2T-3F,UND,F21,Instalacion electrica e iluminacion,F211,0,FHIS Manual de Rendimientos 2003-11 (Cred. BM 3443-HO),2003
F211358,ESTRUCTURA TH-2T-3F,UND,F21,Instalacion electrica e iluminacion,F211,0,FHIS Manual de Rendimientos 2003-11 (Cred. BM 3443-HO),2003
F211359,ESTRUCTURA HM-1-3F,UND,F21,Instalacion electrica e iluminacion,F211,0,FHIS Manual de Rendimientos 2003-11 (Cred. BM 3443-HO),2003
F211360,ESTRUCTURA TM-2R-3F,UND,F21,Instalacion electrica e iluminacion,F211,0,FHIS Manual de Rendimientos 2003-11 (Cred. BM 3443-HO),2003
F211361,ESTRUCTURA HM-2R-3F,UND,F21,Instalacion electrica e iluminacion,F211,0,FHIS Manual de Rendimientos 2003-11 (Cred. BM 3443-HO),2003
F211362,DETALLE DE NEUTRO B-I-1 (para cable #2 AWG),UND,F21,Instalacion electrica e iluminacion,F211,0,FHIS Manual de Rendimientos 2003-11 (Cred. BM 3443-HO),2003
F211363,DETALLE DE NEUTRO B-I-1 (para cable #1/0 AWG),UND,F21,Instalacion electrica e iluminacion,F211,0,FHIS Manual de Rendimientos 2003-11 (Cred. BM 3443-HO),2003
F211364,DETALLE DE NEUTRO B-I-2 (para cable #2 AWG),UND,F21,Instalacion electrica e iluminacion,F211,0,FHIS Manual de Rendimientos 2003-11 (Cred. BM 3443-HO),2003
F211365,DETALLE DE NEUTRO B-I-2 (para cable #1/0 AWG),UND,F21,Instalacion electrica e iluminacion,F211,0,FHIS Manual de Rendimientos 2003-11 (Cred. BM 3443-HO),2003
F211366,DETALLE DE NEUTRO B-I-2A (para cable #2 AWG),UND,F21,Instalacion electrica e iluminacion,F211,0,FHIS Manual de Rendimientos 2003-11 (Cred. BM 3443-HO),2003
F211367,DETALLE DE NEUTRO B-I-2A (para cable #1/0 AWG),UND,F21,Instalacion electrica e iluminacion,F211,0,FHIS Manual de Rendimientos 2003-11 (Cred. BM 3443-HO),2003
F211368,DETALLE DE NEUTRO B-I-2B (para cable #2 AWG),UND,F21,Instalacion electrica e iluminacion,F211,0,FHIS Manual de Rendimientos 2003-11 (Cred. BM 3443-HO),2003
F211369,DETALLE DE NEUTRO B-I-2B (para cable #1/0 AWG),UND,F21,Instalacion electrica e iluminacion,F211,0,FHIS Manual de Rendimientos 2003-11 (Cred. BM 3443-HO),2003
F211370,DETALLE DE NEUTRO B-I-3 (para cable #2 AWG),UND,F21,Instalacion electrica e iluminacion,F211,0,FHIS Manual de Rendimientos 2003-11 (Cred. BM 3443-HO),2003
F211371,DETALLE DE NEUTRO B-I-3 (para cable #1/0 AWG),UND,F21,Instalacion electrica e iluminacion,F211,0,FHIS Manual de Rendimientos 2003-11 (Cred. BM 3443-HO),2003
F211372,DETALLE DE NEUTRO B-I-3A (para cable #2 AWG),UND,F21,Instalacion electrica e iluminacion,F211,0,FHIS Manual de Rendimientos 2003-11 (Cred. BM 3443-HO),2003
F211373,DETALLE DE NEUTRO B-I-3A (para cable #1/0 AWG),UND,F21,Instalacion electrica e iluminacion,F211,0,FHIS Manual de Rendimientos 2003-11 (Cred. BM 3443-HO),2003
F211374,DETALLE DE NEUTRO B-I-3B (para cable #2 AWG),UND,F21,Instalacion electrica e iluminacion,F211,0,FHIS Manual de Rendimientos 2003-11 (Cred. BM 3443-HO),2003
F211375,DETALLE DE NEUTRO B-I-3B (para cable #1/0 AWG),UND,F21,Instalacion electrica e iluminacion,F211,0,FHIS Manual de Rendimientos 2003-11 (Cred. BM 3443-HO),2003
F211376,DETALLE DE NEUTRO B-I-4 (para cable #2 AWG),UND,F21,Instalacion electrica e iluminacion,F211,0,FHIS Manual de Rendimientos 2003-11 (Cred. BM 3443-HO),2003
F211377,DETALLE DE NEUTRO B-I-4 (para cable #1/0 AWG),UND,F21,Instalacion electrica e iluminacion,F211,0,FHIS Manual de Rendimientos 2003-11 (Cred. BM 3443-HO),2003
F211378,DETALLE DE NEUTRO B-I-4A (para cable #2 AWG),UND,F21,Instalacion electrica e iluminacion,F211,0,FHIS Manual de Rendimientos 2003-11 (Cred. BM 3443-HO),2003
F211379,DETALLE DE NEUTRO B-I-4A (para cable #1/0 AWG),UND,F21,Instalacion electrica e iluminacion,F211,0,FHIS Manual de Rendimientos 2003-11 (Cred. BM 3443-HO),2003
F211380,DETALLE DE NEUTRO B-I-4B (para cable #2 AWG),UND,F21,Instalacion electrica e iluminacion,F211,0,FHIS Manual de Rendimientos 2003-11 (Cred. BM 3443-HO),2003
F211381,DETALLE DE NEUTRO B-I-4B (para cable #1/0 AWG),UND,F21,Instalacion electrica e iluminacion,F211,0,FHIS Manual de Rendimientos 2003-11 (Cred. BM 3443-HO),2003
F211382,GUARDA G-I-1,UND,F21,Instalacion electrica e iluminacion,F211,0,FHIS Manual de Rendimientos 2003-11 (Cred. BM 3443-HO),2003
F211383,GUARDA G-I-2,UND,F21,Instalacion electrica e iluminacion,F211,0,FHIS Manual de Rendimientos 2003-11 (Cred. BM 3443-HO),2003
F211384,GUARDA G-I-3,UND,F21,Instalacion electrica e iluminacion,F211,0,FHIS Manual de Rendimientos 2003-11 (Cred. BM 3443-HO),2003
F211385,GUARDA G-I-4,UND,F21,Instalacion electrica e iluminacion,F211,0,FHIS Manual de Rendimientos 2003-11 (Cred. BM 3443-HO),2003
F211386,ESTRUCTURA B-II-1A (para cable #1/0 AWG),UND,F21,Instalacion electrica e iluminacion,F211,0,FHIS Manual de Rendimientos 2003-11 (Cred. BM 3443-HO),2003
F211387,ESTRUCTURA B-II-1A (para cable #3/0 AWG),UND,F21,Instalacion electrica e iluminacion,F211,0,FHIS Manual de Rendimientos 2003-11 (Cred. BM 3443-HO),2003
F211388,ESTRUCTURA B-II-2A (para cable #1/0 AWG),UND,F21,Instalacion electrica e iluminacion,F211,0,FHIS Manual de Rendimientos 2003-11 (Cred. BM 3443-HO),2003
F211389,ESTRUCTURA B-II-2A (para cable #3/0 AWG),UND,F21,Instalacion electrica e iluminacion,F211,0,FHIS Manual de Rendimientos 2003-11 (Cred. BM 3443-HO),2003
F211390,ESTRUCTURA B-II-3A (para cable #1/0 AWG),UND,F21,Instalacion electrica e iluminacion,F211,0,FHIS Manual de Rendimientos 2003-11 (Cred. BM 3443-HO),2003
F211391,ESTRUCTURA B-II-3A (para cable #3/0 AWG),UND,F21,Instalacion electrica e iluminacion,F211,0,FHIS Manual de Rendimientos 2003-11 (Cred. BM 3443-HO),2003
F211392,ESTRUCTURA B-II-3A-1 (para cable #1/0 AWG),UND,F21,Instalacion electrica e iluminacion,F211,0,FHIS Manual de Rendimientos 2003-11 (Cred. BM 3443-HO),2003
F211393,ESTRUCTURA B-II-3A-1 (para cable #3/0 AWG),UND,F21,Instalacion electrica e iluminacion,F211,0,FHIS Manual de Rendimientos 2003-11 (Cred. BM 3443-HO),2003
F211394,ESTRUCTURA B-II-4A (para cable #1/0 AWG),UND,F21,Instalacion electrica e iluminacion,F211,0,FHIS Manual de Rendimientos 2003-11 (Cred. BM 3443-HO),2003
F211395,ESTRUCTURA B-II-4A (para cable #3/0 AWG),UND,F21,Instalacion electrica e iluminacion,F211,0,FHIS Manual de Rendimientos 2003-11 (Cred. BM 3443-HO),2003
F211396,ESTRUCTURA B-II-1B (para cable #1/0 AWG),UND,F21,Instalacion electrica e iluminacion,F211,0,FHIS Manual de Rendimientos 2003-11 (Cred. BM 3443-HO),2003
F211397,ESTRUCTURA B-II-1B (para cable #3/0 AWG),UND,F21,Instalacion electrica e iluminacion,F211,0,FHIS Manual de Rendimientos 2003-11 (Cred. BM 3443-HO),2003
F211398,ESTRUCTURA B-II-2B (para cable #1/0 AWG),UND,F21,Instalacion electrica e iluminacion,F211,0,FHIS Manual de Rendimientos 2003-11 (Cred. BM 3443-HO),2003
F211399,ESTRUCTURA B-II-2B (para cable #3/0 AWG),UND,F21,Instalacion electrica e iluminacion,F211,0,FHIS Manual de Rendimientos 2003-11 (Cred. BM 3443-HO),2003
F211400,ESTRUCTURA B-II-3B (para cable #1/0 AWG),UND,F21,Instalacion electrica e iluminacion,F211,0,FHIS Manual de Rendimientos 2003-11 (Cred. BM 3443-HO),2003
F211401,ESTRUCTURA B-II-3B (para cable #3/0 AWG),UND,F21,Instalacion electrica e iluminacion,F211,0,FHIS Manual de Rendimientos 2003-11 (Cred. BM 3443-HO),2003
F211402,ESTRUCTURA B-II-4B (para cable #1/0 AWG),UND,F21,Instalacion electrica e iluminacion,F211,0,FHIS Manual de Rendimientos 2003-11 (Cred. BM 3443-HO),2003
F211403,ESTRUCTURA B-II-4B (para cable #3/0 AWG),UND,F21,Instalacion electrica e iluminacion,F211,0,FHIS Manual de Rendimientos 2003-11 (Cred. BM 3443-HO),2003
F211404,ESTRUCTURA B-II-5B (para cable #1/0 AWG),UND,F21,Instalacion electrica e iluminacion,F211,0,FHIS Manual de Rendimientos 2003-11 (Cred. BM 3443-HO),2003
F211405,ESTRUCTURA B-II-5B (para cable #3/0 AWG),UND,F21,Instalacion electrica e iluminacion,F211,0,FHIS Manual de Rendimientos 2003-11 (Cred. BM 3443-HO),2003
F211406,ESTRUCTURA B-II-6B (para cable #1/0 AWG),UND,F21,Instalacion electrica e iluminacion,F211,0,FHIS Manual de Rendimientos 2003-11 (Cred. BM 3443-HO),2003
F211407,ESTRUCTURA B-II-6B (para cable #3/0 AWG),UND,F21,Instalacion electrica e iluminacion,F211,0,FHIS Manual de Rendimientos 2003-11 (Cred. BM 3443-HO),2003
F211408,ESTRUCTURA B-II-7B (para cable #1/0 AWG),UND,F21,Instalacion electrica e iluminacion,F211,0,FHIS Manual de Rendimientos 2003-11 (Cred. BM 3443-HO),2003
F211409,ESTRUCTURA B-II-7B (para cable #3/0 AWG),UND,F21,Instalacion electrica e iluminacion,F211,0,FHIS Manual de Rendimientos 2003-11 (Cred. BM 3443-HO),2003
F211410,ESTRUCTURA B-II-8B (para cable #1/0 AWG),UND,F21,Instalacion electrica e iluminacion,F211,0,FHIS Manual de Rendimientos 2003-11 (Cred. BM 3443-HO),2003
F211411,ESTRUCTURA B-II-8B (para cable #3/0 AWG),UND,F21,Instalacion electrica e iluminacion,F211,0,FHIS Manual de Rendimientos 2003-11 (Cred. BM 3443-HO),2003
F211412,ESTRUCTURA B-II-1C (para cable #1/0 AWG),UND,F21,Instalacion electrica e iluminacion,F211,0,FHIS Manual de Rendimientos 2003-11 (Cred. BM 3443-HO),2003
F211413,ESTRUCTURA B-II-1C (para cable #3/0 AWG),UND,F21,Instalacion electrica e iluminacion,F211,0,FHIS Manual de Rendimientos 2003-11 (Cred. BM 3443-HO),2003
F211414,ESTRUCTURA B-II-2C (para cable #1/0 AWG),UND,F21,Instalacion electrica e iluminacion,F211,0,FHIS Manual de Rendimientos 2003-11 (Cred. BM 3443-HO),2003
F211415,ESTRUCTURA B-II-2C (para cable #3/0 AWG),UND,F21,Instalacion electrica e iluminacion,F211,0,FHIS Manual de Rendimientos 2003-11 (Cred. BM 3443-HO),2003
F211416,ESTRUCTURA B-II-3C (para cable #1/0 AWG),UND,F21,Instalacion electrica e iluminacion,F211,0,FHIS Manual de Rendimientos 2003-11 (Cred. BM 3443-HO),2003
F211417,ESTRUCTURA B-II-3C (para cable #3/0 AWG),UND,F21,Instalacion electrica e iluminacion,F211,0,FHIS Manual de Rendimientos 2003-11 (Cred. BM 3443-HO),2003
F211418,ESTRUCTURA S-I-1,UND,F21,Instalacion electrica e iluminacion,F211,0,FHIS Manual de Rendimientos 2003-11 (Cred. BM 3443-HO),2003
F211419,RETENIDA E-I-1,UND,F21,Instalacion electrica e iluminacion,F211,0,FHIS Manual de Rendimientos 2003-11 (Cred. BM 3443-HO),2003
F211420,RETENIDA E-I-1A,UND,F21,Instalacion electrica e iluminacion,F211,0,FHIS Manual de Rendimientos 2003-11 (Cred. BM 3443-HO),2003
F211421,RETENIDA E-I-2,UND,F21,Instalacion electrica e iluminacion,F211,0,FHIS Manual de Rendimientos 2003-11 (Cred. BM 3443-HO),2003
F211422,RETENIDA E-I-2A,UND,F21,Instalacion electrica e iluminacion,F211,0,FHIS Manual de Rendimientos 2003-11 (Cred. BM 3443-HO),2003
F211423,RETENIDA E-I-3,UND,F21,Instalacion electrica e iluminacion,F211,0,FHIS Manual de Rendimientos 2003-11 (Cred. BM 3443-HO),2003
F211424,RETENIDA E-I-3A,UND,F21,Instalacion electrica e iluminacion,F211,0,FHIS Manual de Rendimientos 2003-11 (Cred. BM 3443-HO),2003
F211425,RETENIDA E-I-4,UND,F21,Instalacion electrica e iluminacion,F211,0,FHIS Manual de Rendimientos 2003-11 (Cred. BM 3443-HO),2003
F211426,RETENIDA E-I-5,UND,F21,Instalacion electrica e iluminacion,F211,0,FHIS Manual de Rendimientos 2003-11 (Cred. BM 3443-HO),2003
F211427,CON-1,UND,F21,Instalacion electrica e iluminacion,F211,0,FHIS Manual de Rendimientos 2003-11 (Cred. BM 3443-HO),2003
F211428,CON-2,UND,F21,Instalacion electrica e iluminacion,F211,0,FHIS Manual de Rendimientos 2003-11 (Cred. BM 3443-HO),2003
F211429,CON-3,UND,F21,Instalacion electrica e iluminacion,F211,0,FHIS Manual de Rendimientos 2003-11 (Cred. BM 3443-HO),2003
F211430,CS-27,UNID,F21,Instalacion electrica e iluminacion,F211,0,FHIS Manual de Rendimientos 2003-11 (Cred. BM 3443-HO),2003
F211431,CS-10,UND,F21,Instalacion electrica e iluminacion,F211,0,FHIS Manual de Rendimientos 2003-11 (Cred. BM 3443-HO),2003
F211432,CT-LS,UND,F21,Instalacion electrica e iluminacion,F211,0,FHIS Manual de Rendimientos 2003-11 (Cred. BM 3443-HO),2003
F211433,CT-LDX,UND,F21,Instalacion electrica e iluminacion,F211,0,FHIS Manual de Rendimientos 2003-11 (Cred. BM 3443-HO),2003
F211434,RTS,UND,F21,Instalacion electrica e iluminacion,F211,0,FHIS Manual de Rendimientos 2003-11 (Cred. BM 3443-HO),2003
F211435,RVS,UND,F21,Instalacion electrica e iluminacion,F211,0,FHIS Manual de Rendimientos 2003-11 (Cred. BM 3443-HO),2003
F211436,RTD,UND,F21,Instalacion electrica e iluminacion,F211,0,FHIS Manual de Rendimientos 2003-11 (Cred. BM 3443-HO),2003
F211437,RVH,UND,F21,Instalacion electrica e iluminacion,F211,0,FHIS Manual de Rendimientos 2003-11 (Cred. BM 3443-HO),2003
F211438,RBH,UND,F21,Instalacion electrica e iluminacion,F211,0,FHIS Manual de Rendimientos 2003-11 (Cred. BM 3443-HO),2003
F211439,LS-100,UND,F21,Instalacion electrica e iluminacion,F211,0,FHIS Manual de Rendimientos 2003-11 (Cred. BM 3443-HO),2003
F211440,PARARRAYOS 1/34.5 KV,UND,F21,Instalacion electrica e iluminacion,F211,0,FHIS Manual de Rendimientos 2003-11 (Cred. BM 3443-HO),2003
F211441,PARARRAYOS 1/13.8 KV,UND,F21,Instalacion electrica e iluminacion,F211,0,FHIS Manual de Rendimientos 2003-11 (Cred. BM 3443-HO),2003
F211442,PARARRAYOS 2/34.5 KV,UND,F21,Instalacion electrica e iluminacion,F211,0,FHIS Manual de Rendimientos 2003-11 (Cred. BM 3443-HO),2003
F211443,PARARRAYOS 2/13.8 KV,UND,F21,Instalacion electrica e iluminacion,F211,0,FHIS Manual de Rendimientos 2003-11 (Cred. BM 3443-HO),2003
F211444,PARARRAYOS 3/34.5 KV,UND,F21,Instalacion electrica e iluminacion,F211,0,FHIS Manual de Rendimientos 2003-11 (Cred. BM 3443-HO),2003
F211445,PARARRAYOS 3/13.8 KV,UND,F21,Instalacion electrica e iluminacion,F211,0,FHIS Manual de Rendimientos 2003-11 (Cred. BM 3443-HO),2003
F211446,TS-5TR/34.5 KV,UND,F21,Instalacion electrica e iluminacion,F211,0,FHIS Manual de Rendimientos 2003-11 (Cred. BM 3443-HO),2003
F211447,TS-10TR/34.5 KV,UND,F21,Instalacion electrica e iluminacion,F211,0,FHIS Manual de Rendimientos 2003-11 (Cred. BM 3443-HO),2003
F211448,TS-5/34.5 KV,UND,F21,Instalacion electrica e iluminacion,F211,0,FHIS Manual de Rendimientos 2003-11 (Cred. BM 3443-HO),2003
F211449,TS-10/34.5 KV,UND,F21,Instalacion electrica e iluminacion,F211,0,FHIS Manual de Rendimientos 2003-11 (Cred. BM 3443-HO),2003
F211450,TS-15/34.5 KV,UND,F21,Instalacion electrica e iluminacion,F211,0,FHIS Manual de Rendimientos 2003-11 (Cred. BM 3443-HO),2003
F211451,TS-15/13.8 KV,UND,F21,Instalacion electrica e iluminacion,F211,0,FHIS Manual de Rendimientos 2003-11 (Cred. BM 3443-HO),2003
F211452,TS-15TR/34.5 KV,UND,F21,Instalacion electrica e iluminacion,F211,0,FHIS Manual de Rendimientos 2003-11 (Cred. BM 3443-HO),2003
F211453,TS-25/34.5 KV,UND,F21,Instalacion electrica e iluminacion,F211,0,FHIS Manual de Rendimientos 2003-11 (Cred. BM 3443-HO),2003
F211454,TS-25/13.8 KV,UND,F21,Instalacion electrica e iluminacion,F211,0,FHIS Manual de Rendimientos 2003-11 (Cred. BM 3443-HO),2003
F211455,TS-37.5/34.5 KV,UND,F21,Instalacion electrica e iluminacion,F211,0,FHIS Manual de Rendimientos 2003-11 (Cred. BM 3443-HO),2003
F211456,TS-37.5/13.8 KV,UND,F21,Instalacion electrica e iluminacion,F211,0,FHIS Manual de Rendimientos 2003-11 (Cred. BM 3443-HO),2003
F211457,TS-50/34.5 KV,UND,F21,Instalacion electrica e iluminacion,F211,0,FHIS Manual de Rendimientos 2003-11 (Cred. BM 3443-HO),2003
F211458,TS-50/13.8 KV,UND,F21,Instalacion electrica e iluminacion,F211,0,FHIS Manual de Rendimientos 2003-11 (Cred. BM 3443-HO),2003
F211459,"CRUCETA 48""",UND,F21,Instalacion electrica e iluminacion,F211,0,FHIS Manual de Rendimientos 2003-11 (Cred. BM 3443-HO),2003
F211460,"POSTE DE MADERA DE 30', CLASE 5",UND,F21,Instalacion electrica e iluminacion,F211,0,FHIS Manual de Rendimientos 2003-11 (Cred. BM 3443-HO),2003
F211461,"POSTE DE MADERA DE 35', CLASE 5",UND,F21,Instalacion electrica e iluminacion,F211,0,FHIS Manual de Rendimientos 2003-11 (Cred. BM 3443-HO),2003
F211462,"POSTE DE MADERA DE 40', CLASE 4",UND,F21,Instalacion electrica e iluminacion,F211,0,FHIS Manual de Rendimientos 2003-11 (Cred. BM 3443-HO),2003
F211463,"POSTE DE MADERA DE 45', CLASE 4",UND,F21,Instalacion electrica e iluminacion,F211,0,FHIS Manual de Rendimientos 2003-11 (Cred. BM 3443-HO),2003
F211464,GRAPA PARA LINEA VIVA Y ESTRIBO,UND,F21,Instalacion electrica e iluminacion,F211,0,FHIS Manual de Rendimientos 2003-11 (Cred. BM 3443-HO),2003
F211465,CABLE #2 ACSR S/F,M.L.,F21,Instalacion electrica e iluminacion,F211,0,FHIS Manual de Rendimientos 2003-11 (Cred. BM 3443-HO),2003
F211466,CABLE #1/0 ACSR S/F,M.L.,F21,Instalacion electrica e iluminacion,F211,0,FHIS Manual de Rendimientos 2003-11 (Cred. BM 3443-HO),2003
F211467,"CABLE #1/0 AWG, TW",M.L.,F21,Instalacion electrica e iluminacion,F211,0,FHIS Manual de Rendimientos 2003-11 (Cred. BM 3443-HO),2003
F211468,"CABLE #3/0 AWG, TW",PIE,F21,Instalacion electrica e iluminacion,F211,0,FHIS Manual de Rendimientos 2003-11 (Cred. BM 3443-HO),2003
F211469,"CABLE DE ACERO HS, PARA GUARDA D=¼”",PIE,F21,Instalacion electrica e iluminacion,F211,0,FHIS Manual de Rendimientos 2003-11 (Cred. BM 3443-HO),2003
F211470,ACOMETIDA Y MEDIDOR,UND,F21,Instalacion electrica e iluminacion,F211,0,FHIS Manual de Rendimientos 2003-11 (Cred. BM 3443-HO),2003
F211471,REUBICACION DE POSTES DE MADERA,UND,F21,Instalacion electrica e iluminacion,F211,0,FHIS Manual de Rendimientos 2003-11 (Cred. BM 3443-HO),2003
F211472,GIRAR Y APLOMAR POSTES DE MADERA,UND,F21,Instalacion electrica e iluminacion,F211,0,FHIS Manual de Rendimientos 2003-11 (Cred. BM 3443-HO),2003
F212001,"CIRCUITO DE FUER. HASTA 20 AMP., POLIDUCTO ½",M.L.,F21,Instalacion electrica e iluminacion,F212,0,FHIS Manual de Rendimientos 2003-11 (Cred. BM 3443-HO),2003
F212002,"CIRCUITO DE FUER. HASTA 20 AMP, TUBO PVC ½",M.L.,F21,Instalacion electrica e iluminacion,F212,0,FHIS Manual de Rendimientos 2003-11 (Cred. BM 3443-HO),2003
F212003,"CIRCUITO DE FUERZA HASTA 20 AMP, TUBO EMT ½",M.L.,F21,Instalacion electrica e iluminacion,F212,0,FHIS Manual de Rendimientos 2003-11 (Cred. BM 3443-HO),2003
F212004,"CIRCUITO DE FUERZA HASTA 50 AMP, POLIDUCTO ¾",M.L.,F21,Instalacion electrica e iluminacion,F212,0,FHIS Manual de Rendimientos 2003-11 (Cred. BM 3443-HO),2003
F212005,"CIRCUITO DE FUER. HASTA 50 AMP, TUBO EMT ¾",M.L.,F21,Instalacion electrica e iluminacion,F212,0,FHIS Manual de Rendimientos 2003-11 (Cred. BM 3443-HO),2003
F212006,"CIRCUITO DE FUERZA HASTA 50 AMP, TUBO PVC ¾",M.L.,F21,Instalacion electrica e iluminacion,F212,0,FHIS Manual de Rendimientos 2003-11 (Cred. BM 3443-HO),2003
F212007,"CIRCUITO DE FUER. HASTA 65 AMP, POLIDUCTO 1""",M.L.,F21,Instalacion electrica e iluminacion,F212,0,FHIS Manual de Rendimientos 2003-11 (Cred. BM 3443-HO),2003
F212008,"CIRCUITO DE FUERZA HASTA 65 AMP, TUBO PVC 1""",M.L.,F21,Instalacion electrica e iluminacion,F212,0,FHIS Manual de Rendimientos 2003-11 (Cred. BM 3443-HO),2003
F212009,"CIRCUITO DE FUER. HASTA 65 AMP, TUBO EMT 1""",M.L.,F21,Instalacion electrica e iluminacion,F212,0,FHIS Manual de Rendimientos 2003-11 (Cred. BM 3443-HO),2003
F212010,"CIRCUITO DE FUERZA HASTA 35 AMP, TUBO EMT ¾",M.L.,F21,Instalacion electrica e iluminacion,F212,0,FHIS Manual de Rendimientos 2003-11 (Cred. BM 3443-HO),2003
F212011,CIRCUITO DE FUER. HASTA 35 AMP.PVC ELEC 3/4,M.L.,F21,Instalacion electrica e iluminacion,F212,0,FHIS Manual de Rendimientos 2003-11 (Cred. BM 3443-HO),2003
F212012,CIRCUITO DE FUER. HASTA 35 AMP.POLIDUCTO 3/4,M.L.,F21,Instalacion electrica e iluminacion,F212,0,FHIS Manual de Rendimientos 2003-11 (Cred. BM 3443-HO),2003
F212013,CIRCUITO DE FUERZA DE 30 AMP SIN TUBO,ML,F21,Instalacion electrica e iluminacion,F212,0,FHIS Manual de Rendimientos 2003-11 (Cred. BM 3443-HO),2003
F212014,"CIRCUITO DE FUERZA DE 30 AMP, TUBERIA EMT DE 3/4""",ML,F21,Instalacion electrica e iluminacion,F212,0,FHIS Manual de Rendimientos 2003-11 (Cred. BM 3443-HO),2003
F212015,"CIRCUITO DE FUERZA DE 30 AMP. POLIDUCTO DE 3/4""",ML,F21,Instalacion electrica e iluminacion,F212,0,FHIS Manual de Rendimientos 2003-11 (Cred. BM 3443-HO),2003
F212016,"CIRCUITO DE FUERZA HASTA 50 AMP, POLIDUCTO DE ¾”",ML,F21,Instalacion electrica e iluminacion,F212,0,FHIS Manual de Rendimientos 2003-11 (Cred. BM 3443-HO),2003
F212017,"CIRCUITO DE FUERZA HASTA 20 AMP., POLIDUCTO 3/4",ML,F21,Instalacion electrica e iluminacion,F212,0,FHIS Manual de Rendimientos 2003-11 (Cred. BM 3443-HO),2003
F213001,CENTRO DE CARGA DE 4 ESPACIOS,UND,F21,Instalacion electrica e iluminacion,F213,0,FHIS Manual de Rendimientos 2003-11 (Cred. BM 3443-HO),2003
F213002,CENTRO DE CARGA DE 6 ESPACIOS,UND,F21,Instalacion electrica e iluminacion,F213,0,FHIS Manual de Rendimientos 2003-11 (Cred. BM 3443-HO),2003
F213003,CENTRO DE CARGA DE 8 ESPACIOS,UND,F21,Instalacion electrica e iluminacion,F213,0,FHIS Manual de Rendimientos 2003-11 (Cred. BM 3443-HO),2003
F213004,CENTRO DE CARGA DE 12 ESPACIOS,UND,F21,Instalacion electrica e iluminacion,F213,0,FHIS Manual de Rendimientos 2003-11 (Cred. BM 3443-HO),2003
F213005,CENTRO DE CARGA DE 24 ESPACIOS,UND,F21,Instalacion electrica e iluminacion,F213,0,FHIS Manual de Rendimientos 2003-11 (Cred. BM 3443-HO),2003
F213006,CENTRO DE CARGA DE 42 ESPACIOS,UND,F21,Instalacion electrica e iluminacion,F213,0,FHIS Manual de Rendimientos 2003-11 (Cred. BM 3443-HO),2003
F213007,CENTRO DE CARGA DE 2 ESPACIOS,UND,F21,Instalacion electrica e iluminacion,F213,0,FHIS Manual de Rendimientos 2003-11 (Cred. BM 3443-HO),2003
F213008,CENTRO DE CARGA DE 8 ESPACIOS,UND,F21,Instalacion electrica e iluminacion,F213,0,FHIS Manual de Rendimientos 2003-11 (Cred. BM 3443-HO),2003
F214001,"ACOMETIDA ELECTRICA 2 # 2/0, 1 # 1/0(INHABILITADA)",ML,F21,Instalacion electrica e iluminacion,F214,1,FHIS Manual de Rendimientos 2003-11 (Cred. BM 3443-HO),2003
F214002,"ACOMETIDA ELEC. CABLE THW2#6, 1THW #8(INHABILITAD)",M.L.,F21,Instalacion electrica e iluminacion,F214,0,FHIS Manual de Rendimientos 2003-11 (Cred. BM 3443-HO),2003
F214003,INHABILITADA(*),ML,F21,Instalacion electrica e iluminacion,F214,1,FHIS Manual de Rendimientos 2003-11 (Cred. BM 3443-HO),2003
F214004,"ACOMETIDA ELECTRICA 2# 2/0, 1# 1/0",ML,F21,Instalacion electrica e iluminacion,F214,0,FHIS Manual de Rendimientos 2003-11 (Cred. BM 3443-HO),2003
F214005,"ACOMETIDA ELECT. CABLE 2THW #6,I THW #8, EMT 1/2""",ML,F21,Instalacion electrica e iluminacion,F214,0,FHIS Manual de Rendimientos 2003-11 (Cred. BM 3443-HO),2003
F214006,ACOMETIDA ELECTRICA AEREA CABLE TRIPLEX #6,ML,F21,Instalacion electrica e iluminacion,F214,0,FHIS Manual de Rendimientos 2003-11 (Cred. BM 3443-HO),2003
F215001,TOMA CORRIENTE PARA AIRE ACONDICIONADO /CC PROXIMO,UND,F21,Instalacion electrica e iluminacion,F215,0,FHIS Manual de Rendimientos 2003-11 (Cred. BM 3443-HO),2003
F215002,TOMA CORRIENTE DOBLE POLARIZADO(INHABILITADA),UND,F21,Instalacion electrica e iluminacion,F215,1,FHIS Manual de Rendimientos 2003-11 (Cred. BM 3443-HO),2003
F215003,TOMA CORRIENTE PARA ESTUFA,UND,F21,Instalacion electrica e iluminacion,F215,0,FHIS Manual de Rendimientos 2003-11 (Cred. BM 3443-HO),2003
F215004,TOMA CORRIENTE SOLDADORA 50 AMPERIOS,M.L.,F21,Instalacion electrica e iluminacion,F215,0,FHIS Manual de Rendimientos 2003-11 (Cred. BM 3443-HO),2003
F215005,TOMA CORRIENTE PARA INTEMPERIE,UND,F21,Instalacion electrica e iluminacion,F215,0,FHIS Manual de Rendimientos 2003-11 (Cred. BM 3443-HO),2003
F215006,TOMA CORRIENTE DOBLE POLARIZADO,UND,F21,Instalacion electrica e iluminacion,F215,0,FHIS Manual de Rendimientos 2003-11 (Cred. BM 3443-HO),2003
F215007,TOMA CORRIENTE DOBLE POLARIZADO,UND,F21,Instalacion electrica e iluminacion,F215,0,FHIS Manual de Rendimientos 2003-11 (Cred. BM 3443-HO),2003
F216001,INTERRUPTOR SENCILLO,UNID,F21,Instalacion electrica e iluminacion,F216,0,FHIS Manual de Rendimientos 2003-11 (Cred. BM 3443-HO),2003
F216002,INTERRUPTOR DOBLE,UND,F21,Instalacion electrica e iluminacion,F216,0,FHIS Manual de Rendimientos 2003-11 (Cred. BM 3443-HO),2003
F216003,INTERRUPTOR VAIVEN SENCILLO,UND,F21,Instalacion electrica e iluminacion,F216,0,FHIS Manual de Rendimientos 2003-11 (Cred. BM 3443-HO),2003
F216004,INTERRUPTOR VAIVEN DOBLE,UND,F21,Instalacion electrica e iluminacion,F216,0,FHIS Manual de Rendimientos 2003-11 (Cred. BM 3443-HO),2003
F216005,INTERRUPTOR TRIPLE EMPOTRADO (SUM/INST),UND,F21,Instalacion electrica e iluminacion,F216,0,FHIS Manual de Rendimientos 2003-11 (Cred. BM 3443-HO),2003
F217001,"LAMPARA FLUORECENTE 1 X 40WX48"" (SUM/INST)",UND,F21,Instalacion electrica e iluminacion,F217,0,FHIS Manual de Rendimientos 2003-11 (Cred. BM 3443-HO),2003
F217002,LAMPARA INCANDESCENTE (SUM/INST),UND,F21,Instalacion electrica e iluminacion,F217,0,FHIS Manual de Rendimientos 2003-11 (Cred. BM 3443-HO),2003
F217003,"LAMPARA FLUORECENTE 2 X 40WX48"" (SUM/INST)",UND,F21,Instalacion electrica e iluminacion,F217,0,FHIS Manual de Rendimientos 2003-11 (Cred. BM 3443-HO),2003
F217004,LAMPARA FLUORECENTE 4 X 40W (SUM/INST),UND,F21,Instalacion electrica e iluminacion,F217,0,FHIS Manual de Rendimientos 2003-11 (Cred. BM 3443-HO),2003
F217005,LAMPARA CON VENTILADOR (SUM/INST),M.L.,F21,Instalacion electrica e iluminacion,F217,0,FHIS Manual de Rendimientos 2003-11 (Cred. BM 3443-HO),2003
F217006,BASE PARA REFLECTOR 2 X 100 WATTS,UNIDA,F21,Instalacion electrica e iluminacion,F217,0,FHIS Manual de Rendimientos 2003-11 (Cred. BM 3443-HO),2003
F217007,LAMP. FLUOR 2X40 W EMPOTRADA CON DIFUSOR(SUM/INST),UNIDA,F21,Instalacion electrica e iluminacion,F217,0,FHIS Manual de Rendimientos 2003-11 (Cred. BM 3443-HO),2003
F217008,LAMP. FLUOR 4X40 W EMPOTRADA CON DIFUSOR(SUM/INST),UND,F21,Instalacion electrica e iluminacion,F217,0,FHIS Manual de Rendimientos 2003-11 (Cred. BM 3443-HO),2003
F217009,LUMINARIA FLUORESCENTE 2X59W,UND,F21,Instalacion electrica e iluminacion,F217,0,FHIS Manual de Rendimientos 2003-11 (Cred. BM 3443-HO),2003
F217010,LUMINARIA FLUORESCENTE 2X32W,UND,F21,Instalacion electrica e iluminacion,F217,0,FHIS Manual de Rendimientos 2003-11 (Cred. BM 3443-HO),2003
F217011,LUMINARIA FLUORESCENTE 2X19W,UND,F21,Instalacion electrica e iluminacion,F217,0,FHIS Manual de Rendimientos 2003-11 (Cred. BM 3443-HO),2003
F217012,"LUMINARIA TIPO REFLECTOR 1000W,240V",UND,F21,Instalacion electrica e iluminacion,F217,0,FHIS Manual de Rendimientos 2003-11 (Cred. BM 3443-HO),2003
F217013,"LUMINARIA TIPO REFLECTOR 400 W, 240V",UND,F21,Instalacion electrica e iluminacion,F217,0,FHIS Manual de Rendimientos 2003-11 (Cred. BM 3443-HO),2003
F217014,"LUMINARIA TIPO REFLECTOR 250 W, 240 V",UND,F21,Instalacion electrica e iluminacion,F217,0,FHIS Manual de Rendimientos 2003-11 (Cred. BM 3443-HO),2003
F217015,"LAMPARA FLUORESCENTE 2X96"" (SUM. E INST.)",UND,F21,Instalacion electrica e iluminacion,F217,0,FHIS Manual de Rendimientos 2003-11 (Cred. BM 3443-HO),2003
F217016,LAMPARA FLUORESCENTE DE 2X40 (INSTALACION),UND,F21,Instalacion electrica e iluminacion,F217,0,FHIS Manual de Rendimientos 2003-11 (Cred. BM 3443-HO),2003
F217017,REFLECTOR DOBLE/BASE DE ALUMINIO 100W(SUM/INST),UND,F21,Instalacion electrica e iluminacion,F217,0,FHIS Manual de Rendimientos 2003-11 (Cred. BM 3443-HO),2003
F218001,COMUNICACION,DIA,F21,Instalacion electrica e iluminacion,F218,0,FHIS Manual de Rendimientos 2003-11 (Cred. BM 3443-HO),2003
F218501,"AIRE ACONDICIONADO DE 60,000 BTU/C. SUM/INST.",UND,F21,Instalacion electrica e iluminacion,F218,0,FHIS Manual de Rendimientos 2003-11 (Cred. BM 3443-HO),2003
F219001,BASE PARA CONTADOR (100 AMPERIOS)(INHABILITADA),UNID,F21,Instalacion electrica e iluminacion,F219,1,FHIS Manual de Rendimientos 2003-11 (Cred. BM 3443-HO),2003
F219002,BASE PARA CONTADOR (200 AMPERIOS)(INHABILITADA),UNID,F21,Instalacion electrica e iluminacion,F219,1,FHIS Manual de Rendimientos 2003-11 (Cred. BM 3443-HO),2003
F219003,"BASE CONTADOR 200AMP,MONOFASICO(CEB)(INHABILITADA)",GLB,F21,Instalacion electrica e iluminacion,F219,1,FHIS Manual de Rendimientos 2003-11 (Cred. BM 3443-HO),2003
F219004,BASE PARA CONTADOR (100 AMPERIOS,UND,F21,Instalacion electrica e iluminacion,F219,0,FHIS Manual de Rendimientos 2003-11 (Cred. BM 3443-HO),2003
F219005,BASE PARA CONTADOR (200 AMPERIOS),UND,F21,Instalacion electrica e iluminacion,F219,0,FHIS Manual de Rendimientos 2003-11 (Cred. BM 3443-HO),2003
F219006,BASE PARA CONTADOR (200 AMP) MONOFASICO (CEB),UND,F21,Instalacion electrica e iluminacion,F219,0,FHIS Manual de Rendimientos 2003-11 (Cred. BM 3443-HO),2003
F221001,TRAGANTE HORIZONTAL A.LL. 0.75X1.10X1.75m,UND,F22,"Drenaje pluvial (tragantes, bajantes)",F221,0,FHIS Manual de Rendimientos 2003-11 (Cred. BM 3443-HO),2003
F221002,TRAGANTE HORIZONTAL AGUAS LLUVIAS 0.75X2.00X1.75,UNID,F22,"Drenaje pluvial (tragantes, bajantes)",F221,0,FHIS Manual de Rendimientos 2003-11 (Cred. BM 3443-HO),2003
F221003,"TRAGANTE DE MAMPOSTERIA P/ TUB DE 24""(INHABILITA",ML,F22,"Drenaje pluvial (tragantes, bajantes)",F221,0,FHIS Manual de Rendimientos 2003-11 (Cred. BM 3443-HO),2003
F223001,"BAJANTE P/AGUAS LLUVIAS P.V.C 4""",M.L.,F22,"Drenaje pluvial (tragantes, bajantes)",F223,0,FHIS Manual de Rendimientos 2003-11 (Cred. BM 3443-HO),2003
F223002,"BAJANTE P/AGUAS LLUVIAS P.V.C 3""",M.L.,F22,"Drenaje pluvial (tragantes, bajantes)",F223,0,FHIS Manual de Rendimientos 2003-11 (Cred. BM 3443-HO),2003
F223003,"BAJANTE DE AGUA LLUVIA TUB. 3"" H=3.0 m",UNID,F22,"Drenaje pluvial (tragantes, bajantes)",F223,0,FHIS Manual de Rendimientos 2003-11 (Cred. BM 3443-HO),2003
F223004,CANAL DE AGUA LLUVIAS PVC,ML,F22,"Drenaje pluvial (tragantes, bajantes)",F223,0,FHIS Manual de Rendimientos 2003-11 (Cred. BM 3443-HO),2003
F224001,DISIPADORES DE MAMPOSTERIA,M3,F22,"Drenaje pluvial (tragantes, bajantes)",F224,0,FHIS Manual de Rendimientos 2003-11 (Cred. BM 3443-HO),2003
F231001,CAJA DE VALVULAS (AIRE/LIMP) 0.4X0.4X0.6 NETO,UNID,F23,"Valvulas, impermeabilizacion y obra de concreto hidraulica",F231,0,FHIS Manual de Rendimientos 2003-11 (Cred. BM 3443-HO),2003
F231002,CAJA VALVULA (AIRE/LIMP.) 0.6X0.6X0.8 AREA NETA,UNID,F23,"Valvulas, impermeabilizacion y obra de concreto hidraulica",F231,0,FHIS Manual de Rendimientos 2003-11 (Cred. BM 3443-HO),2003
F231003,CAJA VALVULA (AIRE/LIMP.) 0.6X0.35m,UND,F23,"Valvulas, impermeabilizacion y obra de concreto hidraulica",F231,0,FHIS Manual de Rendimientos 2003-11 (Cred. BM 3443-HO),2003
F231004,CAJA DE VALVULA 0.70X0.60X0.30,UND,F23,"Valvulas, impermeabilizacion y obra de concreto hidraulica",F231,0,FHIS Manual de Rendimientos 2003-11 (Cred. BM 3443-HO),2003
F232001,IMPERMEABILIZACION ( APLICADA CON BROCHA),M2,F23,"Valvulas, impermeabilizacion y obra de concreto hidraulica",F232,0,FHIS Manual de Rendimientos 2003-11 (Cred. BM 3443-HO),2003
F232003,REJILLA METALICA PARA PRESA,UNID,F23,"Valvulas, impermeabilizacion y obra de concreto hidraulica",F232,0,FHIS Manual de Rendimientos 2003-11 (Cred. BM 3443-HO),2003
F232004,DESVIO DE FUENTE P/O.T. CON PEONES,GLB,F23,"Valvulas, impermeabilizacion y obra de concreto hidraulica",F232,0,FHIS Manual de Rendimientos 2003-11 (Cred. BM 3443-HO),2003
F232005,PANTALLA DRENAJE EN CAJA TOMA,UNID,F23,"Valvulas, impermeabilizacion y obra de concreto hidraulica",F232,0,FHIS Manual de Rendimientos 2003-11 (Cred. BM 3443-HO),2003
F232006,"LOSA DE CONCRETO E=10cms, No. 2 A/C 20 CMS A/S",M2,F23,"Valvulas, impermeabilizacion y obra de concreto hidraulica",F232,0,FHIS Manual de Rendimientos 2003-11 (Cred. BM 3443-HO),2003
F232007,PARED REFORZADA DE LADRILLO RAFON No.2,M2,F23,"Valvulas, impermeabilizacion y obra de concreto hidraulica",F232,0,FHIS Manual de Rendimientos 2003-11 (Cred. BM 3443-HO),2003
F232008,TAPADERA DE CONCRETO 0.7X0.7,UNID,F23,"Valvulas, impermeabilizacion y obra de concreto hidraulica",F232,0,FHIS Manual de Rendimientos 2003-11 (Cred. BM 3443-HO),2003
F232009,"REJILLA DE VARILLA DE 1/2""",M2,F23,"Valvulas, impermeabilizacion y obra de concreto hidraulica",F232,0,FHIS Manual de Rendimientos 2003-11 (Cred. BM 3443-HO),2003
F232010,"CAJA DE REGISTRO, TOMA Y ZANJA FILTRANTE",UNID,F23,"Valvulas, impermeabilizacion y obra de concreto hidraulica",F232,0,FHIS Manual de Rendimientos 2003-11 (Cred. BM 3443-HO),2003
F232011,PERFORACION DE TUBO PVC,ML,F23,"Valvulas, impermeabilizacion y obra de concreto hidraulica",F232,0,FHIS Manual de Rendimientos 2003-11 (Cred. BM 3443-HO),2003
F232012,"RELLENO DE MATERIAL FILTRANTE GRAVA 3/4"" A 3""",M3,F23,"Valvulas, impermeabilizacion y obra de concreto hidraulica",F232,0,FHIS Manual de Rendimientos 2003-11 (Cred. BM 3443-HO),2003
F232013,CAJA DE CAPTACION EN ZANJA DE FILTRACION,UNID,F23,"Valvulas, impermeabilizacion y obra de concreto hidraulica",F232,0,FHIS Manual de Rendimientos 2003-11 (Cred. BM 3443-HO),2003
F232014,TANQUILLA CONCRETO,UNID,F23,"Valvulas, impermeabilizacion y obra de concreto hidraulica",F232,0,FHIS Manual de Rendimientos 2003-11 (Cred. BM 3443-HO),2003
F233001,LOSA DE CONCRETO E= 8 cms. No. 3 A/C 25 cms A/S,M2,F23,"Valvulas, impermeabilizacion y obra de concreto hidraulica",F233,0,FHIS Manual de Rendimientos 2003-11 (Cred. BM 3443-HO),2003
F233002,LOSETA DE TIPO1,M.L.,F23,"Valvulas, impermeabilizacion y obra de concreto hidraulica",F233,0,FHIS Manual de Rendimientos 2003-11 (Cred. BM 3443-HO),2003
F233003,LOSETA DE TIPO T2,M.L.,F23,"Valvulas, impermeabilizacion y obra de concreto hidraulica",F233,0,FHIS Manual de Rendimientos 2003-11 (Cred. BM 3443-HO),2003
F233004,CANAL DE SALIDA DESARENADOR,UNID,F23,"Valvulas, impermeabilizacion y obra de concreto hidraulica",F233,0,FHIS Manual de Rendimientos 2003-11 (Cred. BM 3443-HO),2003
F233005,PANTALLA DIFUSORA,UNID,F23,"Valvulas, impermeabilizacion y obra de concreto hidraulica",F233,0,FHIS Manual de Rendimientos 2003-11 (Cred. BM 3443-HO),2003
F233006,LOSA DE CONCRETO E= 7 cms.,M2,F23,"Valvulas, impermeabilizacion y obra de concreto hidraulica",F233,0,FHIS Manual de Rendimientos 2003-11 (Cred. BM 3443-HO),2003
F233007,TAPADERA DE CONCRETO CAJA DE VALVULA,UNID,F23,"Valvulas, impermeabilizacion y obra de concreto hidraulica",F233,0,FHIS Manual de Rendimientos 2003-11 (Cred. BM 3443-HO),2003
F233008,CASQUETE CAJA DE VALVULA,ML,F23,"Valvulas, impermeabilizacion y obra de concreto hidraulica",F233,0,FHIS Manual de Rendimientos 2003-11 (Cred. BM 3443-HO),2003
F233009,PARED REFORZADA DE LADRILLO RAFON No. 3 A/C 30cms,M2,F23,"Valvulas, impermeabilizacion y obra de concreto hidraulica",F233,0,FHIS Manual de Rendimientos 2003-11 (Cred. BM 3443-HO),2003
F234001,LOSA PARA TAPADERAS EN CAJAS DE VALVULAS,M2,F23,"Valvulas, impermeabilizacion y obra de concreto hidraulica",F234,0,FHIS Manual de Rendimientos 2003-11 (Cred. BM 3443-HO),2003
F234002,PARED REFORZADO CON LADRILLO RAFON 2No 2 Y ANILLOS,M2,F23,"Valvulas, impermeabilizacion y obra de concreto hidraulica",F234,0,FHIS Manual de Rendimientos 2003-11 (Cred. BM 3443-HO),2003
F234003,PISO DE LADRILLO RAFON #2 A 16 cms.,m2,F23,"Valvulas, impermeabilizacion y obra de concreto hidraulica",F234,0,FHIS Manual de Rendimientos 2003-11 (Cred. BM 3443-HO),2003
F234004,"PARED DE LADRILLO RAFON REFORZADO. TAN. 5-25,0000",M2,F23,"Valvulas, impermeabilizacion y obra de concreto hidraulica",F234,0,FHIS Manual de Rendimientos 2003-11 (Cred. BM 3443-HO),2003
F234005,"LOSA CONCRETO TANQUE SUPERFICIAL DE 5,000-10,000",M2,F23,"Valvulas, impermeabilizacion y obra de concreto hidraulica",F234,0,FHIS Manual de Rendimientos 2003-11 (Cred. BM 3443-HO),2003
F234006,LOSA DE CONCRETO TANQUE SUPERFICIAL DE 15000-25000,M2,F23,"Valvulas, impermeabilizacion y obra de concreto hidraulica",F234,0,FHIS Manual de Rendimientos 2003-11 (Cred. BM 3443-HO),2003
F234007,"TAPADERA METALICA TANQUE 25,000-5,000 GLS.",GLB,F23,"Valvulas, impermeabilizacion y obra de concreto hidraulica",F234,0,FHIS Manual de Rendimientos 2003-11 (Cred. BM 3443-HO),2003
F234008,GRADAS DE INSPECCION TANQUES,ML,F23,"Valvulas, impermeabilizacion y obra de concreto hidraulica",F234,0,FHIS Manual de Rendimientos 2003-11 (Cred. BM 3443-HO),2003
F234009,"VENTILAS PARA TANQUE 5,000-20,000",UNID,F23,"Valvulas, impermeabilizacion y obra de concreto hidraulica",F234,0,FHIS Manual de Rendimientos 2003-11 (Cred. BM 3443-HO),2003
F234010,"VENTILA PARA TANQUE 25,000 GLS.",UNID,F23,"Valvulas, impermeabilizacion y obra de concreto hidraulica",F234,0,FHIS Manual de Rendimientos 2003-11 (Cred. BM 3443-HO),2003
F234011,"ZAPATA AISLADA 1.80X1.80X0.50m,11#6@16cm,CON 1:2:2",UNID,F23,"Valvulas, impermeabilizacion y obra de concreto hidraulica",F234,0,FHIS Manual de Rendimientos 2003-11 (Cred. BM 3443-HO),2003
F234012,"COLUMNA DE CONCRETO TANQUE ELEV. 10,000 GLNS",M.L.,F23,"Valvulas, impermeabilizacion y obra de concreto hidraulica",F234,0,FHIS Manual de Rendimientos 2003-11 (Cred. BM 3443-HO),2003
F234013,"VIGA V-1 TANQUE ELEV. 10,000.00 GLNS",M.L.,F23,"Valvulas, impermeabilizacion y obra de concreto hidraulica",F234,0,FHIS Manual de Rendimientos 2003-11 (Cred. BM 3443-HO),2003
F234014,"VIGA V-2 TANQUE ELEV. 10,000 GLNS",M.L.,F23,"Valvulas, impermeabilizacion y obra de concreto hidraulica",F234,0,FHIS Manual de Rendimientos 2003-11 (Cred. BM 3443-HO),2003
F234015,"VIGA V-3 TANQUE ELEV. 10,000 GLNS",M.L.,F23,"Valvulas, impermeabilizacion y obra de concreto hidraulica",F234,0,FHIS Manual de Rendimientos 2003-11 (Cred. BM 3443-HO),2003
F234016,"LOSA INFERIOR e=15cm, PARA TANQUE",M2,F23,"Valvulas, impermeabilizacion y obra de concreto hidraulica",F234,0,FHIS Manual de Rendimientos 2003-11 (Cred. BM 3443-HO),2003
F234017,"PARED DE CONCRETO REFORZADO e=0.15m,P/TANQUE",M2,F23,"Valvulas, impermeabilizacion y obra de concreto hidraulica",F234,0,FHIS Manual de Rendimientos 2003-11 (Cred. BM 3443-HO),2003
F234018,"LOSA SUPERIOR CONCRETO,REFORZADA e=0.10m, P/TANQUE",M2,F23,"Valvulas, impermeabilizacion y obra de concreto hidraulica",F234,0,FHIS Manual de Rendimientos 2003-11 (Cred. BM 3443-HO),2003
F234019,TAPADERA DE CONCRETO TANQUE ELEVADO,UNID,F23,"Valvulas, impermeabilizacion y obra de concreto hidraulica",F234,0,FHIS Manual de Rendimientos 2003-11 (Cred. BM 3443-HO),2003
F234020,BARANDAL DE TUBO HG P/TANQUE ELEVEVADO,M.L.,F23,"Valvulas, impermeabilizacion y obra de concreto hidraulica",F234,0,FHIS Manual de Rendimientos 2003-11 (Cred. BM 3443-HO),2003
F234021,ESCALERA DE HG PARA TANQUE ELEVADO,M.L.,F23,"Valvulas, impermeabilizacion y obra de concreto hidraulica",F234,0,FHIS Manual de Rendimientos 2003-11 (Cred. BM 3443-HO),2003
F234022,ACCESORIOS EN HIPOCLORADOR,GLB,F23,"Valvulas, impermeabilizacion y obra de concreto hidraulica",F234,0,FHIS Manual de Rendimientos 2003-11 (Cred. BM 3443-HO),2003
F234023,TANQUE DE 200 GALONES,UND,F23,"Valvulas, impermeabilizacion y obra de concreto hidraulica",F234,0,FHIS Manual de Rendimientos 2003-11 (Cred. BM 3443-HO),2003
F234024,TANQUE DE 2500 LITROS (SUM/INST),UND,F23,"Valvulas, impermeabilizacion y obra de concreto hidraulica",F234,0,FHIS Manual de Rendimientos 2003-11 (Cred. BM 3443-HO),2003
F234025,"LOSA NERVADA , BLOQUE DE 15 CMS, PERALTE 20 CMS",M2,F23,"Valvulas, impermeabilizacion y obra de concreto hidraulica",F234,0,FHIS Manual de Rendimientos 2003-11 (Cred. BM 3443-HO),2003
F235001,CAJA DE CONEXION DOMICILIARIA,UNID,F23,"Valvulas, impermeabilizacion y obra de concreto hidraulica",F235,0,FHIS Manual de Rendimientos 2003-11 (Cred. BM 3443-HO),2003
F236001,RECONOCIMIENTO CARTOGRAFICO DE CUENCA,KM,F23,"Valvulas, impermeabilizacion y obra de concreto hidraulica",F236,0,FHIS Manual de Rendimientos 2003-11 (Cred. BM 3443-HO),2003
F236002,CHAPEO PERIMETRAL/APLIC. HERBIC (2MTS. ANCHO),KM,F23,"Valvulas, impermeabilizacion y obra de concreto hidraulica",F236,0,FHIS Manual de Rendimientos 2003-11 (Cred. BM 3443-HO),2003
F236003,MAPA DE USOS RECOMENDADOS,PROY,F23,"Valvulas, impermeabilizacion y obra de concreto hidraulica",F236,0,FHIS Manual de Rendimientos 2003-11 (Cred. BM 3443-HO),2003
F236004,DOC.CAMBIO CATEGORIA MANEJO AREA PROD.AGUA,GLB,F23,"Valvulas, impermeabilizacion y obra de concreto hidraulica",F236,0,FHIS Manual de Rendimientos 2003-11 (Cred. BM 3443-HO),2003
F237001,CONCRETO PROPORCION 1;2;3 (INCLUYE ENCOFRADO),M3,F23,"Valvulas, impermeabilizacion y obra de concreto hidraulica",F237,0,FHIS Manual de Rendimientos 2003-11 (Cred. BM 3443-HO),2003
F238001,DESINFECCION DE TUBERIA,M.L.,F23,"Valvulas, impermeabilizacion y obra de concreto hidraulica",F238,0,FHIS Manual de Rendimientos 2003-11 (Cred. BM 3443-HO),2003
F238002,"PRUEBA HIDROSTATICA SISTEMA AGUA POTABLE 1/2"" A 6""",M.L.,F23,"Valvulas, impermeabilizacion y obra de concreto hidraulica",F238,0,FHIS Manual de Rendimientos 2003-11 (Cred. BM 3443-HO),2003
F238003,"PRUEBA HIDROSTATICA SISTEMA AGUA POTABLE 8"" A 15""",M.L.,F23,"Valvulas, impermeabilizacion y obra de concreto hidraulica",F238,0,FHIS Manual de Rendimientos 2003-11 (Cred. BM 3443-HO),2003
F238004,ANALISIS MICROBIOLOGICO DE AGUA,UNID,F23,"Valvulas, impermeabilizacion y obra de concreto hidraulica",F238,0,FHIS Manual de Rendimientos 2003-11 (Cred. BM 3443-HO),2003
F238005,ANALISIS PARA CALIDAD DE AGUA,UNID,F23,"Valvulas, impermeabilizacion y obra de concreto hidraulica",F238,0,FHIS Manual de Rendimientos 2003-11 (Cred. BM 3443-HO),2003
F238006,ANALISIS DE CONTAMINANTES QUIMICOS EN AGUA,UNID,F23,"Valvulas, impermeabilizacion y obra de concreto hidraulica",F238,0,FHIS Manual de Rendimientos 2003-11 (Cred. BM 3443-HO),2003
F238007,ANALISIS BACTERIOLOGICO DE AGUA,UNID,F23,"Valvulas, impermeabilizacion y obra de concreto hidraulica",F238,0,FHIS Manual de Rendimientos 2003-11 (Cred. BM 3443-HO),2003
F238008,ANALISIS FISICO QUIMICO BACTERIOLOGICO DE AGUA,UNID,F23,"Valvulas, impermeabilizacion y obra de concreto hidraulica",F238,0,FHIS Manual de Rendimientos 2003-11 (Cred. BM 3443-HO),2003
F238009,TRANSPORTE DE MUESTRAS CON AGUA,UNID,F23,"Valvulas, impermeabilizacion y obra de concreto hidraulica",F238,0,FHIS Manual de Rendimientos 2003-11 (Cred. BM 3443-HO),2003
F239001,"VALVULA COMPUERTA 1/2"" PARA PVC(SUM/INST)",UNID,F23,"Valvulas, impermeabilizacion y obra de concreto hidraulica",F239,0,FHIS Manual de Rendimientos 2003-11 (Cred. BM 3443-HO),2003
F239002,"VALVULA PASO CROMADA 1/2"" (SUM/INST)",UNID,F23,"Valvulas, impermeabilizacion y obra de concreto hidraulica",F239,0,FHIS Manual de Rendimientos 2003-11 (Cred. BM 3443-HO),2003
F239003,"VALVULA COMPUERTA DE 3/4"" PARA HG(SUM/INST)",UNID,F23,"Valvulas, impermeabilizacion y obra de concreto hidraulica",F239,0,FHIS Manual de Rendimientos 2003-11 (Cred. BM 3443-HO),2003
F239004,"VALVULA COMPUERTA DE 1"" PARA PVC(SUM/INST)",UNID,F23,"Valvulas, impermeabilizacion y obra de concreto hidraulica",F239,0,FHIS Manual de Rendimientos 2003-11 (Cred. BM 3443-HO),2003
F239005,"VALVULA COMPUERTA DE 1"" PARA HG(SUM/INST)",UNID,F23,"Valvulas, impermeabilizacion y obra de concreto hidraulica",F239,0,FHIS Manual de Rendimientos 2003-11 (Cred. BM 3443-HO),2003
F239006,"VALVULA COMPUERTA 1-1/2"" PARA PVC(SUM/INST)",UNID,F23,"Valvulas, impermeabilizacion y obra de concreto hidraulica",F239,0,FHIS Manual de Rendimientos 2003-11 (Cred. BM 3443-HO),2003
F239007,"VALVULA COMPUERTA 1-1/2"" PARA HG(SUM/INST)",UNID,F23,"Valvulas, impermeabilizacion y obra de concreto hidraulica",F239,0,FHIS Manual de Rendimientos 2003-11 (Cred. BM 3443-HO),2003
F239008,"VALVULA COMPUERTA DE 2"" PVC(INHABILITADA)",UNID,F23,"Valvulas, impermeabilizacion y obra de concreto hidraulica",F239,1,FHIS Manual de Rendimientos 2003-11 (Cred. BM 3443-HO),2003
F239009,"VALVULA COMPUERTA DE 2"" PARA HG(SUM/INST)",UNID,F23,"Valvulas, impermeabilizacion y obra de concreto hidraulica",F239,0,FHIS Manual de Rendimientos 2003-11 (Cred. BM 3443-HO),2003
F239010,"VALVULA COMPUERTA 2-1/2"" PARA HG(SUM/INST)",UNID,F23,"Valvulas, impermeabilizacion y obra de concreto hidraulica",F239,0,FHIS Manual de Rendimientos 2003-11 (Cred. BM 3443-HO),2003
F239011,"VALVULA COMPUERTA DE 3"" PARA PVC(SUM/INST)",UNID,F23,"Valvulas, impermeabilizacion y obra de concreto hidraulica",F239,0,FHIS Manual de Rendimientos 2003-11 (Cred. BM 3443-HO),2003
F239012,"VALVULA COMPUERTA DE 3"" PARA HG(SUM/INST)",UNID,F23,"Valvulas, impermeabilizacion y obra de concreto hidraulica",F239,0,FHIS Manual de Rendimientos 2003-11 (Cred. BM 3443-HO),2003
F239013,"VALVULA COMPUERTA DE 4"" PARA PVC(SUM/INST)",UNID,F23,"Valvulas, impermeabilizacion y obra de concreto hidraulica",F239,0,FHIS Manual de Rendimientos 2003-11 (Cred. BM 3443-HO),2003
F239014,"VALVULA COMPUERTA DE 4"" PARA HG(SUM/INST)",UNID,F23,"Valvulas, impermeabilizacion y obra de concreto hidraulica",F239,0,FHIS Manual de Rendimientos 2003-11 (Cred. BM 3443-HO),2003
F239015,"VALVULA COMPUERTA DE 6"" PARA PVC(SUM/INST)",UNID,F23,"Valvulas, impermeabilizacion y obra de concreto hidraulica",F239,0,FHIS Manual de Rendimientos 2003-11 (Cred. BM 3443-HO),2003
F239016,"VALVULA COMPUERTA DE 6"" PARA HG(SUM/INST)",UNID,F23,"Valvulas, impermeabilizacion y obra de concreto hidraulica",F239,0,FHIS Manual de Rendimientos 2003-11 (Cred. BM 3443-HO),2003
F239022,"LLAVE SPITA DE 1/2"" PARA PVC(SUM/INST)",UNID,F23,"Valvulas, impermeabilizacion y obra de concreto hidraulica",F239,0,FHIS Manual de Rendimientos 2003-11 (Cred. BM 3443-HO),2003
F239023,"LLAVE SPITA DE 1/2"" PARA HG(SUM/INST)",UNID,F23,"Valvulas, impermeabilizacion y obra de concreto hidraulica",F239,0,FHIS Manual de Rendimientos 2003-11 (Cred. BM 3443-HO),2003
F239024,PERFORACION DE POZO,PL,F23,"Valvulas, impermeabilizacion y obra de concreto hidraulica",F239,0,FHIS Manual de Rendimientos 2003-11 (Cred. BM 3443-HO),2003
F250001,HORAS MAQUINA TRACTOR D-7,HORA,F25,"Horas maquina (tractor, equipo pesado)",F250,0,FHIS Manual de Rendimientos 2003-11 (Cred. BM 3443-HO),2003
F250002,HORAS MAQUINA EXCAVADORA,HORA,F25,"Horas maquina (tractor, equipo pesado)",F250,0,FHIS Manual de Rendimientos 2003-11 (Cred. BM 3443-HO),2003
F250003,HORAS MAQUINA EXCAVADORA DE ORUGA 790 ELC JD O SIM,HORA,F25,"Horas maquina (tractor, equipo pesado)",F250,0,FHIS Manual de Rendimientos 2003-11 (Cred. BM 3443-HO),2003
F250004,HORAS MAQUINA CARGADORA,HORA,F25,"Horas maquina (tractor, equipo pesado)",F250,0,FHIS Manual de Rendimientos 2003-11 (Cred. BM 3443-HO),2003
F250005,HORAS MAQUINA VOLQUETA DE 5M3,HORA,F25,"Horas maquina (tractor, equipo pesado)",F250,0,FHIS Manual de Rendimientos 2003-11 (Cred. BM 3443-HO),2003
F250006,HORAS MAQUINA MOTONIVELADORA 140 HP,HORA,F25,"Horas maquina (tractor, equipo pesado)",F250,0,FHIS Manual de Rendimientos 2003-11 (Cred. BM 3443-HO),2003
F250007,HORAS MAQUINA VIBROCOMPACTADORA,HORA,F25,"Horas maquina (tractor, equipo pesado)",F250,0,FHIS Manual de Rendimientos 2003-11 (Cred. BM 3443-HO),2003
F250008,HORAS MAQUINA TANQUE DE AGUA 2000 GLNS,HORAS,F25,"Horas maquina (tractor, equipo pesado)",F250,0,FHIS Manual de Rendimientos 2003-11 (Cred. BM 3443-HO),2003
F250009,HORAS MAQUINA TRACTOR D-6,HORA,F25,"Horas maquina (tractor, equipo pesado)",F250,0,FHIS Manual de Rendimientos 2003-11 (Cred. BM 3443-HO),2003
F250010,HORAS MAQUINA TRACTOR D – 8 K O EQUIVALENTE,HORA,F25,"Horas maquina (tractor, equipo pesado)",F250,0,FHIS Manual de Rendimientos 2003-11 (Cred. BM 3443-HO),2003
F250011,ALQUILER DE GENERADOR,DIA,F25,"Horas maquina (tractor, equipo pesado)",F250,0,FHIS Manual de Rendimientos 2003-11 (Cred. BM 3443-HO),2003
F260001,REMOCION Y CARGA DE MATERIAL CON RETROEXCAVADORA,M3,F26,Remocion y carga con maquinaria,F260,0,FHIS Manual de Rendimientos 2003-11 (Cred. BM 3443-HO),2003
F260002,MOVIMIENTO DE TIERRA CON TRACTOR D-6,M3,F26,Remocion y carga con maquinaria,F260,0,FHIS Manual de Rendimientos 2003-11 (Cred. BM 3443-HO),2003
F260003,CORTE DE MATERIAL CON TRACTOR D-6(INHABILITADA),M3,F26,Remocion y carga con maquinaria,F260,1,FHIS Manual de Rendimientos 2003-11 (Cred. BM 3443-HO),2003
F260004,CORTE / RELLENO Y COMPACTADO EN TERRACERIA,M3,F26,Remocion y carga con maquinaria,F260,0,FHIS Manual de Rendimientos 2003-11 (Cred. BM 3443-HO),2003
F260005,EXCAV. CON RETROEX. ( SUELO II ),M3,F26,Remocion y carga con maquinaria,F260,0,FHIS Manual de Rendimientos 2003-11 (Cred. BM 3443-HO),2003
F260006,BALASTEADO,M3,F26,Remocion y carga con maquinaria,F260,0,FHIS Manual de Rendimientos 2003-11 (Cred. BM 3443-HO),2003
F260007,EXCAVACION CON RETROEXCAVADORA SUELO TIPO I,M3,F26,Remocion y carga con maquinaria,F260,0,FHIS Manual de Rendimientos 2003-11 (Cred. BM 3443-HO),2003
F260008,BALASTADO Y CONFORMACION DE CALLES,M3,F26,Remocion y carga con maquinaria,F260,0,FHIS Manual de Rendimientos 2003-11 (Cred. BM 3443-HO),2003
F260009,EXCAVACION CON EXCAVADORA DE ORUGA SUELO TIPO I,M3,F26,Remocion y carga con maquinaria,F260,0,FHIS Manual de Rendimientos 2003-11 (Cred. BM 3443-HO),2003
F260010,"BOMBA ACHICADORA 4""",JDR,F26,Remocion y carga con maquinaria,F260,0,FHIS Manual de Rendimientos 2003-11 (Cred. BM 3443-HO),2003
F260011,"BOMBA ACHICADORA DE 2""",DIA,F26,Remocion y carga con maquinaria,F260,0,FHIS Manual de Rendimientos 2003-11 (Cred. BM 3443-HO),2003
F260012,COMPACTACION CON COMPACTADORA(SUB-RASANTE),M2,F26,Remocion y carga con maquinaria,F260,0,FHIS Manual de Rendimientos 2003-11 (Cred. BM 3443-HO),2003
F260013,CONFORMACION DE CALLE CON MOTONIVELADORA,M2,F26,Remocion y carga con maquinaria,F260,0,FHIS Manual de Rendimientos 2003-11 (Cred. BM 3443-HO),2003
F260014,CONFORMACION DE APROXIMACIONES,M2,F26,Remocion y carga con maquinaria,F260,0,FHIS Manual de Rendimientos 2003-11 (Cred. BM 3443-HO),2003
F260015,CORTE Y CONFORM.CON TRACTOR D-6 (TERRENO ROCOSO),M2,F26,Remocion y carga con maquinaria,F260,0,FHIS Manual de Rendimientos 2003-11 (Cred. BM 3443-HO),2003
F260016,CORTE CON TRACTOR D-6(TERRENO DURO)(INHABILITADA),M3,F26,Remocion y carga con maquinaria,F260,1,FHIS Manual de Rendimientos 2003-11 (Cred. BM 3443-HO),2003
F260017,"BALASTADO DE CALLE A=8 Mt, E=0.15 Mt",ML,F26,Remocion y carga con maquinaria,F260,0,FHIS Manual de Rendimientos 2003-11 (Cred. BM 3443-HO),2003
F260018,"BALASTADO DE CALLES A = 10 MT, E=0.15",ML,F26,Remocion y carga con maquinaria,F260,0,FHIS Manual de Rendimientos 2003-11 (Cred. BM 3443-HO),2003
F260019,"BALASTADO DE CALLES A = 11 MT, E = 0.15",ML,F26,Remocion y carga con maquinaria,F260,0,FHIS Manual de Rendimientos 2003-11 (Cred. BM 3443-HO),2003
F260020,"BALASTADO DE CALLES A=12.00 MT, E=0.15 MT",ML,F26,Remocion y carga con maquinaria,F260,0,FHIS Manual de Rendimientos 2003-11 (Cred. BM 3443-HO),2003
F260021,"ESCARIFICACION, CONFORMACION Y COMPACTACION",M2,F26,Remocion y carga con maquinaria,F260,0,FHIS Manual de Rendimientos 2003-11 (Cred. BM 3443-HO),2003
F260022,CORTE DE MATERIAL CON TRACTOR D-6,M3,F26,Remocion y carga con maquinaria,F260,0,FHIS Manual de Rendimientos 2003-11 (Cred. BM 3443-HO),2003
F260023,CORTE CON TRACTOR D-6 (TERRENO DURO),M3,F26,Remocion y carga con maquinaria,F260,0,FHIS Manual de Rendimientos 2003-11 (Cred. BM 3443-HO),2003
F260024,AFINAMIENTO DE SUB-RASANTE,M2,F26,Remocion y carga con maquinaria,F260,0,FHIS Manual de Rendimientos 2003-11 (Cred. BM 3443-HO),2003
F260025,SUMINISTRO Y COLOCACION DE SUB-BASE,M3,F26,Remocion y carga con maquinaria,F260,0,FHIS Manual de Rendimientos 2003-11 (Cred. BM 3443-HO),2003
F260026,CONFORMACION TIPO II,KM,F26,Remocion y carga con maquinaria,F260,0,FHIS Manual de Rendimientos 2003-11 (Cred. BM 3443-HO),2003
F260027,BALASTADO,M3,F26,Remocion y carga con maquinaria,F260,0,FHIS Manual de Rendimientos 2003-11 (Cred. BM 3443-HO),2003
F260028,CONFORMACION TIPO I,KM,F26,Remocion y carga con maquinaria,F260,0,FHIS Manual de Rendimientos 2003-11 (Cred. BM 3443-HO),2003
F270001,"INST. DE BAJANTE PVC DE 2"" INC. ACCES(INHABILITADA",UNIDA,F27,Bajantes PVC,F270,1,FHIS Manual de Rendimientos 2003-11 (Cred. BM 3443-HO),2003
F270002,REPELLO LETRINA ABONERA EMAS 1:6(INHABILITADA),M2,F27,Bajantes PVC,F270,1,FHIS Manual de Rendimientos 2003-11 (Cred. BM 3443-HO),2003
F270003,REPELLO Y PULIDO CISTERNA EMA (INCLUYE BROCAL),UNID,F27,Bajantes PVC,F270,0,FHIS Manual de Rendimientos 2003-11 (Cred. BM 3443-HO),2003
F270004,REPELLO Y PULIDO CISTERNA CIL. EMAS(INHABILITADA),UNID,F27,Bajantes PVC,F270,1,FHIS Manual de Rendimientos 2003-11 (Cred. BM 3443-HO),2003
F270005,TUBERIA PVC DE 1½” (POZO EMAS)(SUM/INST),M.L.,F27,Bajantes PVC,F270,0,FHIS Manual de Rendimientos 2003-11 (Cred. BM 3443-HO),2003
F270006,CASETA LETRINA EMAS INCL.CHIM. Y TAZA(INHABILITADA,UNID,F27,Bajantes PVC,F270,1,FHIS Manual de Rendimientos 2003-11 (Cred. BM 3443-HO),2003
F270007,CAJA DE REGISTRO TIPO EMAS,UNID,F27,Bajantes PVC,F270,0,FHIS Manual de Rendimientos 2003-11 (Cred. BM 3443-HO),2003
F270008,BOMBA P/CISTERNA EMAS PROFUNDIDAD 3m(INHABILITADA),UNID,F27,Bajantes PVC,F270,1,FHIS Manual de Rendimientos 2003-11 (Cred. BM 3443-HO),2003
F270009,FILTRO PARA CISTERNA EMAS,UNID,F27,Bajantes PVC,F270,0,FHIS Manual de Rendimientos 2003-11 (Cred. BM 3443-HO),2003
F270010,TANQUE ELEVADO EMAS,UNID,F27,Bajantes PVC,F270,0,FHIS Manual de Rendimientos 2003-11 (Cred. BM 3443-HO),2003
F270011,FILTRO SUMERGIBLE “EMAS”(INCL.EXC.),UNID,F27,Bajantes PVC,F270,0,FHIS Manual de Rendimientos 2003-11 (Cred. BM 3443-HO),2003
F270012,CONEXION DOMICILIARIA A LINEA DE DISTRIBUCION,UNID.,F27,Bajantes PVC,F270,0,FHIS Manual de Rendimientos 2003-11 (Cred. BM 3443-HO),2003
F270013,BOVEDA CISTERNA CILIN EMAS (1:3)(INHABILITADA),UNID,F27,Bajantes PVC,F270,1,FHIS Manual de Rendimientos 2003-11 (Cred. BM 3443-HO),2003
F270014,BROCAL CISTERNA EMAS CILIN.LIGA1:6REP(IHNABILITADA,UNID,F27,Bajantes PVC,F270,0,FHIS Manual de Rendimientos 2003-11 (Cred. BM 3443-HO),2003
F270016,POLIDUCTO DE ½” (SUMINISTRO),M.L.,F27,Bajantes PVC,F270,0,FHIS Manual de Rendimientos 2003-11 (Cred. BM 3443-HO),2003
F270017,POLIDUCTO DE ¾” (SUMINISTRO),M.L.,F27,Bajantes PVC,F270,0,FHIS Manual de Rendimientos 2003-11 (Cred. BM 3443-HO),2003
F270018,"POLIDUCTO DE 1"" (SUMINISTRO)",M.L.,F27,Bajantes PVC,F270,0,FHIS Manual de Rendimientos 2003-11 (Cred. BM 3443-HO),2003
F270019,CODO P.V.C. DE ½” Ø X90ª (SUM/INST),UNID,F27,Bajantes PVC,F270,0,FHIS Manual de Rendimientos 2003-11 (Cred. BM 3443-HO),2003
F270020,"CODO P.V.C. DE 1"" ØX90ª (SUM/INST)",UNID,F27,Bajantes PVC,F270,0,FHIS Manual de Rendimientos 2003-11 (Cred. BM 3443-HO),2003
F270021,HIPOCLORITO DE CALCIO (HTH),LB,F27,Bajantes PVC,F270,0,FHIS Manual de Rendimientos 2003-11 (Cred. BM 3443-HO),2003
F270022,COMPARADOR DE CLORO,UNID,F27,Bajantes PVC,F270,0,FHIS Manual de Rendimientos 2003-11 (Cred. BM 3443-HO),2003
F270023,TAPADERA CISTERNA CILIN EMAS (1:3)(INHABILITADA),UNID,F27,Bajantes PVC,F270,1,FHIS Manual de Rendimientos 2003-11 (Cred. BM 3443-HO),2003
F270024,CAMARA DE AIRE “EMAS”,UNID.,F27,Bajantes PVC,F270,0,FHIS Manual de Rendimientos 2003-11 (Cred. BM 3443-HO),2003
F270026,LAVATRASTO ARTESANAL 0.50 X 0.80 X 0.05(INHABILITA,UNID,F27,Bajantes PVC,F270,0,FHIS Manual de Rendimientos 2003-11 (Cred. BM 3443-HO),2003
F270027,"MAGUERA PLIOVIC MULTIUSOS DE 3/4"" (SUMINISTRO)",ML,F27,Bajantes PVC,F270,0,FHIS Manual de Rendimientos 2003-11 (Cred. BM 3443-HO),2003
F270028,RELLENO DE MATERIAL FILTRANTE RESUMIDERO,M3,F27,Bajantes PVC,F270,0,FHIS Manual de Rendimientos 2003-11 (Cred. BM 3443-HO),2003
F270029,DUCHA TIPO EMAS,UNID,F27,Bajantes PVC,F270,0,FHIS Manual de Rendimientos 2003-11 (Cred. BM 3443-HO),2003
F270030,SOBRECIMIENTO DE ADOBE LETRINA EMAS,UND,F27,Bajantes PVC,F270,0,FHIS Manual de Rendimientos 2003-11 (Cred. BM 3443-HO),2003
F270031,CONEXION CON UNA VALVULA DE PASO,UNID,F27,Bajantes PVC,F270,0,FHIS Manual de Rendimientos 2003-11 (Cred. BM 3443-HO),2003
F270032,SUMINISTRO E INST. DE CANAL PVC(INHABILITADA),ML,F27,Bajantes PVC,F270,1,FHIS Manual de Rendimientos 2003-11 (Cred. BM 3443-HO),2003
F270033,"BAJANTE PVC DE 2""",UND,F27,Bajantes PVC,F270,0,FHIS Manual de Rendimientos 2003-11 (Cred. BM 3443-HO),2003
F270034,CANAL DE PVC (SUM/INST),ML,F27,Bajantes PVC,F270,0,FHIS Manual de Rendimientos 2003-11 (Cred. BM 3443-HO),2003
F270035,BOMBA P/CISTERNA EMAS PROFUNDIDAD DE 3.00m,UND,F27,Bajantes PVC,F270,0,FHIS Manual de Rendimientos 2003-11 (Cred. BM 3443-HO),2003
F270036,REPELLO Y PULIDO CISTERNA CILINDRICA EMAS (1:4),UND,F27,Bajantes PVC,F270,0,FHIS Manual de Rendimientos 2003-11 (Cred. BM 3443-HO),2003
F270037,BROCAL CISTERNA EMAS CILINDRICA 1:6 LIGA Y REPELLO,UND,F27,Bajantes PVC,F270,0,FHIS Manual de Rendimientos 2003-11 (Cred. BM 3443-HO),2003
F270038,TAPADERA CISTERNA CILINDRICA EMAS (1:3),UND,F27,Bajantes PVC,F270,0,FHIS Manual de Rendimientos 2003-11 (Cred. BM 3443-HO),2003
F270039,BOVEDA CISTERNA CILINDRICA EMAS (1:3),UND,F27,Bajantes PVC,F270,0,FHIS Manual de Rendimientos 2003-11 (Cred. BM 3443-HO),2003
F270040,CASETA LETRINA EMAS (CHIMENEA Y TAZA MORTERO),UND,F27,Bajantes PVC,F270,0,FHIS Manual de Rendimientos 2003-11 (Cred. BM 3443-HO),2003
F270041,LAVATRASTO ARTESANAL 0.50X1.10X0.05(INCL.COLOCAC),UND,F27,Bajantes PVC,F270,0,FHIS Manual de Rendimientos 2003-11 (Cred. BM 3443-HO),2003
F270042,"CODO DE PVC DE 2"" X 90º (SUM/INST)",UND,F27,Bajantes PVC,F270,0,FHIS Manual de Rendimientos 2003-11 (Cred. BM 3443-HO),2003
F270043,REPELLO LETRINA ABONERA EMAS 1:6,M2,F27,Bajantes PVC,F270,0,FHIS Manual de Rendimientos 2003-11 (Cred. BM 3443-HO),2003
F270044,RESANE CON LECHADA DE CEMENTO(FILTRO O TANQUE)EMAS,UND,F27,Bajantes PVC,F270,0,FHIS Manual de Rendimientos 2003-11 (Cred. BM 3443-HO),2003
F270045,MATERIAL FILTRANTE (SUMINISTRO),UND,F27,Bajantes PVC,F270,0,FHIS Manual de Rendimientos 2003-11 (Cred. BM 3443-HO),2003
F270046,REVISION DE TUBERIAS Y BOMBA,VIVIE,F27,Bajantes PVC,F270,0,FHIS Manual de Rendimientos 2003-11 (Cred. BM 3443-HO),2003
F270047,TARIMA DE MADERA PARA FILTRO,UND,F27,Bajantes PVC,F270,0,FHIS Manual de Rendimientos 2003-11 (Cred. BM 3443-HO),2003
F270048,TARIMA DE MADERA PARA TANQUE,UND,F27,Bajantes PVC,F270,0,FHIS Manual de Rendimientos 2003-11 (Cred. BM 3443-HO),2003
F270049,BASE PARA LAVATRASTOS DE CONCRETO,UND,F27,Bajantes PVC,F270,0,FHIS Manual de Rendimientos 2003-11 (Cred. BM 3443-HO),2003
F281001,GRADAS DE MAMPOSTERIA HUELLA DE CONC. DIS. FHIS,M.L,F28,"Gradas, pasamanos y asta de bandera",F281,0,FHIS Manual de Rendimientos 2003-11 (Cred. BM 3443-HO),2003
F281002,ENCHAPE DE MAMPOSTERIA 50 CM DE ESPESOR,M2,F28,"Gradas, pasamanos y asta de bandera",F281,0,FHIS Manual de Rendimientos 2003-11 (Cred. BM 3443-HO),2003
F281003,"GRADAS DE CONCRETO HUELLA=30cm,CONTRAHUELLA=17.5cm",ML,F28,"Gradas, pasamanos y asta de bandera",F281,0,FHIS Manual de Rendimientos 2003-11 (Cred. BM 3443-HO),2003
F281004,DESCANSO DE GRADAS e= 17cm,M2,F28,"Gradas, pasamanos y asta de bandera",F281,0,FHIS Manual de Rendimientos 2003-11 (Cred. BM 3443-HO),2003
F281005,"GRADAS DE CONCRETO A=1.25m,HUELLA=30cm,CONTRA=15cm",M2,F28,"Gradas, pasamanos y asta de bandera",F281,0,FHIS Manual de Rendimientos 2003-11 (Cred. BM 3443-HO),2003
F281007,"GRADAS DE CONCRETO,H=30, CH=15, e=12cm,#3@12 A.S.",M2,F28,"Gradas, pasamanos y asta de bandera",F281,0,FHIS Manual de Rendimientos 2003-11 (Cred. BM 3443-HO),2003
F281008,GRADAS DE MADERA DE 1.40 M DE ANCHO,M.L.,F28,"Gradas, pasamanos y asta de bandera",F281,0,FHIS Manual de Rendimientos 2003-11 (Cred. BM 3443-HO),2003
F282001,"PASAMANOS DE HG 1"" H= 1 M. DE POSTES A/C 1 MT.",M.L.,F28,"Gradas, pasamanos y asta de bandera",F282,0,FHIS Manual de Rendimientos 2003-11 (Cred. BM 3443-HO),2003
F282002,"PASAMANOS HG 1-1/2"" ,1 MT. ALTO 1 C/50 Cm(Hor/Ver)",M.L.,F28,"Gradas, pasamanos y asta de bandera",F282,0,FHIS Manual de Rendimientos 2003-11 (Cred. BM 3443-HO),2003
F282003,BARANDAL DE TUBO INDUSTRIAL,M.L.,F28,"Gradas, pasamanos y asta de bandera",F282,0,FHIS Manual de Rendimientos 2003-11 (Cred. BM 3443-HO),2003
F282004,"PASAMANOS DE HG 2"" H=0.75, POSTES CADA 1.0MT",ML,F28,"Gradas, pasamanos y asta de bandera",F282,0,FHIS Manual de Rendimientos 2003-11 (Cred. BM 3443-HO),2003
F282005,"PASAMANOS HG 11/2"",PARALES@0.90m,ARRIOSTRE@0.50m",ML,F28,"Gradas, pasamanos y asta de bandera",F282,0,FHIS Manual de Rendimientos 2003-11 (Cred. BM 3443-HO),2003
F282006,"PASAMANOS HG 11/2"",PARALES@1.00m,ARRIOSTRE@0.50m",ML,F28,"Gradas, pasamanos y asta de bandera",F282,0,FHIS Manual de Rendimientos 2003-11 (Cred. BM 3443-HO),2003
F282007,"PASAMANOS HG 1 1/2"",PARALES@1.20m,ARRIOSTRE@0.50m",ML,F28,"Gradas, pasamanos y asta de bandera",F282,0,FHIS Manual de Rendimientos 2003-11 (Cred. BM 3443-HO),2003
F282008,"PASAMANOS HG 1 1/2"",P=0.90m,A=0.50m C/PRIMARIO",ML,F28,"Gradas, pasamanos y asta de bandera",F282,0,FHIS Manual de Rendimientos 2003-11 (Cred. BM 3443-HO),2003
F282009,"PASAMANOS HG 1 1/2"",P=1.00m,A=0.50m C/PRIMARIO",ML,F28,"Gradas, pasamanos y asta de bandera",F282,0,FHIS Manual de Rendimientos 2003-11 (Cred. BM 3443-HO),2003
F282010,"PASAMANOS HG 1 1/2"",P=1.20m, A=0.50m C/PRIMARIO",ML,F28,"Gradas, pasamanos y asta de bandera",F282,0,FHIS Manual de Rendimientos 2003-11 (Cred. BM 3443-HO),2003
F282011,"BARANDAL DE TUBO NEGRO 1 1/2"" Y TUBO IND. 3/4""",ML,F28,"Gradas, pasamanos y asta de bandera",F282,0,FHIS Manual de Rendimientos 2003-11 (Cred. BM 3443-HO),2003
F283001,ASTA DE BANDERA CON ASIENTO DE MAMPOSTERIA,UNID,F28,"Gradas, pasamanos y asta de bandera",F283,0,FHIS Manual de Rendimientos 2003-11 (Cred. BM 3443-HO),2003
F283002,PLACA Y AVISOS (2 EMISORAS Y 2 DIARIOS),PROY.,F28,"Gradas, pasamanos y asta de bandera",F283,0,FHIS Manual de Rendimientos 2003-11 (Cred. BM 3443-HO),2003
F283003,PLACA Y AVISOS,PROY.,F28,"Gradas, pasamanos y asta de bandera",F283,0,FHIS Manual de Rendimientos 2003-11 (Cred. BM 3443-HO),2003
F283004,AVISO RADIAL,PRO,F28,"Gradas, pasamanos y asta de bandera",F283,0,FHIS Manual de Rendimientos 2003-11 (Cred. BM 3443-HO),2003
F283005,PLACAS Y AVISOS PARA LICITACION,PROY.,F28,"Gradas, pasamanos y asta de bandera",F283,0,FHIS Manual de Rendimientos 2003-11 (Cred. BM 3443-HO),2003
F283006,REPRODUCCION DE DOCUMENTOS,EXPE.,F28,"Gradas, pasamanos y asta de bandera",F283,0,FHIS Manual de Rendimientos 2003-11 (Cred. BM 3443-HO),2003
F283007,MANUALES DE MANTENIMIENTO(SUMINISTRO),UNID,F28,"Gradas, pasamanos y asta de bandera",F283,0,FHIS Manual de Rendimientos 2003-11 (Cred. BM 3443-HO),2003
F283008,ROTULO FHIS METALICO 3’X8' INCLUYE PATAS,UNID,F28,"Gradas, pasamanos y asta de bandera",F283,0,FHIS Manual de Rendimientos 2003-11 (Cred. BM 3443-HO),2003
F283009,ROTULO FHIS (2X1.2) PINT. EN PARED SIN REP. (INHAB,UNID,F28,"Gradas, pasamanos y asta de bandera",F283,0,FHIS Manual de Rendimientos 2003-11 (Cred. BM 3443-HO),2003
F283010,ROTULO FHIS (2X1.2) PINT. EN PARED REP. (INHAB.),UNID,F28,"Gradas, pasamanos y asta de bandera",F283,0,FHIS Manual de Rendimientos 2003-11 (Cred. BM 3443-HO),2003
F283011,ROTULO FHIS METALICO (INHABILITADO),UNID,F28,"Gradas, pasamanos y asta de bandera",F283,0,FHIS Manual de Rendimientos 2003-11 (Cred. BM 3443-HO),2003
F283012,FASE ORGANIZATIVA Y PREPARATORIA DEL PROYECTO,GLB,F28,"Gradas, pasamanos y asta de bandera",F283,0,FHIS Manual de Rendimientos 2003-11 (Cred. BM 3443-HO),2003
F283013,FASE OPERACION Y MANTENIMIENTO MODULO III,GLB,F28,"Gradas, pasamanos y asta de bandera",F283,0,FHIS Manual de Rendimientos 2003-11 (Cred. BM 3443-HO),2003
F283015,FASE DE EJECUCION/PROGRAMA CONTRATACION MUJER,DIA,F28,"Gradas, pasamanos y asta de bandera",F283,0,FHIS Manual de Rendimientos 2003-11 (Cred. BM 3443-HO),2003
F283016,ROTULO METALICO FABRICADO EN FHIS(INHABILITADO),UNID,F28,"Gradas, pasamanos y asta de bandera",F283,0,FHIS Manual de Rendimientos 2003-11 (Cred. BM 3443-HO),2003
F283017,LOGOTIPO FHIS,UND,F28,"Gradas, pasamanos y asta de bandera",F283,0,FHIS Manual de Rendimientos 2003-11 (Cred. BM 3443-HO),2003
F283018,COSTO DEL TERRENO,GLB,F28,"Gradas, pasamanos y asta de bandera",F283,0,FHIS Manual de Rendimientos 2003-11 (Cred. BM 3443-HO),2003
F283019,VIGILANCIA Y CONTROL DE MATERIALES,DIA,F28,"Gradas, pasamanos y asta de bandera",F283,0,FHIS Manual de Rendimientos 2003-11 (Cred. BM 3443-HO),2003
F283020,REPARACION,GLB,F28,"Gradas, pasamanos y asta de bandera",F283,0,FHIS Manual de Rendimientos 2003-11 (Cred. BM 3443-HO),2003
F283021,ACTIVIDADES ADICIONALES APORTE COMUNITARIO,GLB,F28,"Gradas, pasamanos y asta de bandera",F283,0,FHIS Manual de Rendimientos 2003-11 (Cred. BM 3443-HO),2003
F283022,ACTIVIDADES ADICIONALES APORTE MUNICIPAL,GLB,F28,"Gradas, pasamanos y asta de bandera",F283,0,FHIS Manual de Rendimientos 2003-11 (Cred. BM 3443-HO),2003
F283023,VIGILANCIA Y CONTROL DE MATERIALES,GLB,F28,"Gradas, pasamanos y asta de bandera",F283,0,FHIS Manual de Rendimientos 2003-11 (Cred. BM 3443-HO),2003
F283024,MANO DE OBRA COMUNITARIA,GLB,F28,"Gradas, pasamanos y asta de bandera",F283,0,FHIS Manual de Rendimientos 2003-11 (Cred. BM 3443-HO),2003
F283025,MANO DE OBRA MUNICIPAL,GLB,F28,"Gradas, pasamanos y asta de bandera",F283,0,FHIS Manual de Rendimientos 2003-11 (Cred. BM 3443-HO),2003
F283026,IMPLEMENTOS DE TRABAJO,UND,F28,"Gradas, pasamanos y asta de bandera",F283,0,FHIS Manual de Rendimientos 2003-11 (Cred. BM 3443-HO),2003
F283027,IMPLEMENTOS DE TRABAJO P/ DRAGADOS Y CANALIZACION,UND,F28,"Gradas, pasamanos y asta de bandera",F283,0,FHIS Manual de Rendimientos 2003-11 (Cred. BM 3443-HO),2003
F283028,PLACA EN CERAMICA 21X34.95cm (100 SACOS),UND,F28,"Gradas, pasamanos y asta de bandera",F283,0,FHIS Manual de Rendimientos 2003-11 (Cred. BM 3443-HO),2003
F283029,CERAMICA EN DITEL DE PUERTAS CON MENSAJES 15X130cm,UND,F28,"Gradas, pasamanos y asta de bandera",F283,0,FHIS Manual de Rendimientos 2003-11 (Cred. BM 3443-HO),2003
F283030,ADMINISTRACION DELEGADA,GLB,F28,"Gradas, pasamanos y asta de bandera",F283,0,FHIS Manual de Rendimientos 2003-11 (Cred. BM 3443-HO),2003
F283040,APORTE COMUNITARIO,GLB,F28,"Gradas, pasamanos y asta de bandera",F283,0,FHIS Manual de Rendimientos 2003-11 (Cred. BM 3443-HO),2003
F283041,APORTE MUNICIPAL,GLB,F28,"Gradas, pasamanos y asta de bandera",F283,0,FHIS Manual de Rendimientos 2003-11 (Cred. BM 3443-HO),2003
F283042,FONDO DE MANTENIMIENTO MUNICIPAL,GLB,F28,"Gradas, pasamanos y asta de bandera",F283,0,FHIS Manual de Rendimientos 2003-11 (Cred. BM 3443-HO),2003
F283043,MEJORAMIENTO DE VIVIENDAS,GLB,F28,"Gradas, pasamanos y asta de bandera",F283,0,FHIS Manual de Rendimientos 2003-11 (Cred. BM 3443-HO),2003
F283044,COMPONENTE PRODUCTIVO,GLB,F28,"Gradas, pasamanos y asta de bandera",F283,0,FHIS Manual de Rendimientos 2003-11 (Cred. BM 3443-HO),2003
F283045,ROTULO FHIS EN PARED SIN REPELLAR (1.50X1.20m),UND,F28,"Gradas, pasamanos y asta de bandera",F283,0,FHIS Manual de Rendimientos 2003-11 (Cred. BM 3443-HO),2003
F283046,FOTOCOPIAS DE EXPEDIENTE,UND,F28,"Gradas, pasamanos y asta de bandera",F283,0,FHIS Manual de Rendimientos 2003-11 (Cred. BM 3443-HO),2003
F283047,FOTOCOPIAS DE PLANOS ESPECIALES,UND,F28,"Gradas, pasamanos y asta de bandera",F283,0,FHIS Manual de Rendimientos 2003-11 (Cred. BM 3443-HO),2003
F283048,AVISO DE LICITACION,UND,F28,"Gradas, pasamanos y asta de bandera",F283,0,FHIS Manual de Rendimientos 2003-11 (Cred. BM 3443-HO),2003
F283049,"PLACA DE ALUMINIO 18""X24""",UND,F28,"Gradas, pasamanos y asta de bandera",F283,0,FHIS Manual de Rendimientos 2003-11 (Cred. BM 3443-HO),2003
F283050,ROTULO FHIS PINTADO SOBRE PARED REP. 1.50X1.20m,UND,F28,"Gradas, pasamanos y asta de bandera",F283,0,FHIS Manual de Rendimientos 2003-11 (Cred. BM 3443-HO),2003
F283051,BASE PARA ANTENA PARABOLICA (INHABILITADA),UND,F28,"Gradas, pasamanos y asta de bandera",F283,1,FHIS Manual de Rendimientos 2003-11 (Cred. BM 3443-HO),2003
F283052,BASE TRAPEZOIDAL ANTENA PARABOLICA(INHABILITADA),UND,F28,"Gradas, pasamanos y asta de bandera",F283,1,FHIS Manual de Rendimientos 2003-11 (Cred. BM 3443-HO),2003
F283053,"BASE PARA ANTENA PARABOLICA TUBO DE 3""",UND,F28,"Gradas, pasamanos y asta de bandera",F283,0,FHIS Manual de Rendimientos 2003-11 (Cred. BM 3443-HO),2003
F283054,"BASE TRAPEZOIDAL PARA ANTENA PARABOLICA,TUBO DE 3""",UND,F28,"Gradas, pasamanos y asta de bandera",F283,0,FHIS Manual de Rendimientos 2003-11 (Cred. BM 3443-HO),2003
F283055,ROTULO METALICO 2.44X1.22m (SUM/INST),UND,F28,"Gradas, pasamanos y asta de bandera",F283,0,FHIS Manual de Rendimientos 2003-11 (Cred. BM 3443-HO),2003
F301001,"BASE DE CONC. 2.00 X 3.00 X 1.10 m, ANCLAJE PUENTE",UNIDA,F30,Puentes colgantes peatonales,F301,0,FHIS Manual de Rendimientos 2003-11 (Cred. BM 3443-HO),2003
F301002,"BASE DE CONC. 2.00 X 3.00 X 1.20 m, ANCLAJE PUENTE",UNIDA,F30,Puentes colgantes peatonales,F301,0,FHIS Manual de Rendimientos 2003-11 (Cred. BM 3443-HO),2003
F301003,"BASE DE CONC. 2.00 X 3.00 X 1.35 m, ANCLAJE PUENTE",UNIDA,F30,Puentes colgantes peatonales,F301,0,FHIS Manual de Rendimientos 2003-11 (Cred. BM 3443-HO),2003
F301004,"BASE DE CONC. 2.00 X 3.00 X 1.50 m, ANCLAJE PUENTE",UNIDA,F30,Puentes colgantes peatonales,F301,0,FHIS Manual de Rendimientos 2003-11 (Cred. BM 3443-HO),2003
F301005,"BASE DE CONC. 2.00 X 3.00 X 1.70 m, ANCLAJE PUENTE",UNIDA,F30,Puentes colgantes peatonales,F301,0,FHIS Manual de Rendimientos 2003-11 (Cred. BM 3443-HO),2003
F301006,"BASE DE CONC. 2.00 X 3.00 X 1.90 m, ANCLAJE PUENTE",UNIDA,F30,Puentes colgantes peatonales,F301,0,FHIS Manual de Rendimientos 2003-11 (Cred. BM 3443-HO),2003
F301007,"BASE DE CONC. 2.00 X 3.00 X 2.10 m, ANCLAJE PUENTE",UNIDA,F30,Puentes colgantes peatonales,F301,0,FHIS Manual de Rendimientos 2003-11 (Cred. BM 3443-HO),2003
F301008,"BASE DE CONC. 2.00 X 3.00 X 2.30 m, ANCLAJE PUENTE",UNIDA,F30,Puentes colgantes peatonales,F301,0,FHIS Manual de Rendimientos 2003-11 (Cred. BM 3443-HO),2003
F301009,BASE PARA ANCLAJE DE TORRE PUENTE COLGANTE,UNIDA,F30,Puentes colgantes peatonales,F301,0,FHIS Manual de Rendimientos 2003-11 (Cred. BM 3443-HO),2003
F302001,"TORRE PARA PUENTE H=3.00 TUBO 6"" HG Y 8"" HG",UNIDA,F30,Puentes colgantes peatonales,F302,0,FHIS Manual de Rendimientos 2003-11 (Cred. BM 3443-HO),2003
F302002,"TORRE PARA PUENTE H=4.00, TUBO HG 6"" Y HG 8""",UNID,F30,Puentes colgantes peatonales,F302,0,FHIS Manual de Rendimientos 2003-11 (Cred. BM 3443-HO),2003
F302003,"TORRE PARA PUENTE H=5.00, TUBO HG 6"" Y HG 8""",UNID,F30,Puentes colgantes peatonales,F302,0,FHIS Manual de Rendimientos 2003-11 (Cred. BM 3443-HO),2003
F302004,"TORRE PARA PUENTE H=6.00, TUBO HG 6"" Y HG 8""",UNID,F30,Puentes colgantes peatonales,F302,0,FHIS Manual de Rendimientos 2003-11 (Cred. BM 3443-HO),2003
F302005,"TORRE PARA PUENTE H=7.00, TUBO HG 8""",UNID,F30,Puentes colgantes peatonales,F302,0,FHIS Manual de Rendimientos 2003-11 (Cred. BM 3443-HO),2003
F302006,"TORRE PARA PUENTE H=8.00, TUBO HG 8""",UNID,F30,Puentes colgantes peatonales,F302,0,FHIS Manual de Rendimientos 2003-11 (Cred. BM 3443-HO),2003
F302007,"TORRE PARA PUENTE H=9.00, TUBO HG 8""",UNID,F30,Puentes colgantes peatonales,F302,0,FHIS Manual de Rendimientos 2003-11 (Cred. BM 3443-HO),2003
F302008,"TORRE PARA PUENTE H=10.00, TUBO HG 8""",UNID,F30,Puentes colgantes peatonales,F302,0,FHIS Manual de Rendimientos 2003-11 (Cred. BM 3443-HO),2003
F303001,"CABLE PARA PENDOLAS DE 1/2""",ML,F30,Puentes colgantes peatonales,F303,0,FHIS Manual de Rendimientos 2003-11 (Cred. BM 3443-HO),2003
F303002,"CABLE PRINCIPAL DE 1""",ML,F30,Puentes colgantes peatonales,F303,0,FHIS Manual de Rendimientos 2003-11 (Cred. BM 3443-HO),2003
F303003,CABLE PRINCIPAL 1 1/8,M.L.,F30,Puentes colgantes peatonales,F303,0,FHIS Manual de Rendimientos 2003-11 (Cred. BM 3443-HO),2003
F303004,CABLE PRINCIPAL 1 1/2,M.L.,F30,Puentes colgantes peatonales,F303,0,FHIS Manual de Rendimientos 2003-11 (Cred. BM 3443-HO),2003
F303005,"CABLE PARA PENDOLA (1/4"")",ML,F30,Puentes colgantes peatonales,F303,0,FHIS Manual de Rendimientos 2003-11 (Cred. BM 3443-HO),2003
F303006,"CABLE PRINCIPAL DE 3/4""",ML,F30,Puentes colgantes peatonales,F303,0,FHIS Manual de Rendimientos 2003-11 (Cred. BM 3443-HO),2003
F303007,"CABLE PRINCIPAL DE 7/8""",ML,F30,Puentes colgantes peatonales,F303,0,FHIS Manual de Rendimientos 2003-11 (Cred. BM 3443-HO),2003
F303008,"CABLE PRINCIPAL DE 2-7/8""",ML,F30,Puentes colgantes peatonales,F303,0,FHIS Manual de Rendimientos 2003-11 (Cred. BM 3443-HO),2003
F304001,CALZADA PUENTE COLGANTE,ML,F30,Puentes colgantes peatonales,F304,0,FHIS Manual de Rendimientos 2003-11 (Cred. BM 3443-HO),2003
F304002,"TRAVIESAS DE 3"" (INHABILITADA)",ML,F30,Puentes colgantes peatonales,F304,1,FHIS Manual de Rendimientos 2003-11 (Cred. BM 3443-HO),2003
F304003,"TRAVIESAS DE 3""",ML,F30,Puentes colgantes peatonales,F304,0,FHIS Manual de Rendimientos 2003-11 (Cred. BM 3443-HO),2003
F305001,BARANDAL PUENTE COLGANTE(INHABILITADA),ML,F30,Puentes colgantes peatonales,F305,1,FHIS Manual de Rendimientos 2003-11 (Cred. BM 3443-HO),2003
F305002,BARANDAL PUENTE COLGANTE,ML,F30,Puentes colgantes peatonales,F305,0,FHIS Manual de Rendimientos 2003-11 (Cred. BM 3443-HO),2003
F306001,MORDAZAS PARA CABLE PRINCIPAL Y PÉNDOLAS,UNID,F30,Puentes colgantes peatonales,F306,0,FHIS Manual de Rendimientos 2003-11 (Cred. BM 3443-HO),2003
F306002,MORDAZAS DE ½”,UNID,F30,Puentes colgantes peatonales,F306,0,FHIS Manual de Rendimientos 2003-11 (Cred. BM 3443-HO),2003
F306003,SUJETADORES DE CABLE EN TORRE,UNID,F30,Puentes colgantes peatonales,F306,0,FHIS Manual de Rendimientos 2003-11 (Cred. BM 3443-HO),2003
F306004,"TUBO DE 8"" EN ANCLAJE PUENTE COLGANTE",UNID,F30,Puentes colgantes peatonales,F306,0,FHIS Manual de Rendimientos 2003-11 (Cred. BM 3443-HO),2003
F306005,"GRAPA PARA CABLE DE 1/4""",UND,F30,Puentes colgantes peatonales,F306,0,FHIS Manual de Rendimientos 2003-11 (Cred. BM 3443-HO),2003
F306006,"TENSOR DE 1/2""",UND,F30,Puentes colgantes peatonales,F306,0,FHIS Manual de Rendimientos 2003-11 (Cred. BM 3443-HO),2003
F306007,ARTICULACION TORRE DE PUENTE COLGANTE(INHABILITADA,UNID,F30,Puentes colgantes peatonales,F306,1,FHIS Manual de Rendimientos 2003-11 (Cred. BM 3443-HO),2003
F306008,ARTICULACION EN TORRE DE PUENTE COLGANTE,UND,F30,Puentes colgantes peatonales,F306,0,FHIS Manual de Rendimientos 2003-11 (Cred. BM 3443-HO),2003
F501001,ARMARIO ESCOLAR,UNID,F50,Mobiliario escolar,F501,0,FHIS Manual de Rendimientos 2003-11 (Cred. BM 3443-HO),2003
F501002,ARMARIO METALICO (INSTITUTO),UNID,F50,Mobiliario escolar,F501,0,FHIS Manual de Rendimientos 2003-11 (Cred. BM 3443-HO),2003
F502001,CATEDRA-MESA (INHABILITADA),UNID,F50,Mobiliario escolar,F502,1,FHIS Manual de Rendimientos 2003-11 (Cred. BM 3443-HO),2003
F502002,SILLA-CATEDRA (INHABILITADA),UNID,F50,Mobiliario escolar,F502,1,FHIS Manual de Rendimientos 2003-11 (Cred. BM 3443-HO),2003
F502003,CATEDRA – MESA (INHABILITADA),UNID,F50,Mobiliario escolar,F502,1,FHIS Manual de Rendimientos 2003-11 (Cred. BM 3443-HO),2003
F502004,SILLA-CATEDRA (INHABILITADA),UNID,F50,Mobiliario escolar,F502,1,FHIS Manual de Rendimientos 2003-11 (Cred. BM 3443-HO),2003
F502005,CATEDRA – MESA,UND,F50,Mobiliario escolar,F502,0,FHIS Manual de Rendimientos 2003-11 (Cred. BM 3443-HO),2003
F502006,SILLA – CATEDRA,UND,F50,Mobiliario escolar,F502,0,FHIS Manual de Rendimientos 2003-11 (Cred. BM 3443-HO),2003
F503002,MESA TRI-PERSONAL 0-3 GRADO (INHABILITADA),UNID,F50,Mobiliario escolar,F503,1,FHIS Manual de Rendimientos 2003-11 (Cred. BM 3443-HO),2003
F503003,MESA BI-PERSONAL 4-6 GRADO (INHABILITADA),UNID,F50,Mobiliario escolar,F503,1,FHIS Manual de Rendimientos 2003-11 (Cred. BM 3443-HO),2003
F503004,MESA UNI-PERSONAL 7-9 GRADO(INHABILITADA),UNID,F50,Mobiliario escolar,F503,1,FHIS Manual de Rendimientos 2003-11 (Cred. BM 3443-HO),2003
F503005,MESA PARA LABORATORIO-TALLER (INHABILITADA),UNID,F50,Mobiliario escolar,F503,1,FHIS Manual de Rendimientos 2003-11 (Cred. BM 3443-HO),2003
F503006,MESA PARA COMPUTADORA (3) AULAS ESPECIALES.,UNIDA,F50,Mobiliario escolar,F503,0,FHIS Manual de Rendimientos 2003-11 (Cred. BM 3443-HO),2003
F503007,"MESA PARA IMPRESORA, AULAS ESPECIALES",UNID,F50,Mobiliario escolar,F503,0,FHIS Manual de Rendimientos 2003-11 (Cred. BM 3443-HO),2003
F503008,"MESA PARA COMPUTADORA (3), AULAS ESPECIALES",UNID,F50,Mobiliario escolar,F503,0,FHIS Manual de Rendimientos 2003-11 (Cred. BM 3443-HO),2003
F503011,MESA UNIPERSONAL (4 – 6) GRADO(BIENES NACIONALES),UND,F50,Mobiliario escolar,F503,0,FHIS Manual de Rendimientos 2003-11 (Cred. BM 3443-HO),2003
F503012,MESA UNIPERSONAL (4 – 6)GRADO (PRRAC),UND,F50,Mobiliario escolar,F503,0,FHIS Manual de Rendimientos 2003-11 (Cred. BM 3443-HO),2003
F503013,MESA TRI-PERSONAL 0-3 GRADO (INHABILITADA),UND,F50,Mobiliario escolar,F503,1,FHIS Manual de Rendimientos 2003-11 (Cred. BM 3443-HO),2003
F503014,MESA BI-PERSONAL 4-6 GRADO (INHABILITADA),Unid,F50,Mobiliario escolar,F503,1,FHIS Manual de Rendimientos 2003-11 (Cred. BM 3443-HO),2003
F503015,MESA PARA LABORATORIO-TALLER,UND,F50,Mobiliario escolar,F503,0,FHIS Manual de Rendimientos 2003-11 (Cred. BM 3443-HO),2003
F503016,MESA UNI-PERSONAL 7-9 GRADO(INHABILITADA),UND,F50,Mobiliario escolar,F503,1,FHIS Manual de Rendimientos 2003-11 (Cred. BM 3443-HO),2003
F503017,MESA TRI – PERSONAL 0 – 3 GRADO,UND,F50,Mobiliario escolar,F503,0,FHIS Manual de Rendimientos 2003-11 (Cred. BM 3443-HO),2003
F503018,MESA BI – PERSONAL 4 – 6 GRADOS,UND,F50,Mobiliario escolar,F503,0,FHIS Manual de Rendimientos 2003-11 (Cred. BM 3443-HO),2003
F503019,MESA UNIPERSONAL 7-9 GRADO,UND,F50,Mobiliario escolar,F503,0,FHIS Manual de Rendimientos 2003-11 (Cred. BM 3443-HO),2003
F503020,MESA BIPERSONAL PARA COMPUTADORAS,UND,F50,Mobiliario escolar,F503,0,FHIS Manual de Rendimientos 2003-11 (Cred. BM 3443-HO),2003
F503021,MESA TRIPERSONAL PARA KINDER,UND.,F50,Mobiliario escolar,F503,0,FHIS Manual de Rendimientos 2003-11 (Cred. BM 3443-HO),2003
F504001,LIBRERO EMPOTRADO ESCUELA PRIMARIA,UNID,F50,Mobiliario escolar,F504,0,FHIS Manual de Rendimientos 2003-11 (Cred. BM 3443-HO),2003
F504002,LIBRERO EMPOTRADO KINDER,UNID,F50,Mobiliario escolar,F504,0,FHIS Manual de Rendimientos 2003-11 (Cred. BM 3443-HO),2003
F504003,LIBRERO EMPOTRADO PROHECO,UNID,F50,Mobiliario escolar,F504,0,FHIS Manual de Rendimientos 2003-11 (Cred. BM 3443-HO),2003
F504004,LIBRERO METALICO INSTITUTO(INHABILITADA),UND,F50,Mobiliario escolar,F504,1,FHIS Manual de Rendimientos 2003-11 (Cred. BM 3443-HO),2003
F504005,ESTANTE DE CONCRETO AULAS CEB,UND,F50,Mobiliario escolar,F504,0,FHIS Manual de Rendimientos 2003-11 (Cred. BM 3443-HO),2003
F504006,LIBRERO DE MADERA EMPOTRADO DE 1.20X3.15CON PUERTA,UND,F50,Mobiliario escolar,F504,0,FHIS Manual de Rendimientos 2003-11 (Cred. BM 3443-HO),2003
F504007,"LIBRERO EMPOTRADO DE MADERA,1.20X3.19m,C/PUERTAS",UND,F50,Mobiliario escolar,F504,0,FHIS Manual de Rendimientos 2003-11 (Cred. BM 3443-HO),2003
F504008,LIBRERO METALICO,UND,F50,Mobiliario escolar,F504,0,FHIS Manual de Rendimientos 2003-11 (Cred. BM 3443-HO),2003
F505001,PUPITRE UNI-PERSONAL METALICO (INHABILITADA),UNID,F50,Mobiliario escolar,F505,1,FHIS Manual de Rendimientos 2003-11 (Cred. BM 3443-HO),2003
F505002,PUPITRE UNI-PERSONAL METALICO(INHABILITADA),UNID,F50,Mobiliario escolar,F505,1,FHIS Manual de Rendimientos 2003-11 (Cred. BM 3443-HO),2003
F505003,PUPITRE UNIPERSONAL METALICO(INHABILITADA),UND,F50,Mobiliario escolar,F505,1,FHIS Manual de Rendimientos 2003-11 (Cred. BM 3443-HO),2003
F505004,PUPITRE UNIPERSONAL METALICO,UND,F50,Mobiliario escolar,F505,0,FHIS Manual de Rendimientos 2003-11 (Cred. BM 3443-HO),2003
F505005,PUPITRE UNIPERSONAL PARA KINDER,UND,F50,Mobiliario escolar,F505,0,FHIS Manual de Rendimientos 2003-11 (Cred. BM 3443-HO),2003
F506001,SILLA METALICA 0-3 GRADO (INHABILITADA),UNID,F50,Mobiliario escolar,F506,1,FHIS Manual de Rendimientos 2003-11 (Cred. BM 3443-HO),2003
F506002,SILLA METALICA 4-6 GRADO (INHABILITADA),UNID,F50,Mobiliario escolar,F506,1,FHIS Manual de Rendimientos 2003-11 (Cred. BM 3443-HO),2003
F506003,SILLA METALICA 7-9 GRADO,UNID,F50,Mobiliario escolar,F506,0,FHIS Manual de Rendimientos 2003-11 (Cred. BM 3443-HO),2003
F506004,BANCO PARA LABORATORIO-TALLER (INHABILITADA),UNID,F50,Mobiliario escolar,F506,1,FHIS Manual de Rendimientos 2003-11 (Cred. BM 3443-HO),2003
F506005,SILLA PARA MESA DE COMPUTADORA,UND,F50,Mobiliario escolar,F506,0,FHIS Manual de Rendimientos 2003-11 (Cred. BM 3443-HO),2003
F506006,BANCO PARA LABORATORIO-TALLER (INHABILITADA),UND,F50,Mobiliario escolar,F506,1,FHIS Manual de Rendimientos 2003-11 (Cred. BM 3443-HO),2003
F506007,SILLA METALICA 0-3 GRADO (INHABILITADA),UNID,F50,Mobiliario escolar,F506,1,FHIS Manual de Rendimientos 2003-11 (Cred. BM 3443-HO),2003
F506008,SILLA METALICA 4-6 GRADO,UNID,F50,Mobiliario escolar,F506,0,FHIS Manual de Rendimientos 2003-11 (Cred. BM 3443-HO),2003
F506010,BANCO PARA LABORATORIO-TALLER,UNID.,F50,Mobiliario escolar,F506,0,FHIS Manual de Rendimientos 2003-11 (Cred. BM 3443-HO),2003
F506011,SILLA METALICA 0 – 3 GRADO,UND,F50,Mobiliario escolar,F506,0,FHIS Manual de Rendimientos 2003-11 (Cred. BM 3443-HO),2003
F506012,SILLA METALICA 4 – 6 GRADO,UND,F50,Mobiliario escolar,F506,0,FHIS Manual de Rendimientos 2003-11 (Cred. BM 3443-HO),2003
F506013,SILLA PARA KINDER,UND,F50,Mobiliario escolar,F506,0,FHIS Manual de Rendimientos 2003-11 (Cred. BM 3443-HO),2003
F507001,TRANSPORTE MOBILIARIO CAMION 60 CARGAS(INHABILITAD,UNID,F50,Mobiliario escolar,F507,0,FHIS Manual de Rendimientos 2003-11 (Cred. BM 3443-HO),2003
F507002,TRANSPORTE MOBILIARIO CAMION 100 CARGAS(INHABILITA,UNID,F50,Mobiliario escolar,F507,0,FHIS Manual de Rendimientos 2003-11 (Cred. BM 3443-HO),2003
F507003,TRANSPORTE DE MOB. ESCOLAR EN RASTRA(INHABILITADA,UNID,F50,Mobiliario escolar,F507,1,FHIS Manual de Rendimientos 2003-11 (Cred. BM 3443-HO),2003
F507004,TRANSPORTE DE CASETA PARA LETRINA / PICK UP,UND,F50,Mobiliario escolar,F507,0,FHIS Manual de Rendimientos 2003-11 (Cred. BM 3443-HO),2003
F507005,TRANSPORTE DE MAQUINARIA (LOW-BOY),VIAJE,F50,Mobiliario escolar,F507,0,FHIS Manual de Rendimientos 2003-11 (Cred. BM 3443-HO),2003
F507006,TRANSPORTE,DIA,F50,Mobiliario escolar,F507,0,FHIS Manual de Rendimientos 2003-11 (Cred. BM 3443-HO),2003
F507007,TRANSPORTE CAMION DE 60 CARGAS,VIAJE,F50,Mobiliario escolar,F507,0,FHIS Manual de Rendimientos 2003-11 (Cred. BM 3443-HO),2003
F507008,TRANSPORTE CAMION DE 100 CARGAS,VIAJE,F50,Mobiliario escolar,F507,0,FHIS Manual de Rendimientos 2003-11 (Cred. BM 3443-HO),2003
F507009,TRANSPORTE PICK UP,VIAJE,F50,Mobiliario escolar,F507,0,FHIS Manual de Rendimientos 2003-11 (Cred. BM 3443-HO),2003
F507010,TRANSPORTE CAMION DE 30 CARGAS,VIAJE,F50,Mobiliario escolar,F507,0,FHIS Manual de Rendimientos 2003-11 (Cred. BM 3443-HO),2003
F510101,MATERIAL DIDACTICO,X PER,F51,Material didactico y alimentacion (programa social),F510,0,FHIS Manual de Rendimientos 2003-11 (Cred. BM 3443-HO),2003
F510102,VIATICOS POR DIA,DIA,F51,Material didactico y alimentacion (programa social),F510,0,FHIS Manual de Rendimientos 2003-11 (Cred. BM 3443-HO),2003
F510103,REFRIGERIO,UND,F51,Material didactico y alimentacion (programa social),F510,0,FHIS Manual de Rendimientos 2003-11 (Cred. BM 3443-HO),2003
F510104,VIATICOS DE COORDINADORES,DIA,F51,Material didactico y alimentacion (programa social),F510,0,FHIS Manual de Rendimientos 2003-11 (Cred. BM 3443-HO),2003
F510105,VIATICOS DE SUPERVISOR,DIA,F51,Material didactico y alimentacion (programa social),F510,0,FHIS Manual de Rendimientos 2003-11 (Cred. BM 3443-HO),2003
F510106,FACILITADOR,DIA,F51,Material didactico y alimentacion (programa social),F510,0,FHIS Manual de Rendimientos 2003-11 (Cred. BM 3443-HO),2003
F510107,ALIMENTACION,UND,F51,Material didactico y alimentacion (programa social),F510,0,FHIS Manual de Rendimientos 2003-11 (Cred. BM 3443-HO),2003
F510108,REPRODUCCION DE MANUAL LIDERES,UND,F51,Material didactico y alimentacion (programa social),F510,0,FHIS Manual de Rendimientos 2003-11 (Cred. BM 3443-HO),2003
F510109,REPRODUCCION DE MANUAL ALCALDE,UND,F51,Material didactico y alimentacion (programa social),F510,0,FHIS Manual de Rendimientos 2003-11 (Cred. BM 3443-HO),2003
F510110,MATERIAL DIDACTICO TALLER DE GOBERNABILIDAD,UND,F51,Material didactico y alimentacion (programa social),F510,0,FHIS Manual de Rendimientos 2003-11 (Cred. BM 3443-HO),2003
F510111,MATERIAL DIDACTICO ASAMBLEAS COMUNITARIAS,UND,F51,Material didactico y alimentacion (programa social),F510,0,FHIS Manual de Rendimientos 2003-11 (Cred. BM 3443-HO),2003
F510112,MATERIAL DIDACTICO ASAMBLEAS DE UNIDAD TERRITORIAL,UND,F51,Material didactico y alimentacion (programa social),F510,0,FHIS Manual de Rendimientos 2003-11 (Cred. BM 3443-HO),2003
F510113,MATERIAL DIDACTICA TALLER DE PEDM,UND,F51,Material didactico y alimentacion (programa social),F510,0,FHIS Manual de Rendimientos 2003-11 (Cred. BM 3443-HO),2003
F520113,PRUEBA DE DENSIDAD,UND,F52,"Ensayos de suelos (Proctor, densidad)",F520,0,FHIS Manual de Rendimientos 2003-11 (Cred. BM 3443-HO),2003
F520114,ANALISIS DE SUELOS PROCTOR,UND,F52,"Ensayos de suelos (Proctor, densidad)",F520,0,FHIS Manual de Rendimientos 2003-11 (Cred. BM 3443-HO),2003
F530001,EXCAVADORA (ALQUILER),HR,F53,Alquiler de maquinaria (excavadora),F530,0,FHIS Manual de Rendimientos 2003-11 (Cred. BM 3443-HO),2003
F530002,TRACTOR DE ORUGA (ALQUILER),HR,F53,Alquiler de maquinaria (excavadora),F530,0,FHIS Manual de Rendimientos 2003-11 (Cred. BM 3443-HO),2003
F530003,RETROEXCAVADORA (ALQUILER),HR,F53,Alquiler de maquinaria (excavadora),F530,0,FHIS Manual de Rendimientos 2003-11 (Cred. BM 3443-HO),2003
F540001,SUBE Y BAJA METALICO DE ANGULO Y CANALETAS,UND,F54,Juegos infantiles y mobiliario de sitio,F540,0,FHIS Manual de Rendimientos 2003-11 (Cred. BM 3443-HO),2003
F540002,"COLUMPIO DE TUBO DE HG 2"", 5X2.10m, 4 ASIENTOS",UND,F54,Juegos infantiles y mobiliario de sitio,F540,0,FHIS Manual de Rendimientos 2003-11 (Cred. BM 3443-HO),2003
F540003,"PASAMANOS TUBO HG 2"" (JUEGO INFANTIL)",UND,F54,Juegos infantiles y mobiliario de sitio,F540,0,FHIS Manual de Rendimientos 2003-11 (Cred. BM 3443-HO),2003
F540004,BASURERO DE CANASTA METALICA,UND,F54,Juegos infantiles y mobiliario de sitio,F540,0,FHIS Manual de Rendimientos 2003-11 (Cred. BM 3443-HO),2003
F540005,"VIGA JOIST DE CANALETA DE 4"",VAR 1/2 “,a=0.45cm",ML,F54,Juegos infantiles y mobiliario de sitio,F540,0,FHIS Manual de Rendimientos 2003-11 (Cred. BM 3443-HO),2003
F540006,"VIGA METALICA DE TUBO ESTRUCTURAL 4""X4"",L= 11.20m",UND,F54,Juegos infantiles y mobiliario de sitio,F540,0,FHIS Manual de Rendimientos 2003-11 (Cred. BM 3443-HO),2003
F540007,"VIGA METALICA I, CANALETA DOBLE, L=11.60m,h=0.768m",UND,F54,Juegos infantiles y mobiliario de sitio,F540,0,FHIS Manual de Rendimientos 2003-11 (Cred. BM 3443-HO),2003
F540008,"JOIST DE ANGULOS, PERALTE=35cm,a=33cm",ML,F54,Juegos infantiles y mobiliario de sitio,F540,0,FHIS Manual de Rendimientos 2003-11 (Cred. BM 3443-HO),2003
F540009,"JOIST DE ANGULOS, PERALTE=30cm, a=31cm",ML,F54,Juegos infantiles y mobiliario de sitio,F540,0,FHIS Manual de Rendimientos 2003-11 (Cred. BM 3443-HO),2003
F550001,"FAROL DE POSTE DE CONCRETO H=87""(SUM/INST)",UND,F55,"Mobiliario urbano (bancas, faroles)",F550,0,FHIS Manual de Rendimientos 2003-11 (Cred. BM 3443-HO),2003
F550002,"MESA RECTANGULAR LOBULADA L=57"",CONCRETO(SUM/INST)",UND,F55,"Mobiliario urbano (bancas, faroles)",F550,0,FHIS Manual de Rendimientos 2003-11 (Cred. BM 3443-HO),2003
F550003,"MESA RECTANGULAR RUSTICA L=43"",CONCRETO(SUM/INST)",UND,F55,"Mobiliario urbano (bancas, faroles)",F550,0,FHIS Manual de Rendimientos 2003-11 (Cred. BM 3443-HO),2003
F550004,"BANCA RECTANGULAR L=43"",CONCRETO(SUM/INST)",UND,F55,"Mobiliario urbano (bancas, faroles)",F550,0,FHIS Manual de Rendimientos 2003-11 (Cred. BM 3443-HO),2003
F550005,"MESA REDONDA RUSTICA D=41 1/2"",CONCRETO(SUM/INST)",UND,F55,"Mobiliario urbano (bancas, faroles)",F550,0,FHIS Manual de Rendimientos 2003-11 (Cred. BM 3443-HO),2003
F550006,"BANCA RECTANGULAR RUSTICA L=57"",CONCRETO(SUM/INST)",UND,F55,"Mobiliario urbano (bancas, faroles)",F550,0,FHIS Manual de Rendimientos 2003-11 (Cred. BM 3443-HO),2003
F550007,"BANCA CURVA RUSTICA L=51 1/2"", DE CONCRETO(SUM/IN",UND,F55,"Mobiliario urbano (bancas, faroles)",F550,0,FHIS Manual de Rendimientos 2003-11 (Cred. BM 3443-HO),2003
